region,lat,lon,node_id
AVA,46.39089999998146,-116.98016526474366,10TH_STW_1_2LNODE
BPAT,45.70954,-122.49644866,119TH_BP_LNODEXF1
NV,39.484637,-118.90360866,26FTDROP_GNODEIT
CA,35.294502,-118.85400366,2C559EQ2_7_N001
BPAT,45.61327499998214,-121.20712500150557,2NDST_BP_LNODELD1
BPAT,45.61327499998214,-121.20725299849444,2NDST_BP_LNODELD2
AVA,47.652754123545215,-117.401466,3RD_HTCH_1_1LNODE
AVA,47.652672938206386,-117.40133041753451,3RD_HTCH_1_2LNODE
AVA,47.652672938206386,-117.40146958246557,3RD_HTCH_1_3LNODE
NWMT,45.756631,-108.70030765999999,72ND_ST_LNODEOAD
BPAT,46.1212,-122.932466,7AVEN_BP_LNODEFMR
AVA,47.648799999980504,-117.32173304692347,9TH_CENT_1_13_1LNODE
AVA,47.648799999980504,-117.3218669530766,9TH_CENT_1_13_2LNODE
APS,33.618315,-111.92773666,AA_LNODE10A
APS,33.61831499995315,-111.92762810848367,AA_LNODE12A
APS,33.618225153907645,-111.92762810859618,AA_LNODE13A
APS,33.61816162320244,-111.92770439936275,AA_LNODE14A
APS,33.6181464300399,-111.9278107368834,AA_LNODER1A
APS,33.618177548355625,-111.92791195025296,AA_LNODER2A
APS,33.618243074772124,-111.92798576672737,AA_LNODER4A
APS,33.61832798707176,-111.92802102780108,AA_LNODER6A
SRP,33.0502189999886,-111.3418635910636,ABBSLR_U1GNODE
SRP,33.0502189999886,-111.34197040893643,ABBSLR_U2GNODE
PGE,45.36482999998227,-122.59793626294005,ABRN_LNODEWR1
PGE,45.36482999998227,-122.59806373705996,ABRN_LNODEWR2
NWMT,45.49951599998221,-109.44792013141783,ABSAROKE_LNODEOAD
NWMT,45.49951599998221,-109.4480478685822,ABSAROKE_LNODEREA
BPAT,45.63543,-121.94534466,ACTON_LNODE115
APS,34.5042909999878,-110.33386313034377,ACX_GNODESWMPCC
APS,34.5042909999878,-110.3339728696563,ACX_LNODEUXL
BPAT,44.703637,-123.21757266,ADAIR_1_G01GNODE
BPAT,44.05688382,-123.106135966,ADAMS_BP_LNODEXF1
CA,37.632663,-121.78572866,ADCC_2_N001
AVA,48.358,-117.8566,ADDY_AVA_7_AVA_ADDYLNODE
NWMT,47.018281,-111.58742566,ADEL_NW_LNODEOAD
NV,40.8534344367499,-115.79932843553128,ADOBE_LNODE01
NV,40.853253563126806,-115.7993284358577,ADOBE_LNODE02
NV,40.853253563126806,-115.79956756414232,ADOBE_LNODE03
NV,40.8534344367499,-115.79956756446873,ADOBE_LNODE08
APS,33.708874,-112.13446466,AD_LNODE10A
APS,33.70887399995289,-112.13435589863752,AD_LNODE12A
APS,33.70879612171551,-112.13440994936776,AD_LNODE18A
APS,33.70879612171551,-112.13451805063225,AD_LNODE20A
APS,33.70887399995289,-112.1345721013625,AD_LNODE21A
APS,33.70895187826092,-112.13451805073026,AD_LNODE22A
APS,33.70895187826092,-112.13440994926975,AD_LNODER9A
CA,37.74,-121.4866,AEC300_1_N001
IPCO,42.7779727879236,-112.87615366,AFPR_GNODE011
IPCO,42.777892106020666,-112.87608953648845,AFPR_GNODE012
IPCO,42.777892106020666,-112.87621646351158,AFPR_GNODE013
IPCO,42.823467,-112.73824166,AFSR_GNODEFSR
PNM,32.11432399998879,-106.84841683416694,AFTON_3_AFTONCTGNODE
PNM,32.11432399998879,-106.84852316583307,AFTON_3_AFTONSTGNODE
IPCO,42.775149,-112.87331766,AFTS_LNODE131
SRP,33.55711076412233,-112.21867012355176,AF_2_UNIT4GNODE
SRP,33.557032999953336,-112.21861624720047,AF_2_UNIT5GNODE
SRP,33.55695523585435,-112.21867012364872,AF_2_UNIT6GNODE
SRP,32.90388,-111.78947866,AF_2_UNIT7GNODE
SRP,32.90387999995474,-111.78937135595778,AF_2_UNIT8GNODE
SRP,33.55695523585435,-112.21877787635137,AF_6_UNIT1GNODE
SRP,33.557032999953336,-112.2188317527996,AF_6_UNIT2GNODE
SRP,33.55711076412233,-112.21877787644837,AF_6_UNIT3GNODE
CA,37.51,-121.8466,AGNEW_1_N003
SRP,33.55424776208332,-112.21605612674993,AGUAF_SR_LNODELD1
SRP,33.55416999995331,-112.21600225359681,AGUAF_SR_LNODELD2
SRP,33.55409223789332,-112.21605612684692,AGUAF_SR_LNODELD3
SRP,33.55409223789332,-112.21616387315309,AGUAF_SR_LNODELD4
SRP,33.55416999995331,-112.2162177464032,AGUAF_SR_LNODELD5
SRP,33.55424776208332,-112.21616387325008,AGUAF_SR_LNODELD6
CA,34.042605,-117.36270766,AGUAMNSA_7_B1
APS,33.94437799998814,-113.17928367346995,AG_LNODER1A
APS,33.94437799998814,-113.17939232653006,AG_LNODER3A
BPAT,46.507503999981374,-116.30667852060786,AHSAH_BP_1_DCHGNODE
BPAT,46.507503999981374,-116.30680947939214,AHSAH_BP_LNODEHKA
SRP,33.32749599998847,-111.98952736340105,AHWAT_SR_LNODELD1
SRP,33.32749599998847,-111.98963463659896,AHWAT_SR_LNODELD2
SRP,33.32328477742069,-111.91179766,AIRPA_SR_LNODELD1
NV,39.49604,-119.78950966,AIRPORT_LNODE06
NV,39.49603999994234,-119.78939291928168,AIRPORT_LNODE42
NV,39.49595042410344,-119.78939291943126,AIRPORT_LNODE65
NV,39.49588708447307,-119.78947500081956,AIRPORT_LNODE66
NV,39.49587193699876,-119.78958940953916,AIRPORT_LNODE67
NV,39.49590296170395,-119.78969830519064,AIRPORT_LNODE69
NV,39.495968291023885,-119.78977772451519,AIRPORT_LNODE82
NV,39.49605294793704,-119.7898156620453,AIRPORT_LNODE83
CA,36.65,-119.5466,AIRPROD_1_N001
AVA,47.651499999980565,-117.6044330450416,AIRWYHGT_1_1LNODE
AVA,47.651499999980565,-117.60456695495841,AIRWYHGT_1_2LNODE
PSE,46.9525,-122.91638966,AIR_LNODEXF2
LADWP,33.96205409081493,-118.37666,AIR_SUB_LNODENAA
LADWP,33.961972954579615,-118.37594352117388,AIR_SUB_LNODENAB
LADWP,33.961972954579615,-118.37605647882611,AIR_SUB_LNODEONC
BPAT,43.30749999998336,-120.99433810303167,AKL_1_CONNLEY_G02GNODE
SRP,33.39340967189258,-111.91968059703136,ALAMEDA_LNODELD1
SRP,33.39323032801483,-111.91968059725292,ALAMEDA_LNODELD2
SRP,33.39323032801483,-111.9198954027471,ALAMEDA_LNODELD3
SRP,33.39340967189258,-111.91989540296872,ALAMEDA_LNODELD4
CA,33.771584,-118.10059666,ALAMITOS_2_N001
CA,33.77,-118.166,ALAMITOS_2_N040
PNM,32.863658,-105.99913766,ALAMOGCP_1_ALAMOPVGNODE
PNM,32.975434,-105.97468866,ALAMOGCP_1_OTEROPVGNODE
CA,38.575917,-121.49784666,ALAMOSC_7_N001
CA,33.771583999952796,-118.10048775137713,ALAMT1G_7_B1
CA,33.77149401717401,-118.10048775149086,ALAMT1G_7_N002
CA,33.77143038978412,-118.10056429476927,ALAMT2G_7_B1
CA,33.771415173499584,-118.10067098425148,ALAMT2G_7_N002
CA,33.765977986588545,-118.10366366,ALAMT3G_7_B1
CA,33.77144633917227,-118.10077253262284,ALAMT3G_7_N002
CA,33.76589700669301,-118.10360675930583,ALAMT4G_7_B1
CA,33.771511965310076,-118.10084659342048,ALAMT4G_7_N002
CA,33.76589700669301,-118.10371924069416,ALAMT5G_7_B1
CA,33.771597006833865,-118.10088197120557,ALAMT5G_7_N002
CA,33.771686855225234,-118.10087605729072,ALAMT6G_7_B1
CA,33.77176916262267,-118.10083231072663,ALAMT6G_7_N002
BPAT,44.621483,-123.12719166,ALBANY_LNODESBM
BPAT,48.18079984950271,-116.99771466,ALBENI_F_1_GAF1GNODE
BPAT,48.18071907522741,-116.99764405967974,ALBENI_F_1_GAF2GNODE
BPAT,48.18071907522741,-116.99778394032026,ALBENI_F_1_GAF3GNODE
NWMT,47.006045,-114.48563266,ALBERTON_LNODEOAD
TPWR,46.801469999980995,-122.31035400873337,ALDER_7_G11GNODE
TPWR,46.801469999980995,-122.31048599126666,ALDER_7_G12GNODE
BPAT,44.150144,-123.36707466,ALDRD_BP_LNODE5KV
PGE,45.5161199999822,-122.63174111354496,ALDR_LNODEWR1
PGE,45.5161199999822,-122.6318688864551,ALDR_LNODEWR2
TPWR,47.270018304026124,-122.39106337373525,ALEX_FDR1LNODE
TPWR,47.26993999992279,-122.39099674766761,ALEX_FDR2LNODE
TPWR,47.269861695935305,-122.39106337393238,ALEX_FDR3LNODE
TPWR,47.269861695935305,-122.39119662606761,ALEX_FDR4LNODE
TPWR,47.26993999992279,-122.3912632523324,ALEX_FDR5LNODE
TPWR,47.270018304026124,-122.39119662626477,ALEX_FDR6LNODE
BPAT,46.301181969654756,-120.21845266,ALFAL_BP_1_YDPGNODE
BPAT,46.30110101515265,-120.21838434734137,ALFAL_BP_LNODEDR1
BPAT,46.30110101515265,-120.21851965265877,ALFAL_BP_LNODEDR2
PSE,48.613056,-122.33694466,ALG_LNODEXF1
CA,37.99408499998608,-122.13031167024367,ALHAMBRA_1_N001
CA,37.99408499998608,-122.13042632975633,ALHAMBRA_1_N002
SRP,33.548412,-112.10882166,ALHAM_SR_LNODELD1
SRP,33.54841199995336,-112.10871326643608,ALHAM_SR_LNODELD2
SRP,33.54832221278299,-112.10882166,ALHAM_SR_LNODELD3
NV,37.823878999986164,-117.3373367630396,ALKALIN_LNODE08
NV,37.823878999986164,-117.33745123696046,ALKALIN_LNODE09
NWMT,45.85801099998198,-108.59089466418726,ALKALI_C_LNODELD1
NWMT,45.85801099998198,-108.59102333581279,ALKALI_C_LNODELD2
CA,39.464893000000004,-120.84494666,ALLEGHNY_6_N001
NV,36.275718729907695,-115.18591866,ALLEN_LNODE-1
NV,36.27563813503229,-115.18586028153885,ALLEN_LNODE-2
NV,36.27563813503229,-115.18597571846118,ALLEN_LNODE-3
PNM,32.565392,-107.46673766,ALLN_1_ALLN SOLARGNODE
BPAT,46.107472999981745,-123.03237825151285,ALLST_BP_LNODEISS
BPAT,46.107472999981745,-123.03250774848716,ALLST_BP_LNODETSS
CA,37.26027,-121.89008266,ALMADEN_6_N001
IPCO,42.878393999983686,-112.45002178696127,ALMA_LNODE131
IPCO,42.878393999983686,-112.45014421303874,ALMA_LNODE132
CA,37.788781,-122.28941866,ALMDACT1_7_B1
CA,38.72860599998584,-121.30288146337324,ALMDACT2_7_B1
TIDC,37.57411162276853,-120.9851161024466,ALMOND1_6_UNIT1GNODE
TIDC,37.574111622713666,-120.98500201361122,ALMOND2_1_UNIT2GNODE
TIDC,37.57402119992752,-120.9851161024466,ALMOND2_1_UNIT3GNODE
TIDC,37.574111622713666,-120.98523019126887,ALMOND2_1_UNIT4GNODE
TIDC,37.574202045609525,-120.9851161024466,ALMOND_LNODEAUX
CA,35.96341,-119.45679666,ALPAUGH_1_N001
PSE,47.27888899998066,-122.24521136434164,ALPDIST_LNODEXF1
PSE,47.27888899998066,-122.24534463565837,ALPDIST_LNODEXF2
CA,32.82778299998866,-116.78987271391081,ALPINE_6_N001
CA,32.82778299998866,-116.78997928608919,ALPINE_6_N005
PSE,48.471581,-122.55118466,ALQ_LNODEXF1
CA,34.86020621378198,-116.85318766,ALTA1G_7_B1
CA,34.859848,-116.86323966,ALTA2G_7_B1
CA,34.87,-116.8466,ALTA30ST_7_B1
CA,34.87,-116.8866,ALTA31GT_7_B1
CA,34.87,-116.8666,ALTA40ST_7_B1
CA,34.87,-116.8566,ALTA41GT_7_B1
CA,35.034468999987546,-118.28400189198646,ALTA6B2_7_N003
CA,35.034468999987546,-118.28411210801356,ALTA6E2_7_N002
CA,35.038348999987576,-118.29271189112849,ALTAD1_7_N006
CA,35.038348999987576,-118.29282210887156,ALTAD2_7_N006
SRP,33.54841199995336,-112.10892873356391,ALTAVSTA_LNODELD2
SRP,33.548501787217006,-112.10882166,ALTAVSTA_LNODELD3
NV,36.16685253162196,-115.19193609765058,ALTA_LNODE-3
NV,36.1666734682757,-115.19193609790393,ALTA_LNODE-4
NV,36.1666734682757,-115.19215790209607,ALTA_LNODE-5
NV,36.16685253162196,-115.19215790234942,ALTA_LNODE-6
CA,38.728606,-122.28941866,ALTMMDW_2_N001
CA,37.89825299998615,-122.52430271885964,ALTO_6_N001
CA,37.89825299998615,-122.52441728114037,ALTO_6_N101
BPAT,41.51205899998436,-120.5236838478691,ALTTA_BP_LNODEPRT
BPAT,41.51205899998436,-120.5238041521309,ALTTA_BP_LNODETON
BPAT,43.99796699998286,-123.01539314122667,ALVEY_BP_LNODEBUS
BPAT,43.99796699998286,-123.01551885877346,ALVEY_BP_LNODESER
APS,33.348757999988464,-112.8326023428582,AL_LNODER1A
APS,33.348757999988464,-112.83270965714182,AL_LNODER3A
CA,38.43,-121.7966,AMERIGAS_1_N001
SRP,33.36007763979444,-111.81994633179212,AMERI_SR_LNODELD1
SRP,33.35999999995379,-111.81989266368002,AMERI_SR_LNODELD2
CA,37.41751022008469,-122.06619266,AMESBS_1_N004
CA,37.41742888994297,-122.06613287861067,AMESBS_1_N101
CA,37.41742888994297,-122.06625112138934,AMESDST_1_N001
PSE,47.648889,-121.97222266,AME_LNODEXF1
CA,38.369191999986,-120.79657754861614,AMFORST_6_N001
SRP,33.218202,-111.5279766,AMOS_LNODELD2
CA,36.269444,-119.64833366,AMSTGSW_6_N004
NWMT,45.743765,-111.3003766,AMSTRDAM_LNODEOAD
PGE,45.113019999982384,-123.23791245083008,AMTY_LNODEBR1
PGE,45.113019999982384,-123.23803954916994,AMTY_LNODEBR2
NWMT,46.13366499998172,-112.94802020520667,ANACOND_LNODEK3H
NWMT,46.13366499998172,-112.94814979479332,ANACOND_LNODEK4H
BPAT,46.099664,-112.87583866,ANACO_BP_LNODE303
CA,33.853163,-117.85799566,ANAHEIMG_7_B1
NV,38.32398,-117.33571866,ANAMOLY_LNODE34
PSE,48.510556,-122.61138966,ANA_LNODEXF1
CA,40.449838,-122.30506866,ANDERSON_6_N001
SRP,33.411875999988425,-111.85850427966164,ANDER_SR_LNODELD2
SRP,33.411875999988425,-111.85861172033836,ANDER_SR_LNODELD3
NV,36.24091399998714,-115.08521049007837,ANDREWS_LNODE-1
NV,36.24091399998714,-115.08532150992177,ANDREWS_LNODE-2
CA,35.992007,-119.5713766,ANGIOLA_6_N001
BPAT,46.211167921431034,-119.1716466,ANGUS_LNODEMR3
BPAT,46.21108703926462,-119.17157251865157,ANGUS_LNODEUD1
BPAT,46.21108703926462,-119.17170748134842,ANGUS_LNODEUD2
CA,39.811047,-121.91976166,ANITA_6_N001
CA,38.680315,-123.31178266,ANNAPOLS_6_N001
PSE,48.438056,-122.37166766,ANP_LNODE502
IPCO,43.356998,-115.45255566,ANRN_GNODE115
CA,35.658117,-119.99601566,ANTELOPE_6_N001
NV,35.982083729740424,-115.08422466,ANTHEM_LNODE-1
NV,35.98200313511603,-115.08416649724509,ANTHEM_LNODE-2
NV,35.98200313511603,-115.08428150275492,ANTHEM_LNODE-3
NWMT,47.543185,-115.59345866,ANTIMONY_LNODEOAD
CA,40.893581,-122.37924466,ANTLER_6_N001
BPAT,44.908372,-120.71653866,ANTLO_BP_LNODE69
APS,34.62990325932837,-112.44041166,AN_LNODE18A
APS,34.62982187032252,-112.44035389300866,AN_LNODE22A
APS,34.62982187032252,-112.44046810699136,AN_LNODE26A
SRP,33.41378199998842,-111.68500727770441,APACHE_LNODELD1
SRP,33.41378199998842,-111.68511472229558,APACHE_LNODELD2
LADWP,36.415999999948305,-114.96102734595058,APEX_LNODEPEX1A
LADWP,36.41608960320988,-114.96091666,APEX_LNODEPEX1B
CA,38.73992576174639,-120.67700091995809,APPLEHL_1_N001
CA,38.73974623814083,-120.67700092024738,APPLEHL_1_N002
CA,38.73974623814083,-120.67723107975263,APPLEHL_1_N004
AVA,47.70419999998051,-116.79603300915231,APPLEWAY_1_1LNODE
AVA,47.70419999998051,-116.7961669908477,APPLEWAY_1_2LNODE
CA,37.359999999986435,-121.97994317305394,APPMAT_1_N001
CA,37.359999999986435,-121.98005682694608,APPMAT_1_N010
PSE,47.153611,-122.27361166,APR_LNODE110
CA,39.480833,-121.56222266,APTORVC_6_N002
NV,36.359161,-114.91117466,APX SOLR_GNODEIT
APS,33.683704999988215,-112.03579497869823,AQ_LNODEVX3
APS,33.683704999988215,-112.03590302130176,AQ_LNODEX11
CA,39.017625,-122.06157566,ARBUCKLE_6_N001
CA,35.12178,-118.38897466,ARBWIND_6_N001
SRP,33.48393371387868,-111.93968120389253,ARCAD_SR_LNODELD2
SRP,33.483855999953555,-111.93962740788167,ARCAD_SR_LNODELD3
CA,40.867132,-124.08828666,ARCATA_6_N001
CA,33.821111,-118.24166766,ARCO1G_7_B1
PSE,48.88694399997989,-122.72659889582597,ARCPSE_LNODEXF8
PSE,48.88694399997989,-122.72673510417404,ARCPSE_LNODEXF9
APS,32.807647999988724,-111.53170072239044,ARC_LNODER2A
APS,32.807647999988724,-111.53180727760957,ARC_LNODER4A
NV,36.00803799998727,-115.21270565351396,ARDENN_LNODE-4
NV,36.00803799998727,-115.21281634648605,ARDENN_LNODE-5
AVA,48.4584,-117.881766,ARDEN_1_ARDENLNODE
IPCO,43.593889,-115.92363166,ARHP_GNODERHP
SRP,33.49,-111.9566,ARIZO_SR_LNODELD2
SRP,33.489999999953525,-111.94989239463266,ARIZO_SR_LNODELD3
PGE,45.113019999982384,-122.60728245083007,ARLT_LNODEBR2
PGE,45.113019999982384,-122.60740954916993,ARLT_LNODEBR3
NWMT,45.861615,-106.65641466,ARMEL_CK_LNODEOAD
NWMT,47.347451,-110.89296866,ARMINGTN_LNODEOAD
AVA,46.76548688172083,-117.22331037310947,ARMSTRNG_1_XF1LNODE
PGE,45.847824,-122.82067966,ARMS_LNODEONG
PSE,48.888108999979906,-122.72870989393759,ARN_LNODEXF3
PSE,48.888108999979906,-122.72884610606242,ARN_LNODEXF4
PNM,35.643336,-105.20849766,ARRIBAT_1_LASVEGASPVGNODE
PNM,35.64111799998742,-105.18087479471204,ARRIBA_1_SANMIGUEL1PVGNODE
PNM,35.64111799998742,-105.18098520528798,ARRIBA_1_SANMIGUEL2PVGNODE
NWMT,47.424861,-110.15666,ARROW_CR_LNODEOAD
PNM,34.65067831389528,-104.01434503683613,ARROYO_1_ARROYOBATTERYGNODE
PNM,34.65059999995065,-104.01429007377617,ARROYO_1_ARROYOSOLARGNODE
PSE,48.88472199997991,-122.72882089942254,ARS_LNODEXF5
PSE,48.88472199997991,-122.72895710057746,ARS_LNODEXF6
NV,36.17454971935886,-115.11516766,ARTESIAN_LNODE-2
NV,36.17446914030672,-115.11510936746707,ARTESIAN_LNODE-3
NV,36.17446914030672,-115.11522463253294,ARTESIAN_LNODE-4
IPCO,42.431919,-114.22921566,ARTN_LNODE125
CA,35.15044599998752,-118.87870286987292,ARVINED_1_N001
CA,35.15044599998752,-118.8788131301271,ARVIN_6_N001
APS,32.668036,-114.49606766,AR_LNODE10A
APS,32.668035999954824,-114.49596054012623,AR_LNODE12A
APS,32.66794638079682,-114.49606766,AR_LNODER1A
APS,32.668035999954824,-114.49617345987377,AR_LNODER2A
APS,32.66812561920335,-114.49606766,AR_LNODER4A
SRP,33.00169253049087,-110.77390624502696,ASARCO_LNODELD0
SRP,33.00151346941833,-110.77390624524365,ASARCO_LNODELD1
SRP,33.00151346941833,-110.77411975475637,ASARCO_LNODELD2
SRP,33.00169253049087,-110.77411975497304,ASARCO_LNODELD3
PSE,47.447222,-122.28055666,ASB_LNODEXF1
BPAT,46.479542,-119.33597766,ASHE_5_G01GNODE
BPAT,46.479541999925374,-119.33584614360434,ASHE_BP_LNODESSS
BPAT,46.479451890515,-119.33597766,ASHE_BP_LNODEUX1
BPAT,46.479541999925374,-119.33610785639567,ASHE_BP_LNODEUX2
BPAT,46.479632109485,-119.33597766,ASHE_BP_LNODEUX3
CA,36.79263892472445,-119.8274966,ASHLAN_2_N001
CA,36.7925580376235,-119.82743168375806,ASHLAN_2_N007
CA,36.7925580376235,-119.82754831624194,ASHLAN_2_N008
CA,33.1365697302963,-117.07029266,ASH_6_N001
CA,33.13648913483958,-117.07023643106477,ASH_6_N005
CA,33.13648913483958,-117.07034756893529,ASH_6_N101
NWMT,46.543053,-111.92308166,ASH_GROV_LNODEOAD
NWMT,45.97249268032939,-112.68637296412632,ASIMI_LNODELD1
NWMT,45.97231331952543,-112.68637296454426,ASIMI_LNODELD2
NWMT,45.97231331952543,-112.68663103545579,ASIMI_LNODELD3
NWMT,45.97249268032939,-112.68663103587367,ASIMI_LNODELD4
NWMT,45.803107,-108.44602866,ASPENAIR_LNODEOAD
BPAT,45.61061,-122.49208366,AST_LNODEXF1
TEPC,31.99722020373175,-110.96828424228009,AS_7_AVAL_SOLAR_IGNODE
TEPC,31.997142119955956,-110.96823108465071,AS_7_AVAL_SOLAR_IIGNODE
APS,35.219803999987505,-112.48270985937617,AS_LNODER2A
APS,35.219803999987505,-112.48282014062384,AS_LNODER6A
CA,35.465309,-120.67158266,ATASCDRO_6_N001
AVA,47.9517813097738,-116.69933689079333,ATHOL_1_KOOTENAILNODE
AVA,47.9517813097738,-116.69947118569888,ATHOL_1_NLIGHTSLNODE
TPWR,47.23113,-122.4534966,ATLAS_BKLNODE
CA,37.35999599998639,-120.61464817305847,ATWATER_1_B2
CA,37.35999599998639,-120.61476182694166,ATWATER_1_N001
CA,35.895076,-119.51096866,ATWELL_1_N001
LADWP,34.1096541600031,-118.25466,ATW_SUB_LNODEONB
LADWP,34.10957291998536,-118.2539433504496,ATW_SUB_LNODEONC
LADWP,34.10957291998536,-118.25405664955042,ATW_SUB_LNODEOND
APS,33.591145,-111.83904566,AT_LNODE11A
APS,33.59114499995326,-111.83893717038747,AT_LNODE13A
APS,33.591067211165246,-111.83899108524231,AT_LNODE16A
APS,33.591067211165246,-111.83909891475768,AT_LNODE17A
APS,33.59114499995326,-111.83915282961267,AT_LNODER3A
APS,33.59122278881141,-111.83909891485493,AT_LNODER4A
APS,33.59122278881141,-111.83899108514508,AT_LNODER7A
CA,37.06806099998665,-119.49571952753666,AUBERRY_6_N001
CA,37.06806099998665,-119.49583247246466,AUBERRY_6_N003
CA,38.903397,-121.06992166,AUBURN_6_N001
NWMT,47.581295,-112.3284666,AUGUSTA_LNODEOAD
TIDC,37.4182520696912,-120.83125269048666,AUGUST_LNODEDR1
TIDC,37.4182452743243,-120.83113141037266,AUGUST_LNODEDR3
TIDC,37.4182458785436,-120.83098978693766,AUGUST_LNODEDR4
TIDC,37.4182557186304,-120.83136360461965,AUGUST_LNODEDR5
SRP,33.303198999988474,-111.91057538638817,AUSTIN_LNODELD2
SRP,33.303198999988474,-111.91068261361184,AUSTIN_LNODELD3
CA,35.977778,-120.11694466,AVENAL_6_GN001
CA,35.978055999987326,-120.11688867006626,AVENAL_6_GN002
CA,35.978055999987326,-120.11699932993379,AVENAL_6_GN003
CA,37.842208,-121.05412266,AVENA_1_N001
NV,36.0859379999873,-115.28239060577775,AVERA_LNODE-1
NV,36.0859379999873,-115.28250139422225,AVERA_LNODE-2
CA,33.38466699998843,-117.23692330729693,AVOCADO_6_N001
CA,33.38466699998843,-117.23703069270307,AVOCADO_6_N002
AVA,47.7831,-116.787566,AVONDALE_1_1LNODE
PSE,47.706944,-122.09138966,AVO_LNODEXF1
CA,34.789501,-118.43138166,AVSOLAR_7_N008
NV,36.111609,-115.02179266,AWT_LNODE-1
APS,33.66769,-112.22744766,AW_LNODE10A
APS,33.667689999953026,-112.22733899463277,AW_LNODE12A
APS,33.66761215358006,-112.22739299736527,AW_LNODE13A
APS,33.66761215358006,-112.22750100263475,AW_LNODER2A
APS,33.667689999953026,-112.22755500536722,AW_LNODER4A
APS,33.66776784639652,-112.22750100273248,AW_LNODER5A
APS,33.66776784639652,-112.22739299726751,AW_LNODER9A
BPAT,45.8032,-122.527566,AXFOR_BP_LNODEFMR
TEPC,32.401147,-111.12630666,AY_7_AVRA_VALLEYGNODE
APS,33.595912,-112.15322866,AY_LNODE13A
APS,33.59591199995322,-112.1531201595699,AY_LNODER1A
APS,33.59582217315744,-112.15322866,AY_LNODER2A
APS,33.59591199995322,-112.15333584043016,AY_LNODER4A
APS,33.596001826842574,-112.15322866,AY_LNODER6A
APS,32.825248999988695,-113.45471071500127,AZ_LNODE10A
APS,32.825248999988695,-113.45481728499874,AZ_LNODE12A
CA,35.496111,-119.00888966,BADGERCK_7_N001
IPCO,43.560926,-116.12132566,BADM_GNODEADM
CA,36.224444,-121.12472266,BAFCOG12_7_B1
CA,36.33,-121.1666,BAFOOD1_6_N001
CA,38.08095331088854,-122.13739126700075,BAHIA_2_N001
CA,38.08077268899996,-122.13739126728417,BAHIA_2_N011
CA,34.77604,-118.7750466,BAILYJ1_1_N010
CA,37.496937,-122.21415766,BAIR_1_N001
CA,35.284771,-116.06425666,BAKER_1_N001
BPAT,46.15045389006966,-122.917466,BAKRC_BP_LNODEKER
BPAT,46.150373054945376,-122.91733263233192,BAKRS_BP_LNODEXF1
BPAT,46.150373054945376,-122.91746736766817,BAKRS_BP_LNODEXF2
PSE,48.788611,-122.46472266,BAK_LNODEXF2
NV,36.038482722577456,-114.95951866,BALBOA_LNODE-1
NV,36.03840213869751,-114.95946046376211,BALBOA_LNODE-2
NV,36.03840213869751,-114.95957553623789,BALBOA_LNODE-3
CA,36.71984988713081,-119.76693766,BALCH1_7_B2
CA,37.92596,-121.67854666,BALFOUR_6_N001
PSE,47.268056,-121.75694466,BAL_LNODEXF1
NWMT,45.177256,-113.01571266,BANACK_R_LNODEOAD
BPAT,43.106645999983456,-124.39670943036043,BANDON_LNODEACW
BPAT,43.106645999983456,-124.39683256963957,BANDON_LNODEITY
CA,39.388064,-121.40293766,BANGOR_6_N001
BPAT,47.711182094987265,-122.69355466,BANGO_BP_LNODE2KV
BPAT,47.71110095248528,-122.69348437631494,BANGO_BP_LNODEUB2
BPAT,47.71110095248528,-122.69362362368507,BANGO_BP_LNODEUB6
BANC,37.70469,-121.041866,BANGS_LNODEKGC
CA,33.922289,-116.8728366,BANNING_1_N001
CA,37.7528989999862,-121.35057581075783,BANTA_6_N001
NWMT,46.315191,-109.38407966,BARBERNW_LNODEOAD
SRP,33.535586,-112.15714666,BARCELON_LNODELD2
SRP,33.535594,-112.15718866,BARCELON_LNODELD3
NV,40.974748,-116.35159766,BARCKML_LNODE53
NWMT,46.038126,-112.48337966,BARGE_PM_LNODEOAD
AVA,47.6863,-117.151166,BARKERRD_1_1LNODE
CA,33.807265,-117.9844566,BARPKGEN_7_B1
NWMT,45.145006,-112.72427866,BARRETTS_LNODEOAD
CA,32.667194,-116.70020866,BARRETT_6_N001
NWMT,45.181065,-112.74406866,BARRET_R_LNODEOAD
CA,33.80918301670945,-117.98332966293657,BARRE_2_N043
CA,33.80900298319592,-117.98332966316445,BARRE_6_N001
CA,33.80900298319592,-117.98354633683554,BARRE_6_N002
CA,33.80918301670945,-117.98354633706357,BARRE_6_N003
CA,39.069323,-121.69020866,BARRY_6_N001
SRP,33.381519,-111.99623566,BARTL_SR_LNODELD2
CA,36.76408490976673,-119.73593566,BARTON_1_N001
CA,36.76400404510246,-119.73587672164825,BARTON_1_N007
CA,36.76400404510246,-119.73599327835174,BARTON_1_N008
PSE,47.00115,-122.91559666,BAR_LNODEXF1
CA,38.26328599998595,-122.26916657483298,BASALT_6_N002
CA,38.26328599998595,-122.26928142516702,BASALT_6_N101
NWMT,45.78497,-108.71555566,BASELIN_LNODREA
SRP,33.365527999988444,-111.69139932638322,BASEL_SR_LNODELD3
SRP,33.365527999988444,-111.6915066736168,BASEL_SR_LNODELD4
NWMT,46.271628,-112.25114466,BASIN_LNODEOAD
PGE,45.55409999998218,-122.69713607126546,BASN_LNODEOT1
PGE,45.55409999998218,-122.69726392873454,BASN_LNODEOT2
SRP,33.48127699998833,-111.70935020671456,BASSH_SR_LNODELD1
SRP,33.48127699998833,-111.7094577932855,BASSH_SR_LNODELD2
PSE,47.420332215699936,-122.25583366,BAS_LNODEFC1
PSE,47.420250892129076,-122.25576360733083,BAS_LNODEFC2
PSE,47.420250892129076,-122.25590239266917,BAS_LNODEXF1
CA,38.385820999985995,-121.77570654480985,BATAVIA_6_N001
CA,33.1011727252775,-117.25039966,BATIQTOS_1_N001
CA,33.101092137348985,-117.25034345864425,BATIQTOS_1_N008
CA,33.101092137348985,-117.25045454135578,BATIQTOS_1_N015
NV,40.648296291906746,-116.94497742372097,BATLEMT_LNODE11
NV,40.64821799993877,-116.94491784758159,BATLEMT_LNODE12
NV,40.648139708062644,-116.94497742386069,BATLEMT_LNODE21
NV,40.648139708062644,-116.94509657613932,BATLEMT_LNODE26
NV,40.64821799993877,-116.94515615241842,BATLEMT_LNODE55
NV,40.648296291906746,-116.94509657627917,BATLEMT_LNODE67
BPAT,45.7944,-122.599766,BATLG_BP_LNODEGRD
BPAT,46.412909,-119.19647166,BAXTER_LNODEEND
CA,37.55162541726735,-122.29307795256244,BAYMDWS_1_N001
CA,37.551444582623034,-122.29307795283914,BAYMDWS_1_N004
CA,37.551444582623034,-122.29330604716085,BAYMDWS_1_N008
CA,37.55162541726735,-122.29330604743758,BAYMDWS_1_N012
CA,37.74603599998622,-122.40302381566526,BAYSHOR1_1_N001
CA,37.74603599998622,-122.40313818433472,BAYSHOR2_1_N001
CA,35.360177,-120.81156466,BAYWOOD_6_N001
NV,40.98212,-116.39928466,BAZZA_LNODE66
IPCO,42.500507,-113.91776366,BBWF_GNODEBWF
APS,33.059968999988634,-111.31844658443097,BB_LNODE10A
APS,33.059968999988634,-111.31855341556904,BB_LNODE14A
BCHA,49,-120.18366,BCHA_5_PWXAPR-APND
BCHA,49,-120.18866,BCHA_5_PWXNPR1-APND
BCHA,49,-120.18766,BCHA_5_PWXNPR2-APND
BCHA,49,-120.18566,BCHA_5_PWXNPR4-APND
BCHA,49,-120.18466,BCHA_5_PWXNPR5-APND
BCHA,49,-120.18266,BCHA_5_PWXNPR6-APND
BCHA,49,-120.18166,BCHA_5_PWXNPR7-APND
BCHA,49,-120.1866,BCHA_5_PWXNPR8-APND
PSE,48.907011,-122.71909466,BCH_LNODEXF1
LADWP,35.2565,-118.02751966,BCN_PP_GNODE13
LADWP,35.25649999994998,-118.02740870870198,BCN_PP_GNODE14
LADWP,35.256409938714704,-118.02740870882452,BCN_PP_GNODE25
LADWP,35.256346255850296,-118.02748669648798,BCN_PP_GNODE26
LADWP,35.256331026297495,-118.02759539921193,BCN_PP_GNODE37
LADWP,35.256362219137785,-118.02769886381517,BCN_PP_GNODE38
LADWP,35.25642790248788,-118.02777432216055,BCN_PP_GNODE4A
LADWP,35.25651301815539,-118.02781036754716,BCN_PP_GNODE4B
LADWP,35.256602944886815,-118.02780434205276,BCN_PP_GNODE51
LADWP,35.256685324053805,-118.02775976999177,BCN_PP_GNODE52
LADWP,35.25675085970186,-118.02768411899217,BCN_PP_GNODEB
LADWP,35.25679349735428,-118.02758697059738,BCN_PP_GNODEC
LADWP,35.25681023213946,-118.02747859965977,BCN_PP_LNODESS1
LADWP,35.25680070871138,-118.02736892630814,BCN_PP_LNODESS2
CA,37.20211413832903,-119.24084466,BCRK1-2_1_N003
CA,37.20203293082091,-119.24078513663535,BCRK1-2_1_N004
CA,37.12999999998655,-119.49994344852297,BCRK4_7_B1
CA,37.12999999998655,-119.50005655147717,BCRK4_7_B3
IPCO,43.606101,-116.29896166,BCRT_LNODE131
IPCO,43.444244,-116.33338166,BCSR_GNODECSR
PGE,45.648783723153414,-120.610766,BCW1_2_GNODE1
PGE,45.64870313840384,-120.61063344505827,BCW1_2_GNODE2
PGE,45.64870313840384,-120.61076655494176,BCW1_2_GNODE3
IPCO,43.0569,-115.480366,BCWF_GNODECWF
APS,34.71884,-110.1352766,BC_LNODER1A
PSE,47.321944,-122.00722266,BDI_LNODEXF1
CA,32.56753899998902,-116.94238779352186,BDLRKSP1_7_B1
CA,32.56753899998902,-116.94249420647814,BDLRKSP2_7_B1
AVA,47.67977810183373,-117.34473302554626,BEACON_7_12F1LNODE
AVA,47.67969999992204,-117.34466605129293,BEACON_7_12F2LNODE
AVA,47.679621898127245,-117.34473302574672,BEACON_7_12F3LNODE
AVA,47.679621898127245,-117.34486697425329,BEACON_7_12F4LNODE
AVA,47.67969999992204,-117.34493394870708,BEACON_7_12F5LNODE
AVA,47.67977810183373,-117.3448669744538,BEACON_7_12F6LNODE
CA,38.198681999986036,-120.01524359323984,BEARDSLY_7_B1
CA,35.38,-119.066,BEARTAP_1_N001
BPAT,45.276305,-123.82376366,BEAVE_BP_LNODESID
AVA,47.70787,-117.0247966,BECK_RD_1_1LNODE
SRP,33.47352983706549,-111.90936966,BEELI_SR_LNODELD1
SRP,33.473449081454746,-111.90931310508729,BEELI_SR_LNODELD2
SRP,33.473449081454746,-111.90942489491273,BEELI_SR_LNODELD3
NWMT,47.53181817646531,-111.28106766,BEGL_SLR_1_BESLGNODE
CA,39.466564,-120.84434866,BELDEN_7_B1
PNM,34.616633,-106.81558766,BELEN_1_LALUZGNODE
BPAT,47.42080821555495,-122.8475366,BELFA_BP_LNODEAC1
BPAT,47.420726892201586,-122.847460606889,BELFA_BP_LNODEAC2
BPAT,47.420726892201586,-122.84759939311101,BELFA_BP_LNODEUD3
NWMT,45.156895,-108.96518466,BELFRY_R_LNODEOAD
NWMT,45.774506999981995,-111.17948978778247,BELGRADE_LNODEK1L
NWMT,45.774506999981995,-111.17961821221759,BELGRADE_LNODEK2H
NWMT,45.789264,-111.20146966,BELGRADW_LNODEK1L
NV,36.11071199998724,-115.17934358914192,BELLAGIO_LNODE-1
NV,36.11071199998724,-115.17945441085807,BELLAGIO_LNODE-2
NV,40.990637,-116.43523966,BELLCRK_LNODE57
BPAT,48.797482,-122.42282966,BELLN_BP_LNODESS
CA,38.947418999985814,-121.09112838228586,BELLPGE_1_N001
CA,38.947418999985814,-121.09124361771427,BELLPGE_1_N005
NWMT,45.78338799998196,-108.57599877503813,BELLROCK_LNODEK1L
NWMT,45.78338799998196,-108.57612722496188,BELLROCK_LNODEK2L
CA,38.379084046922976,-122.71202266,BELLVUE_1_N001
CA,38.37900297652332,-122.71196229244566,BELLVUE_1_N003
CA,38.37900297652332,-122.71208170755565,BELLVUE_1_N005
BPAT,47.75093705012706,-117.37458497842192,BELL_BPA_LNODE234
BPAT,47.75085899992201,-117.37451795704487,BELL_BPA_LNODEISS
BPAT,47.75078094983395,-117.37458497862296,BELL_BPA_LNODELD1
BPAT,47.75078094983395,-117.37471902137706,BELL_BPA_LNODELD2
BPAT,47.75085899992201,-117.37478604295512,BELL_BPA_LNODESS6
BPAT,47.75093705012706,-117.37471902157807,BELL_BPA_LNODETSS
CA,37.52332024549896,-122.26496766,BELMONT_1_N001
CA,37.52323887723573,-122.26490776711239,BELMONT_1_N006
CA,37.52323887723573,-122.26502623288762,BELMONT_1_N008
CA,35.455722,-119.63190366,BELRIDGE_1_N001
NV,36.182309,-115.34428166,BELTWAY_LNODE-4
NWMT,47.388761,-110.9511166,BELT_LNODEOAD
NV,39.47634456827515,-119.76193796187847,BELVIST_LNODE71
NV,39.47616543160948,-119.7619379621773,BELVIST_LNODE82
NV,39.47616543160948,-119.76217003782271,BELVIST_LNODE83
NV,39.47634456827515,-119.76217003812152,BELVIST_LNODE84
PSE,47.317777999980656,-122.31243332421418,BEL_LNODEXF1
PSE,47.317777999980656,-122.31256667578583,BEL_LNODEXF2
PGE,45.45615072329484,-122.59652766,BEL_LPGE_LNODEWR1
PGE,45.45607013833338,-122.5964606726134,BEL_LPGE_LNODEWR2
PGE,45.45607013833338,-122.59659332738667,BEL_LPGE_LNODEWR3
BPAT,46.299542,-119.49430266,BENTC_BP_LNODEPUD
BPAT,46.458018,-119.27308466,BENTO_BP_LNODESS1
NV,40.555376,-116.61707466,BEOWAWE_GNODEIT
CA,37.565013999986284,-122.31923796388804,BERESFRD_6_N001
CA,37.565013999986284,-122.31935203611198,BERESFRD_6_N002
CA,33.021575,-117.09622866,BERNARDO_6_N001
CA,33.021574999954524,-117.09612121988425,BERNARDO_6_N002
CA,33.02148546856512,-117.09622866,BERNARDO_6_N009
CA,33.021574999954524,-117.09633478011578,BERNARDO_6_N013
CA,33.0216645314348,-117.09622866,BERNARDO_6_N014
BPAT,44.055878999982745,-123.16545508304358,BERTL_BP_LNODE2KV
BPAT,44.055878999982745,-123.16558091695644,BERTL_BP_LNODEXF2
CA,37.586478,-120.12508866,BERVLLY_6_N001
BPAT,44.07579073,-123.144951866,BETHE_BP_LNODE2KV
NV,40.964648,-116.37379266,BETZE_LNODE66
APS,33.66054999998823,-112.37879400559508,BE_LNODER1A
APS,33.66054999998823,-112.37890199440494,BE_LNODER3A
NWMT,45.425491,-109.8049766,BFLO_JMP_LNODEOAD
PGE,45.42458299998232,-122.70755520750731,BFRY_LNODEWR1
PGE,45.42458299998232,-122.70768279249269,BFRY_LNODEWR2
APS,33.654434,-112.04120566,BF_LNODE10A
APS,33.654433999953106,-112.04109702534977,BF_LNODE12A
APS,33.654356163728366,-112.04115101272373,BF_LNODE14A
APS,33.654356163728366,-112.0412589872763,BF_LNODER1A
APS,33.654433999953106,-112.04131297465022,BF_LNODER2A
APS,33.65451183624826,-112.04125898737395,BF_LNODER4A
APS,33.65451183624826,-112.04115101262607,BF_LNODER5A
APS,34.56574099998771,-113.17539908830717,BGD_GNODEBAG
APS,34.56574099998771,-113.17550891169283,BGD_LNODER4A
NWMT,45.836103,-109.95741266,BGTIMB_C_LNODEK1L
NWMT,45.85531,-109.649966,BGTMB_WD_1_BGTWGNODE
APS,32.664863,-112.85942566,BG_LNODEMR1
PSE,47.649713,-122.65104566,BHL_LNODEXF1
BPAT,46.0425,-122.867766,BHP_BP_LNODEFMR
PGE,45.353592,-122.61118366,BHRP_LNODEBUS
PSE,48.946389,-122.48861166,BHS_LNODEXF1
NV,35.94025799998732,-115.11861968952854,BICENTEN_LNODE-1
NV,35.94025799998732,-115.11873031047146,BICENTEN_LNODE-2
CA,37.129545,-122.17213266,BIGBASN_6_N001
NV,35.15824099998752,-114.58160686861143,BIGBEND_LNODE-1
NV,35.15824099998752,-114.58171713138857,BIGBEND_LNODE-2
AVA,47.5245,-116.04966,BIGCREEK_1_XFMRSLNODE
CA,37.20203293082091,-119.24090286336468,BIGCRK1_7_N001
BPAT,45.606691,-121.1159966,BIGED_BP_LNODE2SS1
BPAT,45.60669099992859,-121.11586201900239,BIGED_BP_LNODE2SS3
BPAT,45.606601466995116,-121.11586201920666,BIGED_BP_LNODE3SS1
BPAT,45.60653815771604,-121.11595251533579,BIGED_BP_LNODE3SS3
BPAT,45.606523017491654,-121.1160786528551,BIGED_BP_LNODEDR1
BPAT,45.60655402730653,-121.11619871214536,BIGED_BP_LNODEDR3
BPAT,45.60661932529765,-121.11628627334818,BIGED_BP_LNODEDR5
BPAT,45.60670394163914,-121.11632810021858,BIGED_BP_LNODEF2A
BPAT,45.60679334086402,-121.11632110845073,BIGED_BP_LNODEFDR1
BPAT,45.60687523683428,-121.11626938754051,BIGED_BP_LNODEFDR2
BPAT,45.60694038810317,-121.11618160280338,BIGED_BP_LNODELFDR2
BPAT,47.732023,-117.26087966,BIGEL_BP_LNODEINL
CA,40.171215,-121.08512866,BIGMDWS_6_N001
CA,39.311461,-123.78652266,BIGRIVR_6_N001
SRP,33.35376,-111.94244466,BIGSPIN_LNODELD2
SRP,33.35375999995387,-111.94233667593797,BIGSPIN_LNODELD3
NWMT,45.764678,-112.7875466,BIG_HOLE_LNODEOAD
PSE,48.432778,-122.26305666,BIG_LNODEXF1
SRP,33.411861,-111.96906466,BINARY_LNODELD1
CA,36.792525,-120.11411666,BIOLA_6_N001
CA,37.9370142319286,-121.52838966,BIXLER_6_N001
APS,32.49536899998869,-114.71704580567403,BJ_LNODE10A
APS,32.49536899998869,-114.71715219432596,BJ_LNODE12A
IPCO,43.60519499998304,-116.45311663797524,BKAT_LNODE1_L
IPCO,43.60519499998304,-116.45324136202477,BKAT_LNODE2_L
PSE,48.406389,-122.32611166,BKB_LNODEXF1
IPCO,42.782781,-112.3721266,BKCL_GNODE011
IPCO,43.176464,-112.35977266,BKFT_LNODE161
CA,35.388298999987455,-119.00440783740342,BKRSFLD_2_N001
CA,35.388298999987455,-119.00451816259667,BKRSFLD_2_N101
PGE,45.527096,-122.92866566,BKWD_LNODEBR1
APS,33.436539820877414,-112.59257866,BK_LNODER2A
APS,33.436459089548784,-112.59252214572561,BK_LNODER4A
APS,33.436459089548784,-112.59263385427447,BK_LNODER5A
BPAT,46.512794,-119.87245766,BLACK_BP_LNODEFMR
TPWR,47.25150830795897,-122.38481339367965,BLAIR_FDR1LNODE
TPWR,47.251429999922856,-122.38474678755625,BLAIR_FDR2LNODE
TPWR,47.251351692002416,-122.38481339387661,BLAIR_FDR3LNODE
TPWR,47.251351692002416,-122.38494660612339,BLAIR_FDR4LNODE
TPWR,47.251429999922856,-122.38501321244375,BLAIR_FDR5LNODE
TPWR,47.25150830795897,-122.38494660632037,BLAIR_FDR6LNODE
BPAT,46.73575499998117,-122.98147811756138,BLAKE_BP_LNODEMAN
BPAT,46.73575499998117,-122.98160988243863,BLAKE_BP_LNODEORT
AVA,48.0939,-117.022966,BLANCHRD_1_XFMR1LNODE
CA,33.887668,-116.57369166,BLAST_7_N005
PSE,48.979611,-122.72664766,BLA_LNODEXF1
CA,36.719769056420425,-119.76687877968308,BLCH38750_7_B1
CA,36.719769056420425,-119.76699522031691,BLCH38751_7_B1
NV,36.020348,-114.78121766,BLDRBCH_LNODE-1
NV,40.948185,-116.4391566,BLDRVLY_LNODE67
NWMT,45.781670999982005,-108.50065877750964,BLGS_CTY_LNODEK1H
NWMT,45.781670999982005,-108.50078722249037,BLGS_CTY_LNODEK2H
NWMT,45.7927117487795,-108.48962666,BLGS_ES_LNODEK3H
NWMT,45.79263112559082,-108.48955924156165,BLGS_ES_LNODEK4H
NWMT,45.79263112559082,-108.48969275843835,BLGS_ES_LNODEK5H
NWMT,45.77449999998198,-108.48063578779242,BLGS_STM_LNODELD1
NWMT,45.77449999998198,-108.4807642122076,BLGS_STM_LNODELD2
NWMT,45.802156,-108.47110566,BLGS_SW1_LNODEOAD
NWMT,45.803385,-108.46933866,BLGS_SW2_LNODEOAD
PSE,47.466111,-122.23722266,BLG_LNODE1
NWMT,47.52135218057495,-111.26126266,BLK_EGL_7_BKE1GNODE
NWMT,47.521270909691566,-111.26119251886362,BLK_EGL_7_BKE2GNODE
NWMT,47.521270909691566,-111.26133148113638,BLK_EGL_7_BKE3GNODE
CA,37.4772652825887,-122.16793304841748,BLLEHVN_6_N001
CA,37.477186999945324,-122.16787609695427,BLLEHVN_6_N002
CA,37.477108717384,-122.16793304853687,BLLEHVN_6_N004
CA,37.477108717384,-122.16804695146327,BLLEHVN_6_N006
CA,37.477186999945324,-122.16810390304573,BLLEHVN_6_N007
CA,37.4772652825887,-122.16804695158251,BLLEHVN_6_N009
PGE,45.553318,-122.42886466,BLLK_LNODEWR1
APS,33.636467,-112.21954366,BLL_LNODE10A
APS,33.63646699995309,-112.21943506681363,BLL_LNODE14A
APS,33.63638917737845,-112.21948903345557,BLL_LNODE18A
APS,33.63638917737845,-112.21959696654443,BLL_LNODE20A
APS,33.63646699995309,-112.2196509331864,BLL_LNODE21A
APS,33.63654482259805,-112.21959696664197,BLL_LNODE22A
APS,33.63654482259805,-112.21948903335804,BLL_LNODER9A
CA,33.13707573037748,-117.33537466,BLM W_2_COSBT1GN
IPCO,44.83648,-116.89850366,BLPR_GNODE011
IPCO,44.83647999992979,-116.89837619373338,BLPR_GNODE012
IPCO,44.8363900788923,-116.89850366,BLPR_GNODE013
IPCO,44.83647999992979,-116.89862980626661,BLPR_GNODE014
IPCO,44.83656992110765,-116.89850366,BLPR_GNODE015
PSE,48.792778,-122.50944466,BLS_LNODEXF2
PSE,46.86,-122.85166766,BLUDIST_LNODEXF1
NV,40.994784,-118.14358266,BLUE MT_GNODEIT
AVA,47.6411,-116.679166,BLUECRK_1_1LNODE
CA,40.88014,-123.98058466,BLUELKE_6_N001
BPAT,45.462280722673164,-119.58293266,BLUERDGE_2_G23GNODE
BPAT,45.46220013864419,-119.58286566616975,BLUERDGE_2_Z21GNODE
BPAT,45.46220013864419,-119.58299833383026,BLUERDGE_2_Z22GNODE
BPAT,44.15270199998272,-122.32032699468898,BLUER_BP_LNODE115
BPAT,44.15270199998272,-122.32045300531102,BLUER_BP_LNODELEC
CA,38.575523,-121.49758866,BLUSTNPP_6_N003
CA,33.614957,-114.68293566,BLYTHESC_1_N005
IPCO,43.146975,-115.66664666,BMPR_GNODE011
APS,34.577787,-112.35660566,BMT_LNODE10A
APS,34.5777869999508,-112.35649516108006,BMT_LNODE12A
APS,34.57769656341637,-112.35660566,BMT_LNODER1A
APS,34.5777869999508,-112.35671483891997,BMT_LNODER2A
APS,34.57787743658367,-112.35660566,BMT_LNODER9A
CA,36.653344,-121.6294666,BNAVSTA_6_N001
CA,36.65334399994771,-121.62934811906177,BNAVSTA_6_N002
SCL,48.98799999997981,-117.35093172533159,BNDRS_CL_LNODEPH1
SCL,48.98799999997981,-117.35106827466842,BNDRS_CL_LNODEPH2
SCL,48.98823460112658,-117.35087672495015,BNDRYSCL_2_GEN51GNODE
SCL,48.98815699991944,-117.35080845011296,BNDRYSCL_2_GEN52GNODE
SCL,48.98807939883314,-117.35087672516282,BNDRYSCL_2_GEN53GNODE
SCL,48.98807939883314,-117.3510132748372,BNDRYSCL_2_GEN54GNODE
SCL,48.98815699991944,-117.35108154988704,BNDRYSCL_2_GEN55GNODE
SCL,48.98823460112658,-117.35101327504985,BNDRYSCL_2_GEN56GNODE
PGE,45.607494,-123.11377766,BNKS_LNODEBR1
CA,37.7528989999862,-121.35069018924217,BNTACRB_6_N001
BPAT,45.845204,-119.64830866,BOARD_BP_LNODE1SS
PSE,47.287590412787125,-122.24319971037168,BOA_LNODEXF1
PSE,47.28740958705826,-122.24319971082735,BOA_LNODEXF2
PSE,47.28740958705826,-122.24346628917264,BOA_LNODEXF3
PSE,47.287590412787125,-122.24346628962833,BOA_LNODEXF4
CA,40.586552,-121.09395966,BOGARD_6_N001
SRP,33.25867499998853,-111.70394642710266,BOGLE_SR_LNODELD1
SRP,33.25867499998853,-111.70405357289735,BOGLE_SR_LNODELD2
CA,39.09613073444745,-121.62377166,BOGUE_1_N001
CA,39.096050132760894,-121.62371103865068,BOGUE_1_N201
PGE,45.847823999927755,-122.82055035941333,BOISEC_C_LNODEWR1
PGE,45.84773439328132,-122.82067966,BOISEC_C_LNODEWR2
CA,37.941119,-122.70733266,BOLINAS_6_N001
CA,38.04,-121.9866,BOLLMAN_1_N003
CA,35.36215899998747,-118.92362184077258,BOLTHSE_1_N009
IPCO,43.438542,-116.53431466,BOMT_LNODE132
CA,36.967863,-120.2026666,BONITA_6_N001
NWMT,46.875319,-113.87289566,BONNER_LNODEK1L
CA,39.214314999985774,-120.80917722077704,BONNIEN_7_N001
CA,39.214314999985774,-120.80929277922297,BONNIEN_7_N002
BPAT,45.63951,-121.9469766,BONNVILL_1_G01GNODE
BPAT,45.63950999992853,-121.94684193813279,BONNVILL_1_G02GNODE
BPAT,45.63942046285028,-121.94684193833741,BONNVILL_1_G09GNODE
BPAT,45.639357150640464,-121.94693249164983,BONNVILL_1_G10GNODE
BPAT,45.63934200971518,-121.94705870887341,BONNVILL_2_F1GNODE
BPAT,45.63937302096537,-121.94717884402739,BONNVILL_2_F2GNODE
BPAT,45.639438321979135,-121.94726646055916,BONNVILL_2_G03GNODE
BPAT,45.63952294223765,-121.94730831385999,BONNVILL_2_G04GNODE
BPAT,45.63961234560112,-121.9473013176748,BONNVILL_2_G05GNODE
BPAT,45.63969424536281,-121.94724956408312,BONNVILL_2_G06GNODE
BPAT,45.639759399648035,-121.94716172387582,BONNVILL_2_G07GNODE
BPAT,45.63980178918962,-121.9470489224135,BONNVILL_2_G08GNODE
BPAT,45.6398184265836,-121.94692309011877,BONNVILL_2_G11GNODE
BPAT,45.639808958544386,-121.94679574555937,BONNVILL_2_G12GNODE
BPAT,45.6397751679326,-121.94667715282897,BONNVILL_2_G13GNODE
BPAT,45.63972044612186,-121.94657579088887,BONNVILL_2_G14GNODE
BPAT,45.63964928147843,-121.94649807462946,BONNVILL_2_G15GNODE
BPAT,45.63956679239464,-121.94644827252452,BONNVILL_2_G16GNODE
BPAT,45.63947832110773,-121.94642857220337,BONNVILL_2_G17GNODE
BPAT,45.63938909593711,-121.94643925210477,BONNVILL_2_G18GNODE
BPAT,45.639303963590635,-121.94647892407984,BONNV_BP_LNODE3SS
BPAT,45.639227189118856,-121.94654481808594,BONNV_BP_LNODE4SS
BPAT,45.639162318438686,-121.94663308580317,BONNV_BP_LNODE5SS
BPAT,48.67410999998015,-116.30264320873057,BONRF_BP_LNODEHTS
BPAT,48.67410999998015,-116.30277879126956,BONRF_BP_LNODEYBF
PSE,47.195,-122.19194466,BON_LNODEXF1
SRP,33.43788999998838,-111.70426325271586,BOONE_LNODELD1
SRP,33.43788999998838,-111.70437074728414,BOONE_LNODELD2
PSE,47.081443261190444,-122.34888966,BOP_LNODEXF1
PSE,47.081361869384146,-122.34881999208538,BOP_LNODEXF2
PSE,47.081361869384146,-122.34895800791463,BOP_LNODEXF3
CA,36.92227399998671,-119.98422371699712,BORDEN_2_N007
CA,36.92227399998671,-119.9843362830029,BORDEN_2_N008
CA,32.56633480869927,-116.94438966,BORDER_6_N001
CA,32.566254095638485,-116.94433370647506,BORDER_6_N008
CA,36.689983,-121.67923966,BORONDA_6_N001
CA,33.28726,-116.34886766,BORREGO_6_N009
PSE,47.50027799998062,-122.20243315861552,BOR_LNODE1
PSE,47.50027799998062,-122.20256684138457,BOR_LNODE2
CA,36.085115,-119.55282366,BOSWELL_6_N001
AVA,47.6968,-117.141366,BOULDER_1_13_4LNODE
NWMT,46.238229,-112.1178166,BOULDER_LNODEOAD
AVA,47.6968,-117.147266,BOULDRPK_1_1_6GNODE
CA,36.605651,-119.77331266,BOWLES_6_N001
PSE,47.44561020772212,-122.29472266,BOW_LNODEXF2
PSE,47.44552889611794,-122.29465258420691,BOW_LNODEXF3
PSE,47.44552889611794,-122.2947914157931,BOW_LNODEXF4
AVA,48.77970369637791,-117.41525747589597,BOX_CNYN_1_1GNODE
AVA,48.779703696298036,-117.41512159904117,BOX_CNYN_1_1LNODE
AVA,48.77961415951566,-117.41525747589597,BOX_CNYN_1_2GNODE
AVA,48.779703696298036,-117.41539335275071,BOX_CNYN_1_3GNODE
AVA,48.77979323324014,-117.41525747589597,BOX_CNYN_1_4GNODE
NWMT,45.67141299998211,-111.05246292837748,BOZ_SS_LNODEK5L
NWMT,45.67141299998211,-111.05259107162254,BOZ_SS_LNODEK6L
NWMT,45.69372199998209,-111.0974838991225,BOZ_WS_LNODEK1L
NWMT,45.69372199998209,-111.09761210087751,BOZ_WS_LNODEK2L
APS,33.494335,-112.81000666,BQ_GNODEBDG
NWMT,48.037992,-111.84326966,BRADY_NW_LNODEOAD
BPAT,44.144329,-121.05263266,BRASA_BP_LNODEFMR
NWMT,46.098886,-108.87415466,BRDEW_CY_LNODEOAD
TPWR,47.21372042958574,-122.53605687141916,BRDGPORT_FDR1LNODE
TPWR,47.213539570260124,-122.53605687187317,BRDGPORT_FDR2LNODE
TPWR,47.213539570260124,-122.53632312812682,BRDGPORT_FDR3LNODE
TPWR,47.21372042958574,-122.53632312858086,BRDGPORT_FDR4LNODE
CA,40.47956799998481,-123.78034162638289,BRDGVLT_7_N001
CA,40.47956799998481,-123.78046037361716,BRDGVLT_7_N002
IPCO,42.016537,-114.67448266,BRDR_LNODE131
SCL,47.621477,-122.34563666,BRDST_SC_LNODE370
SCL,47.62147699992214,-122.34550213245876,BRDST_SC_LNODE371
SCL,47.62138676978108,-122.34550213268987,BRDST_SC_LNODE372
SCL,47.62132296750769,-122.34559679122047,BRDST_SC_LNODE373
SCL,47.6213077093816,-122.3457287304605,BRDST_SC_LNODE374
SCL,47.6213389606622,-122.34585431191111,BRDST_SC_LNODE375
SCL,47.62140476712357,-122.34594590054202,BRDST_SC_LNODE376
SCL,47.621490042376834,-122.34598965129766,BRDST_SC_LNODE377
SCL,47.62158013776968,-122.34598233798445,BRDST_SC_LNODE378
SCL,47.62166267148854,-122.34592823817435,BRDST_SC_LNODE379
SCL,47.6217283301158,-122.3458364157331,BRDST_SC_LNODE380
SCL,47.62177104778487,-122.34571850038888,BRDST_SC_LNODE381
SCL,47.62178781396217,-122.34558696344163,BRDST_SC_LNODE382
SCL,47.62177827262567,-122.3454538456711,BRDST_SC_LNODE383
SCL,47.62174422043773,-122.34532987651097,BRDST_SC_LNODE384
SCL,47.62168907502767,-122.34522391932789,BRDST_SC_LNODE385
SCL,47.621617359509834,-122.34514267983411,BRDST_SC_LNODE386
SCL,47.62153423190097,-122.3450906200089,BRDST_SC_LNODE387
SCL,47.62144507579365,-122.34507002664523,BRDST_SC_LNODE388
SCL,47.62135515997867,-122.34508119078923,BRDST_SC_LNODE389
SCL,47.62126936867853,-122.34512266134531,BRDST_SC_LNODE390
SCL,47.621191999954405,-122.34519154267916,BRDST_SC_LNODE391
SCL,47.62112662716565,-122.34528381200127,BRDST_SC_LNODE392
SCL,47.62107601673653,-122.34539463759675,BRDST_SC_LNODE393
SCL,47.62104209462256,-122.34551868356118,BRDST_SC_LNODE394
SCL,47.621025953578304,-122.34565039064087,BRDST_SC_LNODE395
SCL,47.62102789343235,-122.34578422608912,BRDST_SC_LNODE396
SCL,47.62104748696214,-122.34591489820009,BRDST_SC_LNODE397
SCL,47.62108366453221,-122.34603753341433,BRDST_SC_LNODE398
SCL,47.6211348113451,-122.34614781567879,BRDST_SC_LNODE399
SCL,47.621198871896816,-122.34624208912696,BRDST_SC_LNODE600
SCL,47.62127345699596,-122.34631742619227,BRDST_SC_LNODE601
SCL,47.62135594945653,-122.34637166401941,BRDST_SC_LNODE602
SCL,47.62144360529621,-122.34640341254527,BRDST_SC_LNODE603
SCL,47.62153364794708,-122.34641203792097,BRDST_SC_LNODE604
SCL,47.62162335360384,-122.3463976250824,BRDST_SC_LNODE607
SCL,47.621710126388756,-122.34636092327035,BRDST_SC_LNODE620
SCL,47.62179156250675,-122.34630327819704,BRDST_SC_LNODE652
SCL,47.62186550298781,-122.34622655436216,BRDST_SC_LNODE653
SCL,47.62193007497878,-122.34613305077221,BRDST_SC_LNODE654
SCL,47.621983721849126,-122.34602541302334,BRDST_SC_LNODE656
SCL,47.62202522262184,-122.34590654438847,BRDST_SC_LNODE657
SCL,47.62205370143474,-122.34577951821555,BRDST_SC_LNODE658
SCL,47.622068627884616,-122.34564749360814,BRDST_SC_LNODE659
SCL,47.62206980921094,-122.34551363602418,BRDST_SC_LNODE660
SCL,47.62205737534279,-122.34538104411345,BRDST_SC_LNODE771
CA,34.125227,-118.1522166,BRDWAYB3_7_B1
NWMT,46.120668,-111.40737766,BRDWTR_H_1_BRDWGNODE
NWMT,45.640578,-110.57126566,BRD_S_LM_LNODEOAD
CA,37.91959423612686,-121.67642366,BRENTWOD_2_N001
CA,37.91951288192155,-121.67636345967551,BRENTWOD_2_N006
CA,37.91951288192155,-121.6764825403245,BRENTWOD_2_N011
PSE,47.570555999980584,-122.63132210360483,BRE_LNODEXF1
PSE,47.570555999980584,-122.63145589639518,BRE_LNODEXF2
BANC,37.66621999998627,-120.97704287657282,BRGSMR_LNODEGZB
BANC,37.66621999998627,-120.97715712342719,BRGSMR_LNODETHU
PSE,47.768611,-122.18361166,BRG_LNODEXF1
NWMT,45.319237,-108.92441466,BRIDGER_LNODELD1
NV,36.08941,-115.04932466,BRINECON_LNODE-1
CA,37.37433620668406,-122.01557566,BRITTN_1_N001
CA,37.37425489664326,-122.01551592726008,BRITTN_1_N005
CA,37.37425489664326,-122.01563407273994,BRITTN_1_N006
PNM,35.012058,-106.09578366,BRITTON_1_BRITTONPVGNODE
PSE,48.7775,-122.40944466,BRI_LNODEXF1
CA,38.57552299994369,-121.49747300547166,BRKRSLG_1_N005
PSE,48.5439785506836,-121.7409757361343,BRL_GNODEGEN3
PSE,48.543799449157945,-121.74097573661295,BRL_GNODEGEN4
AVA,46.99324050283035,-116.92026370050526,BRNCKCRN_1_BRINKENSLNODE
PGE,45.43481499998226,-122.37484419755398,BRNG_LNODEBR1
PGE,45.43481499998226,-122.37497180244604,BRNG_LNODEBR2
PGE,44.88064999998245,-123.02849357598528,BRNS_LNODEWR1
PGE,44.88064999998245,-123.02862042401473,BRNS_LNODEWR2
BPAT,44.605728,-123.61008166,BRNTW_BP_LNODE115
CA,40.879444,-121.71972266,BRNYFRST_7_B1
BPAT,46.285939,-119.19423766,BROAD_BP_LNODEXF1
SRP,33.40538899998842,-112.04972728630234,BROAD_SR_LNODELD2
SRP,33.40538899998842,-112.04983471369766,BROAD_SR_LNODELD4
NV,39.243063530935196,-120.02634939696749,BROCKWAY_LNODE01
NV,39.242884468950564,-120.02634939726259,BROCKWAY_LNODE02
NV,39.242884468950564,-120.02658060273741,BROCKWAY_LNODE51
NV,39.243063530935196,-120.02658060303254,BROCKWAY_LNODE52
SRP,33.41941267334594,-112.18848827193855,BROOK_SR_LNODELD1
SRP,33.41933499995368,-112.1884345439732,BROOK_SR_LNODELD2
NWMT,48.595799,-113.01982366,BROWNING_LNODEOAD
TPWR,47.281120414639496,-122.38948672394244,BROWNSPT_FDR1LNODE
TPWR,47.280939585206,-122.38948672439798,BROWNSPT_FDR2LNODE
TPWR,47.280939585206,-122.38975327560203,BROWNSPT_FDR3LNODE
TPWR,47.281120414639496,-122.38975327605756,BROWNSPT_FDR4LNODE
PSE,48.030913,-122.42756166,BRO_LNODEXF1
PGE,46.173904,-123.17296266,BRP1_2_GNODE1
PGE,46.1739039999266,-123.17283226654028,BRP1_2_GNODE2
PGE,46.17381416315963,-123.17283226675227,BRP1_2_GNODE3
PGE,46.17375063903948,-123.17292400205535,BRP1_2_GNODE4
PGE,46.17373544743551,-123.17305186678503,BRP1_2_GNODE5
PGE,46.173766562479756,-123.17317357005852,BRP1_2_GNODE6
PGE,46.17383208205761,-123.17326233025251,BRP1_2_GNODE7
PGE,46.17391698554532,-123.17330472987517,BRP1_2_GNODE8
CA,35.658183,-120.04036266,BRRNDAC_6_N001
PSE,48.541944,-121.74222266,BRS_LNODEXF1
PSE,47.49361099998059,-122.20771116406209,BRT_LNODEXF1
PSE,47.49361099998059,-122.20784483593792,BRT_LNODEXF2
CA,39.23119771901711,-121.03494666,BRUNSWCK_1_N003
CA,39.23111714047599,-121.0348859406582,BRUNSWCK_1_N008
CA,39.23111714047599,-121.03500605934181,BRUNSWCK_1_N101
NV,39.188912,-119.69727766,BRUNSWCK_GNODEIT
PSE,48.6494977193123,-121.69138966,BRU_GNODEGEN1
PSE,48.64941714032233,-121.69131858259713,BRU_GNODEGEN2
PSE,48.64941714032233,-121.69145941740288,BRU_LNODE1
CA,39.226226,-121.42263466,BRWNSVY_6_N001
PSE,48.506667,-122.65027866,BRW_LNODEXF1
APS,34.65809799998763,-111.10787403271236,BR_LNODE10A
APS,34.65809799998763,-111.10798396728765,BR_LNODE12A
CA,37.3362,-118.5202166,BSPHYD26_7_N001
CA,37.273333,-118.57333366,BSPHYD34_1_N001
IPCO,42.913830844113605,-115.07103766,BSPO_GNODE011
IPCO,42.91375007792548,-115.07097333031876,BSPO_GNODE012
IPCO,42.91375007792548,-115.07110066968124,BSPO_GNODE013
BPAT,46.72853599998114,-122.95147712975276,BSTRE_BP_LNODEEET
PGE,44.92775,-122.94975366,BTHL_LNODEWR5
PGE,45.54765299998218,-122.82967107857958,BTHY_LNODEWR1
PGE,45.54765299998218,-122.82979892142043,BTHY_LNODEWR2
IPCO,43.58594699998309,-116.20481966634429,BTLR_LNODE131
IPCO,43.58594699998309,-116.20494433365573,BTLR_LNODE132
PSE,48.476667,-122.33111166,BTN_LNODEXF1
NWMT,45.778765,-108.48588266,BTOOTH_P_LNODEOAD
PSE,47.6575549999805,-122.15309704083766,BTR_LNODEXF1
PSE,47.6575549999805,-122.15323095916234,BTR_LNODEXF2
PGE,45.379204,-122.0449666,BTWD_LNODEBR1
NV,38.96361061263054,-119.71004174926834,BUCKEYE_LNODE75
NV,38.96343138725605,-119.71004174955989,BUCKEYE_LNODE76
NV,38.96343138725605,-119.71027225044011,BUCKEYE_LNODE77
NV,38.96361061263054,-119.71027225073166,BUCKEYE_LNODE78
SRP,33.43767999998845,-111.73239425293535,BUCKH_SR_LNODELD1
SRP,33.43767999998845,-111.73250174706466,BUCKH_SR_LNODELD2
CA,33.91,-116.5766,BUCKWND_1_N001
CA,33.91417,-116.57768566,BUCKWND_1_N101
CA,33.924705,-116.59718966,BUCKWND_1_N201
PSE,47.16059199998082,-122.03386849783648,BUC_LNODEXF1
PSE,47.16059199998082,-122.03400150216352,BUC_LNODEXF2
CA,34.625261999987686,-120.18631205143852,BUELLTON_1_N001
CA,34.625261999987686,-120.1864219485615,BUELLTON_1_N003
CA,36.653254242119594,-121.6293481191922,BUENAVS1_7_B1
CA,36.65319077379855,-121.6294272308971,BUENAVS1_7_B3
CA,36.653175595551595,-121.62953750035396,BUENAVS1_7_B4
CA,36.65320668330105,-121.62964245619625,BUENAVS1_7_B5
CA,36.653272145363964,-121.62971900213472,BUENAVS1_7_B6
CA,36.65335697428145,-121.62975556706088,BUENAVS1_7_B7
CA,36.65344659805961,-121.62974945473617,BUENAVS2_7_B1
CA,36.653528699704175,-121.62970424026268,BUENAVS2_7_B3
CA,36.653594014575496,-121.62962749889523,BUENAVS2_7_B4
CA,36.653636508590544,-121.62952895027709,BUENAVS2_7_B5
CA,35.16,-119.3766,BUENAVT_2_N006
NWMT,46.813557,-109.76668266,BUFFALO_LNODELD1
CA,36.824388,-119.76922466,BULLARD_1_N001
CA,36.824387999947184,-119.76911168846675,BULLARD_1_N004
CA,36.824298097276774,-119.76922466,BULLARD_1_N005
CA,36.824387999947184,-119.76933631153325,BULLARD_1_N006
CA,36.824477902723245,-119.76922466,BULLARD_1_N009
NWMT,46.051507,-108.85187465999999,BULL_MTN_LNODEOAD
AVA,47.5377,-116.135766,BUNKRHIL_1_XF1LNODE
BPAT,46.226559999981596,-118.98635103791325,BURBA_BP_LNODECID
BPAT,46.226559999981596,-118.98648096208677,BURBA_BP_LNODEREA
CA,37.589627,-122.36343466,BURLNGME_1_N001
NV,36.0529617212837,-115.12091266,BURNHAM_LNODE-1
NV,36.05288113934437,-115.12085445456556,BURNHAM_LNODE-2
NV,36.05288113934437,-115.12096954543446,BURNHAM_LNODE-3
BPAT,44.606,-123.6166,BURNT_BP_LNODEETN
SRP,33.405858,-112.28416466,BURTO_SR_LNODELD3
NWMT,46.938744,-114.10039466,BUTLER_C_LNODEK1H
CA,39.7118129999855,-121.81325170045862,BUTTE_1_N010
CA,39.7118129999855,-121.81336829954138,BUTTE_1_N101
CA,40.13,-121.1766,BUTTVLLY_7_B1
APS,33.422665,-111.91673666,BU_LNODE10A
APS,33.42266499995366,-111.91662853709344,BU_LNODE12A
APS,33.422575308183745,-111.91662853720446,BU_LNODE14A
APS,33.42251188656735,-111.91670452489896,BU_LNODE17A
APS,33.4224967194933,-111.91681043998504,BU_LNODE18A
APS,33.422527784376356,-111.91691125127566,BU_LNODE21A
APS,33.42259319827793,-111.91698477450613,BU_LNODE22A
APS,33.42267796477447,-111.91701989549945,BU_LNODE28A
APS,33.42276752259138,-111.91701402450576,BU_LNODE29A
APS,33.422849563801044,-111.9169705954707,BU_LNODE30A
APS,33.4229148305882,-111.91689688452388,BU_LNODE33A
APS,33.42295729331832,-111.91680222749235,BU_LNODE34A
APS,33.422973959450204,-111.91669663572645,BU_LNODE36A
APS,33.42296447509682,-111.91658977494677,BU_LNODE37A
APS,33.4229306261911,-111.91649025818617,BU_LNODER9A
PGE,45.48396299998219,-122.79773614782466,BVRT_LNODEWR1
PGE,45.48396299998219,-122.79786385217602,BVRT_LNODEWR2
APS,33.664846,-111.96405466,BV_LNODE10A
APS,33.664845999953066,-111.96394600123129,BV_LNODE12A
APS,33.66475611318355,-111.96394600134414,BV_LNODE13A
APS,33.66469255368217,-111.96402236794944,BV_LNODER1A
APS,33.66467735363309,-111.96412881117723,BV_LNODER2A
APS,33.66470848605343,-111.96423012516037,BV_LNODER4A
APS,33.6647740421704,-111.9643040150141,BV_LNODER5A
APS,33.66485899295767,-111.96433931114052,BV_LNODER9A
IPCO,42.558865,-114.05860466,BYPS_GNODE131
APS,33.025086,-113.03861466,BY_LNODER1A
APS,33.378814649972796,-112.67687631319447,BZ_GNODESTZ
APS,33.37873699995378,-112.67682262648479,BZ_GNODETRPG
APS,33.3786593500041,-112.67687631329032,BZ_LNODE12A
APS,33.3786593500041,-112.67698368670969,BZ_LNODER13
APS,33.37873699995378,-112.67703737351523,BZ_LNODER1A
APS,33.378814649972796,-112.67698368680554,BZ_LNODER3A
CA,32.714377595830264,-117.16944251257753,B_6_N001
CA,32.714198404079745,-117.16944251279143,B_6_N003
CA,32.714198404079745,-117.16965548720857,B_6_N005
CA,32.714377595830264,-117.1696554874225,B_6_N007
NWMT,45.810849,-108.42837766,B_G_I_7_BGIGNODE
NWMT,45.81185675374898,-108.43410766,B_G_I_LNODEOAD
BPAT,46.72853599998114,-122.95160887024728,B_STREET_6_YELM_G1-3GNODE
CA,32.738434,-115.99420966,C493GEN_7_N003
NV,36.11465571830362,-115.05633166,CABANA_LNODE-1
NV,36.114575140834326,-115.05627341258538,CABANA_LNODE-2
NV,36.114575140834326,-115.05638858741466,CABANA_LNODE-3
CA,33.92901,-116.71972666,CABAZON_7_B1
AVA,48.0917,-116.056166,CABINETG_1_XF1LNODE
AVA,48.0866,-116.058266,CABINET_2_1GNODE
AVA,48.08659999992153,-116.05806553141349,CABINET_2_2GNODE
AVA,48.08651017409502,-116.058266,CABINET_2_3GNODE
AVA,48.08659999992153,-116.05833446858652,CABINET_2_4GNODE
AVA,48.08668982590493,-116.058266,CABINET_2_SS2LNODE
CA,32.70751759908557,-117.24492651689708,CABRILLO_1_N001
CA,32.70733840082447,-117.24492651711095,CABRILLO_6_N001
CA,32.70733840082447,-117.24513948288904,CABRILLO_6_N004
CA,32.70751759908557,-117.24513948310293,CABRILLO_6_N011
IPCO,43.035607,-116.02874366,CACK_LNODE131
NV,36.002364999987314,-115.17117565672248,CACTUS_LNODE-1
NV,36.002364999987314,-115.17128634327754,CACTUS_LNODE-2
NV,36.11735299998724,-115.17974258456219,CAESARS_LNODE-1
NV,36.11735299998724,-115.17985341543786,CAESARS_LNODE-2
CA,36.71900181109094,-119.76554095699167,CALAVE_1_N001
CA,36.718822188804005,-119.76554095725366,CALAVE_1_N002
CA,36.718822188804005,-119.76576504274635,CALAVE_1_N004
CA,34.76999999998759,-118.20994497729576,CALCMENT_6_N101
CA,34.76999999998759,-118.21005502270425,CALCMENT_6_N151
CA,38.592664,-122.5786266,CALISTGA_6_N001
CA,35.04,-120.666,CALLENDR_1_N001
CA,39.197538,-123.19213566,CALPELLA_1_N001
NV,39.521219,-120.00876166,CALSUB_LNODEET
BPAT,44.08802051998271,-123.08524115248775,CALYO_BP_LNODE2KV
BPAT,44.08802051998271,-123.08536704751225,CALYO_BP_LNODEKV2
BPAT,45.584349,-122.4064466,CAMASSW_LNODEMAS
BPAT,45.58214999998221,-122.40405603878821,CAMAS_GMILLGNODE
CA,35.600168,-121.11548266,CAMBRIA_6_N001
CA,36.446258999987045,-119.79904229562649,CAMDEN_6_N001
CA,36.446258999987045,-119.79915370437352,CAMDEN_6_N002
CA,32.65324599998863,-116.48807277404411,CAMERON_6_N001
NV,36.037898,-115.19049566,CAMERO_LNODEK2
SRP,33.44469,-111.63852566,CAMER_SR_LNODELD2
CA,34.83,-114.9966,CAMINO_2_N001
CA,36.46829799998704,-121.39017127220815,CAMPHORA_6_N001
CA,36.46829799998704,-121.39028272779187,CAMPHORA_6_N003
BANC,38.7956669999859,-120.62195944236656,CAM_GNODE1
BANC,38.7956669999859,-120.62207455763357,CAM_GNODE2
PSE,47.358333,-122.28083366,CAM_LNODEXF2
CA,37.066368999986636,-120.83542152971252,CANAL_6_N001
CA,37.066368999986636,-120.83553447028757,CANAL_6_N006
SCL,47.661916,-122.36519766,CANAL_SC_LNODE721
SCL,47.661915999922144,-122.36506307564711,CANAL_SC_LNODE722
SCL,47.661825801335986,-122.36506307587851,CANAL_SC_LNODE723
SCL,47.66176202137523,-122.36515777458092,CANAL_SC_LNODE724
SCL,47.66174676858521,-122.36528976981377,CANAL_SC_LNODE725
SCL,47.66177800893647,-122.36541540455924,CANAL_SC_LNODE726
SCL,47.66184379238413,-122.36550703205937,CANAL_SC_LNODE727
SCL,47.66192903781518,-122.36555080138217,CANAL_SC_LNODE728
SCL,47.66201910170039,-122.3655434849665,CANAL_SC_LNODE729
SCL,47.66210160655609,-122.36548936219752,CANAL_SC_LNODE730
SCL,47.66216724222166,-122.36539750078795,CANAL_SC_LNODE731
SCL,47.66220994495183,-122.36527953540147,CANAL_SC_LNODE732
SCL,47.66222670526584,-122.36514794263084,CANAL_SC_LNODE733
SCL,47.66221716726595,-122.36501476836605,CANAL_SC_LNODE734
SCL,47.662183126986314,-122.36489074659448,CANAL_SC_LNODE735
BPAT,41.444925999984385,-120.88087787131334,CANBY_BP_LNODEACW
BPAT,41.444925999984385,-120.88099812868667,CANBY_BP_LNODEVEC
TEPC,31.508430889989263,-111.00200666627757,CANEZ_LNODEDIST
NWMT,46.648946148247504,-111.7278866,CANFERRY_1_CYF1GNODE
NWMT,46.648864925855946,-111.72781168831574,CANFERRY_1_CYF2GNODE
NWMT,46.648864925855946,-111.72794831168427,CANFERRY_1_CYF3GNODE
TEPC,31.80833,-111.003666,CANOA_RN_LNODEDIST
CA,36.428641,-120.33817366,CANTGEN_7_N002
NWMT,46.805925999981056,-112.25375700150144,CANYN_CR_LNODEOAD
NWMT,44.978678,-110.70499666,CANYONNW_LNODEOAD
LADWP,34.18955419166312,-118.59266,CAN_SUB_LNODEONA
LADWP,34.189472904155366,-118.59194326369176,CAN_SUB_LNODEONB
LADWP,34.189472904155366,-118.59205673630825,CAN_SUB_LNODEONC
CA,39.776083,-122.1038366,CAPAY_6_N001
BPAT,45.592868,-122.1769866,CAPEH_BP_LNODEPUD
CA,33.512894,-117.66554566,CAPSTRNO_1_N016
CA,33.88,-116.4666,CAPWIND_1_B1
PSE,47.033888999980896,-122.89326666037543,CAP_LNODEXF1
PSE,47.033888999980896,-122.89339933962458,CAP_LNODEXF2
CA,33.81886,-118.22247466,CARBOGEN_7_B1
CA,37.69218399998622,-121.4181818559844,CARBONA_6_N003
CA,37.69218399998622,-121.41829614401567,CARBONA_6_N101
BPAT,45.63726899998217,-122.69874197187346,CARBU_BP_LNODERK1
BPAT,45.63726899998217,-122.69887002812656,CARBU_BP_LNODERK3
NV,36.20464072135461,-115.06153266,CAREY_LNODE-5
NV,36.204560139308875,-115.06147434317667,CAREY_LNODE-6
NV,36.204560139308875,-115.06158965682334,CAREY_LNODE-7
NV,40.726565,-116.11623166,CARLIN_LNODE12
CA,40.541122999984744,-124.06382054930958,CARLOTTA_6_N001
CA,40.541122999984744,-124.06393945069041,CARLOTTA_6_N003
SRP,33.38016,-110.95566,CARLO_SR_LNODELD1
NWMT,45.30526,-112.64134566,CARLSN_R_LNODEOAD
CA,32.85503754591703,-117.01185140348343,CARLTNHS_1_N001
CA,32.85485845399255,-117.01185140369861,CARLTNHS_1_N004
CA,32.85485845399255,-117.0120645963014,CARLTNHS_1_N011
CA,32.85503754591703,-117.01206459651658,CARLTNHS_1_N012
BPAT,45.280888,-123.15285266,CARLT_BP_LNODESS
BPAT,44.28592633998258,-122.04126949041881,CARMEN_S_1_G01GNODE
BPAT,44.28592633998258,-122.04139570958127,CARMEN_S_1_G02GNODE
CA,35.311332,-119.08357466,CARNATIO_6_N001
CA,35.541055,-119.80523866,CARNERAS_6_N001
CA,37.55291899998627,-122.37633097506193,CAROLNDS_6_N001
CA,37.55291899998627,-122.37644502493806,CAROLNDS_6_N002
CA,38.09103799998602,-122.24848662968668,CARQUINZ_1_N001
CA,38.09103799998602,-122.24860137031332,CARQUINZ_1_N002
SRP,33.38661,-111.49366,CARRE_SR_LNODELD2
CA,35.380509000000004,-120.04025266,CARRIZO_1_N001
BPAT,46.0835,-122.86266,CARRO_BP_LNODE115
NV,39.172588,-119.75940966,CARSONN_LNODE30
NV,39.17258799994301,-119.75929350273708,CARSONN_LNODE31
NV,39.172498461061664,-119.75929350288416,CARSONN_LNODE32
NV,39.17243514756361,-119.75937517170844,CARSONN_LNODE33
NV,39.17242000633913,-119.75948900537976,CARSONN_LNODE40
NV,39.17245101824553,-119.7595973536922,CARSONN_LNODE41
NV,39.17251632061359,-119.75967637383101,CARSONN_LNODE42
NV,39.172600942599686,-119.75971412067214,CARSONN_LNODE43
BPAT,45.72027,-121.80413366,CARSO_BP_LNODE115
SRP,33.487344843331186,-112.16067466,CARTWRIT_LNODELD2
SRP,33.487264078321864,-112.16061808966664,CARTWRIT_LNODELD3
SRP,33.487264078321864,-112.16072991033337,CARTWRIT_LNODELD4
CA,37.78999999998617,-122.24994278512781,CARTWRT_1_N001
CA,37.78999999998617,-122.2500572148722,CARTWRT_1_N010
CA,36.531554,-119.88275866,CARUTHRS_6_N001
PSE,48.76,-122.45944466,CAR_LNODEXF1
BPAT,45.67804272662886,-121.85301366,CASCL_BP_LNODEITY
BPAT,45.677962136666174,-121.85294640595782,CASCL_BP_LNODELKS
BPAT,45.677962136666174,-121.85307959404217,CASCL_BP_LNODEMID
SRP,33.354889,-111.59744766,CASEY_SR_LNODELD1
SRP,33.35488899995387,-111.59733967372493,CASEY_SR_LNODELD2
SRP,33.4362908207715,-112.28486666,CASHI_SR_LNODELD1
SRP,33.43621008960176,-112.28481014599582,CASHI_SR_LNODELD4
SRP,33.43621008960176,-112.28492185400418,CASHI_SR_LNODELD5
TIDC,37.36195490350885,-120.56264978595905,CASTLE_LNODEDR1
TIDC,37.36187666885442,-120.56259295698037,CASTLE_LNODEDR2
TIDC,37.36179843428164,-120.56264978607754,CASTLE_LNODEDR3
TIDC,37.36179843428164,-120.56276344403507,CASTLE_LNODEDR4
TIDC,37.36187666885442,-120.56282027313236,CASTLE_LNODEDR5
TIDC,37.36195490350885,-120.56276344415356,CASTLE_LNODEDR6
CA,37.69127699998625,-122.06100285669103,CASTROVL_2_N001
CA,37.69127699998625,-122.06111714330899,CASTROVL_2_N003
CA,36.76278384840137,-121.73625384648868,CASTROVL_2_N006
LADWP,34.587237,-118.65663866,CAS_LA_LNODESMW
PSE,47.202222,-120.96916766,CAS_LNODEXF1
LADWP,34.587236999950775,-118.65652814911085,CAS_PP_GNODE1
LADWP,34.587146563795926,-118.65652814923041,CAS_PP_GNODE2
LADWP,34.58708261582251,-118.65660582547926,CAS_PP_GNODE3
LADWP,34.58706732287038,-118.65671409414223,CAS_PP_GNODE4
LADWP,34.58709864556691,-118.65681714559959,CAS_PP_GNODE5
LADWP,34.58716460235568,-118.65689230262744,CAS_PP_GNODE6
LADWP,34.58725007235644,-118.65692820407466,CAS_PP_GNODE7
LADWP,34.58734037344726,-118.65692220263388,CAS_PP_LNODE1AUX
LADWP,34.58742309555189,-118.65687780855164,CAS_PP_LNODE2AUX
LADWP,34.587488904018386,-118.65680245963807,CAS_PP_LNODE3AUX
LADWP,34.58753171916694,-118.65670569917607,CAS_PP_LNODE4AUX
LADWP,34.58754852361777,-118.65659776098718,CAS_PP_LNODE5AUX
LADWP,34.58753896054594,-118.65648852558516,CAS_PP_LNODE6AUX
CA,34.94,-118.3566,CATALGEN_7_N001
CA,37.33647699998642,-121.87909619952336,CATALYST_7_N001
CA,37.33647699998642,-121.87920980047664,CATALYST_7_N002
BPAT,46.195702,-123.37119266,CATHL_BP_LNODE115
CA,38.808811,-121.51611566,CATLETT_6_N001
CA,35.342221,-119.91325566,CAVLSRGN_7_B1
CA,35.57097799998741,-119.11546380934058,CAWELOB_6_N001
CA,35.57097799998741,-119.11557419065943,CAWELOC_1_N001
IPCO,42.878333,-115.01638966,CAWP_GNODEAWP
CA,35.44865399998744,-120.87030582923836,CAYUCOS_6_N001
CA,35.44865399998744,-120.87041617076177,CAYUCOS_6_N006
APS,33.82851002054219,-111.94777666,CA_LNODE10A
APS,33.82842898971615,-111.9477196828074,CA_LNODE14A
APS,33.82842898971615,-111.94783231719262,CA_LNODER2A
NWMT,45.773011,-111.50425666,CBLSTN_T_LNODEOAD
APS,33.511889,-111.91778166,CB_LNODE10A
APS,33.51188899995347,-111.91767334705149,CB_LNODE12A
APS,33.51179924201718,-111.91767334716317,CB_LNODE14A
APS,33.51173577361437,-111.91774946923725,CB_LNODE18A
APS,33.51172059535138,-111.91785557162724,CB_LNODE21A
APS,33.51175168315085,-111.91795656119629,CB_LNODE22A
APS,33.51181714530824,-111.91803021444866,CB_LNODE24A
APS,33.511901974337285,-111.91806539755244,CB_LNODE25A
APS,33.51199159822178,-111.91805951617738,CB_LNODE26A
APS,33.51207369995424,-111.91801601034136,CB_LNODER9A
CA,37.99874721472367,-121.78331466,CCOS6_7_B1
CA,37.998665892623194,-121.7832544189935,CCOS7_7_B1
CA,37.998665892623194,-121.78337358100657,CCOSTA_2_N001
PGE,45.3414,-122.780866,CCRK_LNODEWR1
APS,33.144785,-112.6763666,CCR_7_CSS_BESSGNODE
APS,33.14478499995434,-112.67625304471528,CCR_7_PAL_BESSGNODE
APS,33.043359533181395,-112.66613619134503,CCR_GNODECCS
APS,33.04318046672752,-112.66613619156216,CCR_GNODEPAL
APS,33.04318046672752,-112.66634980843784,CCR_LNODE14A
APS,33.043359533181395,-112.66634980865497,CCR_LNODER2A
CA,38.03,-121.7566,CCSUB_1_N001
CA,38.01999999998606,-121.75994265860079,CCSUB_2_N001
CA,38.01999999998606,-121.76005734139926,CCSUB_2_N010
CA,38.000648,-121.7507766,CCSUB_6_N024
APS,33.475287,-112.06628466,CC_LNODE10A
APS,33.47528699995358,-112.06617642628053,CC_LNODE11A
APS,33.475197270153075,-112.06617642639196,CC_LNODE13A
APS,33.47513382164514,-112.06625249244274,CC_LNODE14A
APS,33.47511864814004,-112.06635851674524,CC_LNODE17A
APS,33.47514972619476,-112.06645943198947,CC_LNODE18A
APS,33.475215167832474,-112.06653303103532,CC_LNODE19A
APS,33.475299970270996,-112.06656818824507,CC_LNODE21A
APS,33.475389566061665,-112.06656231119801,CC_LNODE22A
APS,33.475471642058174,-112.06651883738054,CC_LNODE25A
APS,33.475536936519646,-112.06644505042486,CC_LNODE26A
APS,33.475579417254735,-112.06635029578494,CC_LNODE27A
APS,33.475596090453315,-112.06624459513472,CC_LNODE29A
APS,33.47558660207828,-112.06613762416215,CC_LNODE30A
APS,33.47555273881974,-112.06603800478197,CC_LNODER9A
AVA,47.69099999998053,-116.76553301800017,CDALENE_1_1LNODE
AVA,47.69099999998053,-116.76566698199984,CDALENE_1_2LNODE
IPCO,43.605551999983064,-116.335117637452,CDAL_LNODE133
IPCO,43.605551999983064,-116.33524236254803,CDAL_LNODE134
IPCO,44.52520499998252,-116.04857974473357,CDPO_GNODE001
IPCO,44.52520499998252,-116.04870625526645,CDPO_GNODE002
SCL,47.419503359860535,-121.78218645499447,CDRFL_SC_LNODE611
SCL,47.419322639984415,-121.78218645545284,CDRFL_SC_LNODE612
APS,34.3346609999878,-112.11387926684469,CDS_LNODER2A
APS,34.3346609999878,-112.11398873315532,CDS_LNODER4A
IPCO,43.679082,-116.68607666,CDWL_LNODE134
APS,33.30301161134393,-111.83431638658827,CD_LNODE10A
APS,33.30293399995397,-111.83426277327193,CD_LNODE13A
APS,33.30285638863304,-111.83431638668368,CD_LNODER1A
APS,33.30285638863304,-111.83442361331633,CD_LNODER2A
APS,33.30293399995397,-111.83447722672808,CD_LNODER5A
APS,33.30301161134393,-111.83442361341174,CD_LNODER9A
SCL,47.419322639984415,-121.78245354454715,CEDARFLS_1_GEN5GNODE
SCL,47.419503359860535,-121.78245354500555,CEDARFLS_1_GEN6GNODE
BPAT,46.858647,-123.28263666,CEDAR_BP_LNODEVIL
TPWR,47.2256,-122.4752666,CEDAR_FDR1LNODE
TPWR,47.22559999992286,-122.47512684463297,CEDAR_FDR2LNODE
TPWR,47.225509572328455,-122.47512684486004,CEDAR_FDR3LNODE
TPWR,47.225445630433725,-122.4752209998095,CEDAR_FDR4LNODE
TPWR,47.22543033891818,-122.47535223713875,CEDAR_FDR5LNODE
TPWR,47.225461658588856,-122.47547715050035,CEDAR_FDR6LNODE
TPWR,47.22552760905904,-122.47556825187884,CEDAR_FDR7LNODE
TPWR,47.22561307092426,-122.47561176987423,CEDAR_FDR8LNODE
CA,40.79116899998464,-121.9378322752366,CEDRCRK_6_N001
CA,40.79116899998464,-121.93795172476342,CEDRCRK_6_N101
SRP,33.44030999998842,-111.96293125018414,CEDRSTRM_LNODELD1
SRP,33.44030999998842,-111.96303874981585,CEDRSTRM_LNODELD2
PSE,47.211389,-122.30361166,CED_LNODEXF1
PSE,47.650833,-122.69666766,CEK_LNODESEC
BPAT,45.59572,-121.1143166,CELILO_LNODEDC1BURB
BPAT,45.595719999928605,-121.11418204538897,CELILO_LNODEDC1GLEN
BPAT,45.59564246301346,-121.11424602278285,CELILO_LNODEDC1LADWP
BPAT,45.59564246301346,-121.11437397721714,CELILO_LNODEDC2BURB
BPAT,45.595719999928605,-121.11443795461109,CELILO_LNODEDC2GLEN
BPAT,45.595797536950826,-121.11437397739395,CELILO_LNODEDC2LADWP
BPAT,45.595797536950826,-121.11424602260605,CELILO_LNODENCL
BPAT,45.59460799998219,-121.11301502402263,CELILO_NDB1
BPAT,45.59460799998219,-121.11314297597738,CELILO_NDB2
SRP,33.30018499998848,-111.88997538920253,CENTENNL_LNODELD1
SRP,33.30018499998848,-111.89008261079746,CENTENNL_LNODELD2
CA,33.928884073837764,-118.10546366,CENTERS_6_N001
CA,33.9288029630683,-118.10540656089853,CENTERS_6_N004
CA,33.9288029630683,-118.10551943910147,CENTERS_6_N200
BPAT,46.59552499998121,-117.80678436148257,CENTF_BP_LNODE420
BPAT,46.59552499998121,-117.8069156385175,CENTF_BP_LNODE428
BPAT,45.58214999998221,-122.4041839612118,CEN_LINC_7_G01GNODE
PSE,47.61249999998056,-122.18660007268157,CEN_LNODEXF1
PSE,47.61249999998056,-122.18673392731857,CEN_LNODEXF2
LADWP,33.948054083699034,-118.25566,CEN_SUB_LNODEONB
LADWP,33.94797295813763,-118.25494353789466,CEN_SUB_LNODEONC
LADWP,33.94797295813763,-118.25505646210534,CEN_SUB_LNODEOND
TIDC,37.6088562120824,-120.95672957041266,CERES_LNODEDR1
TIDC,37.6089710504,-120.95659570501566,CERES_LNODEDR3
TIDC,37.6089019185376,-120.95659200075566,CERES_LNODEDR4
TIDC,37.6087606610128,-120.95671288184965,CERES_LNODEDR5
TIDC,37.6089324750351,-120.95671205735266,CERES_LNODEDR7
TIDC,37.6090011903052,-120.95671435734965,CERES_LNODEDR8
CA,37.059999999986665,-120.07994353791257,CERTTEED_1_N001
CA,37.059999999986665,-120.08005646208744,CERTTEED_1_N002
APS,33.59195178934649,-111.94499008431856,CE_LNODE13A
APS,33.5918739999532,-111.94493616873437,CE_LNODE14A
APS,33.5917962106301,-111.94499008441582,CE_LNODE17A
APS,33.5917962106301,-111.94509791558427,CE_LNODE18A
APS,33.5918739999532,-111.94515183126563,CE_LNODE21A
APS,33.59195178934649,-111.94509791568143,CE_LNODER9A
APS,32.574129,-112.87419266,CF_LNODEMR1
APS,32.885031,-111.77503466,CG_LNODE11A
APS,32.885030999954765,-111.7749273749195,CG_LNODE12A
APS,32.8849414602911,-111.77492737502723,CG_LNODE22A
APS,32.88487814622914,-111.77500277029084,CG_LNODE26A
APS,32.884863004877005,-111.77510785962272,CG_LNODER2A
APS,32.88489401707997,-111.77520788494967,CG_LNODER4A
APS,32.88495932005032,-111.7752808349599,CG_LNODER6A
APS,32.885043942794844,-111.77531568212973,CG_LNODER7A
APS,32.88513334873239,-111.77530985690252,CG_LNODER8A
CA,35.097222,-119.42972266,CHALKCLF_7_N001
CA,39.48543,-121.22050966,CHALLNGE_6_N001
AVA,46.7217849374732,-117.31268777192567,CHAMBERS_1_INLAND_IP_LLNODE
SRP,33.463530999988386,-111.90081722568338,CHAMB_SR_LNODELD1
SRP,33.463530999988386,-111.90092477431665,CHAMB_SR_LNODELD2
BPAT,46.26683999998152,-119.59004496423996,CHANDLER_1_G01GNODE
BPAT,46.26683999998152,-119.59017503576004,CHANDLER_1_G02GNODE
CA,37.95526599998612,-121.33242068885451,CHANNEL_6_N001
SRP,33.51723899998838,-111.88636716766787,CHAPARRL_LNODELD2
SRP,33.51723899998838,-111.88647483233227,CHAPARRL_LNODELD3
CA,35.608038,-119.32552366,CHARKA_1_N001
PSE,47.003283,-122.86329166,CHA_LNODEXF1
CA,32.9600895309367,-117.08989329478639,CHCARITA_1_N001
CA,32.95991046897258,-117.08989329500262,CHCARITA_1_N004
CA,32.95991046897258,-117.09010670499738,CHCARITA_1_N008
CA,32.9600895309367,-117.09010670521367,CHCARITA_1_N012
SRP,33.376742,-112.18179666,CHEAT_SR_LNODELD2
BPAT,46.59912499998116,-122.94694735505595,CHEHA_BP_LNODERV2
BPAT,46.59912499998116,-122.94707864494404,CHEHA_BP_LNODESS
BPAT,45.01444499998241,-122.99936550799583,CHEMA_BP_LNODEF1A
BPAT,45.01444499998241,-122.9994924920042,CHEMA_BP_LNODESS
BPAT,46.13105388033854,-122.9846366,CHEMW_BP_G01GNODE
BPAT,46.13097305981099,-122.98456266822542,CHEMW_BP_G02GNODE
BPAT,46.13097305981099,-122.98469733177467,CHEMW_BP_G05GNODE
AVA,47.476729255541,-117.57935975191344,CHENEY_1_CHENEYLNODE
AVA,47.476729255541,-117.57949339583017,CHENEY_1_IPLLNODE
CA,36.632844,-120.53162566,CHENY_1_N001
CA,38.005513,-121.23776966,CHEROKEE_6_N001
BPAT,44.19286899998274,-123.23061796121675,CHESH_BP_LNODEDR1
BPAT,44.19286899998274,-123.23074403878327,CHESH_BP_LNODEDR2
AVA,47.64279999998054,-117.27253305112151,CHESTER_1_1LNODE
AVA,47.64279999998054,-117.27266694887848,CHESTER_1_2LNODE
CA,40.304405,-121.22428266,CHESTER_6_N001
CA,37.93,-122.3866,CHEVGEN1_7_B1
CA,37.95,-122.466,CHEVGEN2_7_B1
CA,33.903611,-118.41416766,CHEVMAIN_6_N004
AVA,48.2666,-117.727366,CHEWELAH_1_1LNODE
NV,36.21928372267788,-115.27784966,CHEYENNE_LNODE-1
NV,36.21920313864725,-115.27779133096597,CHEYENNE_LNODE-2
NV,36.21920313864725,-115.27790666903411,CHEYENNE_LNODE-3
CA,39.71879299998543,-121.82096169136352,CHICOA_6_N001
CA,39.71879299998543,-121.82107830863647,CHICOA_6_N010
CA,39.725493999985424,-121.84718768259573,CHICOB_1_N001
CA,39.725493999985424,-121.84730431740428,CHICOB_1_N002
NWMT,45.361776,-110.70968466,CHICO_R_LNODEOAD
BPAT,47.986251,-119.65159766,CHIEF_BP_LNODERV1
BPAT,47.98625099992175,-119.65146266177241,CHIEF_JO_2_G01GNODE
BPAT,47.98616108614822,-119.65146266200642,CHIEF_JO_2_G02GNODE
BPAT,47.986097507580865,-119.65155765336112,CHIEF_JO_2_G03GNODE
BPAT,47.98608230295294,-119.65169005650358,CHIEF_JO_2_G04GNODE
BPAT,47.986113444657825,-119.65181607950359,CHIEF_JO_2_G05GNODE
BPAT,47.98617902038479,-119.65190799016766,CHIEF_JO_2_G06GNODE
BPAT,47.98626399664227,-119.65195189475713,CHIEF_JO_2_G07GNODE
BPAT,47.98635377614028,-119.65194455573608,CHIEF_JO_2_G08GNODE
BPAT,47.986436020478436,-119.65189026571116,CHIEF_JO_2_G09GNODE
BPAT,47.98650144889326,-119.65179812041593,CHIEF_JO_2_G10GNODE
BPAT,47.98654401678577,-119.65167979046957,CHIEF_JO_2_G11GNODE
BPAT,47.98656072417721,-119.65154779102339,CHIEF_JO_2_G12GNODE
BPAT,47.98655121629359,-119.65141420519566,CHIEF_JO_2_G13GNODE
BPAT,47.98651728349797,-119.65128980014765,CHIEF_JO_2_G14GNODE
BPAT,47.98646233143732,-119.65118347041175,CHIEF_JO_2_G15GNODE
BPAT,47.98639086736752,-119.65110194527827,CHIEF_JO_2_G16GNODE
BPAT,47.98630803122085,-119.65104970241435,CHIEF_JO_5_G17GNODE
BPAT,47.98621918771432,-119.65102903665266,CHIEF_JO_5_G18GNODE
BPAT,47.986129587165244,-119.65104024005866,CHIEF_JO_5_G19GNODE
BPAT,47.98604409667087,-119.65108185643477,CHIEF_JO_5_G20GNODE
BPAT,47.98596699922181,-119.65115097996302,CHIEF_JO_5_G21GNODE
BPAT,47.985901855648024,-119.65124357370917,CHIEF_JO_5_G22GNODE
BPAT,47.98585142267327,-119.65135478896931,CHIEF_JO_5_G23GNODE
BPAT,47.98581761949984,-119.65147927107864,CHIEF_JO_5_G24GNODE
BPAT,47.98580153505029,-119.65161144123866,CHIEF_JO_5_G25GNODE
BPAT,47.98580346810189,-119.65174574724908,CHIEF_JO_5_G26GNODE
BPAT,47.98582299293003,-119.65187687880153,CHIEF_JO_5_G27GNODE
CA,33.99848218150198,-117.6788692233396,CHINO_6_N003
CA,33.998301818402325,-117.67886922357054,CHINO_6_N007
CA,33.998301818402325,-117.67908677642947,CHINO_6_N008
CA,34.05099999998795,-117.58994555280513,CHINO_6_N020
CA,39.267746,-120.77613866,CHIPARK_7_B1
PSE,47.590278,-122.71361166,CHI_LNODESEC
CA,36.87,-119.8166,CHLDHOSP_1_N001
PGE,45.50860599998225,-122.77300712167904,CHLS_LNODEWR1
PGE,45.50860599998225,-122.77313487832096,CHLS_LNODEWR2
CA,32.744058749573895,-117.04631666,CHOLLAS_6_N001
CA,32.743978125200904,-117.04626065732347,CHOLLAS_6_N008
CA,32.743978125200904,-117.04637134267655,CHOLLAS_6_N009
SRP,33.4269826946653,-111.6748025282238,CHOPP_SR_LNODELD0
NWMT,47.80875,-112.17925666,CHOTEAU_LNODEOAD
CA,37.12081409943256,-120.25061166,CHOWCOGN_7_N001
SRP,33.4765549999884,-112.18694621178197,CHRIS_SR_LNODELD2
SRP,33.4765549999884,-112.18705378821805,CHRIS_SR_LNODELD3
NWMT,46.129355,-114.17928366,CHRLO_H_LNODEOAD
NWMT,45.348879,-109.59990866,CHROME_J_LNODEOAD
PSE,47.795833,-122.58666766,CHR_LNODEXF2
NV,36.157466,-115.25021266,CHR_PDS1_LNODE-1
CA,38.09,-120.366,CHSTN_1_N001
NWMT,45.65666053992137,-108.7641528947464,CHS_LNODEK1L
NWMT,45.656481459935485,-108.76415289515607,CHS_LNODEK2L
NWMT,45.656481459935485,-108.76440910484393,CHS_LNODEK3L
NWMT,45.65666053992137,-108.76440910525362,CHS_LNODEK4L
CA,36.543895,-119.20461966,CHWCHLA2_7_N001
CA,37.12073295026913,-120.25055224215674,CHWCHLLA_1_N001
CA,37.12073295026913,-120.25066975784327,CHWCHLLA_1_N002
APS,34.93948821148367,-110.30352191610494,CH_GNODECHST1
APS,34.939409999950314,-110.30346683231495,CH_GNODECHST3
APS,34.93933178849151,-110.30352191621003,CH_LNODEAXL1
APS,34.93933178849151,-110.30363208378999,CH_LNODEAXL2
PNM,34.65052168608005,-104.01434503693997,CIBOLA_1_ROUTE66GNODE
CA,36.902957999986775,-121.75573074219754,CICCOGN_7_N001
CA,36.902957999986775,-121.75584325780248,CICCOGN_7_N002
TEPC,32.03521484,-110.721885966,CIENEGA_LNODEDIST
BANC,38.445751,-121.46262166,CIG_GNODEPKR
CA,35.2691,-115.4929266,CIMA_2_N101
CA,33.99848218150198,-117.67908677666041,CIMGEN_7_B1
SRP,33.218668999988516,-111.71231846205998,CITRUS_LNODED23
SRP,33.218668999988516,-111.71242553794005,CITRUS_LNODELD0
CA,39.14300254479826,-123.19181754359137,CITYUKH_1_B1
CA,39.142823455087914,-123.19181754388508,CITYUKH_1_N001
APS,33.571504,-112.12911866,CJ_LNODE10A
APS,33.57150399995333,-112.12901021474701,CJ_LNODE12A
APS,33.57141419367218,-112.12901021485915,CJ_LNODE13A
APS,33.57135069108453,-112.12908643048638,CJ_LNODE14A
APS,33.57133550464623,-112.1291926632747,CJ_LNODE17A
APS,33.57136660918971,-112.12929377695859,CJ_LNODE20A
APS,33.57143210660566,-112.12936752073034,CJ_LNODE21A
APS,33.57151698132459,-112.12940274707452,CJ_LNODE22A
APS,33.57160665348182,-112.12939685847212,CJ_LNODER9A
NWMT,45.89013662921373,-106.61395822902672,CL34STUP_LNODE3LD
NWMT,45.88995737064172,-106.61395822944233,CL34STUP_LNODE4LC
CA,32.82603255348775,-117.18398942929916,CLAIRMNT_6_N001
CA,32.825853446421995,-117.18398942951401,CLAIRMNT_6_N008
CA,37.807826,-121.27614266,CLAMMNA_1_N001
NWMT,46.479916,-111.99293966,CLANCY_LNODEOAD
BANC,37.71028,-120.968866,CLARIBEL_LNODEGFP
AVA,48.1523,-116.187166,CLARKFRK_1_1LNODE
CA,39.6546447946953,-121.63529266,CLARKRD_7_N001
CA,39.65456410263663,-121.63523148926076,CLARKRD_7_N002
CA,39.65456410263663,-121.63535251073925,CLARKRD_7_N003
NV,36.086427,-115.04919266,CLARK_GNODE 4
NV,36.08642699994901,-115.04908121091243,CLARK_GNODE 5
NV,36.086337468025896,-115.04908121103867,CLARK_GNODE 6
NV,36.08627415944256,-115.04915955069063,CLARK_GNODE 7
NV,36.08625901939711,-115.04926874402868,CLARK_GNODE 8
NV,36.08629002890671,-115.04937267560616,CLARK_GNODE 9
NV,36.08635532621613,-115.04944847452776,CLARK_GNODE10
NV,36.086439941635845,-115.04948468260872,CLARK_GNODE11
NV,36.086529339846024,-115.04947862992678,CLARK_GNODE12
NV,36.08661123485261,-115.04943385669864,CLARK_GNODE13
NV,36.086676385334606,-115.04935786425429,CLARK_GNODE14
NV,36.08671877239728,-115.04926027738254,CLARK_GNODE15
NV,36.086735408828304,-115.04915141731264,CLARK_GNODE16
NV,36.08672594136961,-115.04904124895046,CLARK_GNODE17
NV,36.086692152772734,-115.04893865193166,CLARK_GNODE18
NV,36.0866374341999,-115.04885096155067,CLARK_GNODE19
NV,36.08656627373825,-115.0487837274595,CLARK_GNODE20
NV,36.086483789465824,-115.04874064242267,CLARK_GNODE21
NV,36.08639532329898,-115.0487235990418,CLARK_GNODE22
NV,36.08630610325123,-115.04873283824656,CLARK_LNODE14
NV,36.086220975755474,-115.04876715916505,CLARK_LNODE19
NV,36.086144205628436,-115.04882416540849,CLARK_LNODE21
SRP,33.291786,-111.73189166,CLARK_SR_LNODELD2
CA,32.825853446421995,-117.184202570486,CLARMNT_1_N001
CA,32.82603255348775,-117.18420257070089,CLARMNT_1_N028
BANC,37.639389999986214,-120.91954289863075,CLAUS_LNODEKSN
BANC,37.639389999986214,-120.91965710136925,CLAUS_LNODESME
NV,36.115191530442864,-115.14271617211409,CLAYMONT_LNODE-1
NV,36.11501246945506,-115.14271617236686,CLAYMONT_LNODE-2
NV,36.11501246945506,-115.14293782763326,CLAYMONT_LNODE-3
NV,36.115191530442864,-115.14293782788593,CLAYMONT_LNODE-4
CA,38.34245511038229,-120.93484110965764,CLAYTN_1_N001
CA,37.943825,-121.96941566,CLAYTN_1_N004
CA,38.3422748895056,-120.93484110994349,CLAYTN_1_N029
CA,38.3422748895056,-120.93507089005652,CLAYTN_1_N030
BPAT,48.012661,-117.56569266,CLAYT_BP_LNODEAND
CA,38.34245511038229,-120.93507089034237,CLAY_6_N001
PSE,47.177987,-121.79150966,CLA_LNODE1
PGE,45.39800599998224,-122.56681523272614,CLCK_LNODEWR1
PGE,45.39800599998224,-122.56694276727387,CLCK_LNODEWR2
CA,33.889805,-117.5883666,CLEARGEN_6_N004
AVA,46.4307,-116.975966,CLEARWTR_1_3GNODE
AVA,46.43069999992555,-116.97576932342228,CLEARWTR_1_4GNODE
AVA,46.43062200018794,-116.97583466180465,CLEARWTR_7_T1LNODE
AVA,46.43062200018794,-116.97596533819535,CLEARWTR_7_T2LNODE
AVA,46.43069999992555,-116.97603067657772,CLEARWTR_7_T3LNODE
AVA,46.430777999774776,-116.97596533838238,CLEARWTR_7_T4LNODE
AVA,46.430777999774776,-116.97583466161764,CLEARWTR_7_T5LNODE
PSE,47.183611,-120.95694466,CLEDIST_LNODEXF2
SRP,33.348741,-111.89487266,CLEMA_SR_LNODELD3
TPWR,47.196760432077724,-122.47477691030849,CLEMENT_FDR1LNODE
TPWR,47.19657956776811,-122.47477691076213,CLEMENT_FDR2LNODE
TPWR,47.19657956776811,-122.47504308923787,CLEMENT_FDR3LNODE
TPWR,47.196760432077724,-122.47504308969151,CLEMENT_FDR4LNODE
CA,39.007954999985856,-122.89377935245265,CLERLKE_6_N001
CA,39.007954999985856,-122.89389464754734,CLERLKE_6_N012
BPAT,48.36283777587005,-114.14388966,CLFAS_BP_LNODEIER
BPAT,48.362757112043816,-114.14381890605372,CLFAS_BP_LNODELLE
BPAT,48.362757112043816,-114.1439590939463,CLFAS_BP_LNODERV3
PNM,34.809264228382716,-106.52560266,CLINESCO_3_ELCABOWF1GNODE
PNM,34.80918288579527,-106.52554480163826,CLINESCO_3_ELCABOWF2GNODE
NWMT,46.754561,-113.70916866,CLINTN_R_LNODEOAD
CA,39.331874,-121.10136866,CLMBAHL_6_N001
APS,33.65259699998829,-111.95143401479923,CLNT_LNODE12A
APS,33.65259699998829,-111.95154198520079,CLNT_LNODER5A
CA,36.826043942491545,-119.68128166,CLOVIS_1_N001
CA,36.825963028740034,-119.6812226390864,CLOVIS_1_N004
CA,36.825963028740034,-119.68133936091361,CLOVIS_1_N101
CA,38.795757,-123.01141266,CLOVRDLE_1_N001
IPCO,42.667123,-114.78010666,CLPR_GNODE001
CA,38.655559898770534,-121.06017566,CLRKSVLE_1_N001
CA,38.655479050599546,-121.06011522698469,CLRKSVLE_1_N003
CA,38.655479050599546,-121.06023477301537,CLRKSVLE_1_N004
BPAT,46.423867,-117.10001166,CLRKS_BP_LNODE115
PSE,39.12823755117562,-119.13316128161425,CLR_1_CLR_WNDGNODE
PSE,46.980625,-120.55551266,CLR_LNODEXF1
CA,39.190857,-121.99050666,CLSAJCT_6_N001
PGE,45.171368,-122.44219266,CLTN_LNODEBR1
APS,33.496241722037,-112.32312419059777,CLT_LNODE10A
APS,33.496163999953474,-112.32307038129267,CLT_LNODE13A
APS,33.49608627793974,-112.32312419069437,CLT_LNODER1A
APS,33.49608627793974,-112.32323180930577,CLT_LNODER2A
APS,33.496163999953474,-112.32328561870801,CLT_LNODER4A
APS,33.496241722037,-112.32323180940233,CLT_LNODER9A
SRP,33.445841,-111.66666366,CLUFF_SR_LNODELD1
NWMT,45.667987,-109.2836266,CLUMBS_R_LNODEOAD
TPWR,47.156510435919046,-122.51519700550413,CLVR PK_FDR1LNODE
TPWR,47.1563295639271,-122.51519700595682,CLVR PK_FDR2LNODE
TPWR,47.1563295639271,-122.51546299404319,CLVR PK_FDR3LNODE
TPWR,47.156510435919046,-122.51546299449586,CLVR PK_FDR4LNODE
PGE,44.9085,-122.946366,CLVR_LNODEWR1
PSE,48.326111,-122.66861166,CLV_LNODEXF1
APS,33.74085595481151,-112.30631682374563,CLW_LNODE10A
APS,33.74067604509422,-112.30631682397252,CLW_LNODE13A
APS,33.74067604509422,-112.30653317602757,CLW_LNODER5A
APS,33.74085595481151,-112.30653317625439,CLW_LNODER9A
PGE,44.98416,-123.00025966,CLXT_LNODEBR1
NWMT,45.90771999998193,-110.6185745867881,CLYDE_PK_LNODEILS
NWMT,45.90771999998193,-110.61870341321193,CLYDE_PK_LNODELYD
PSE,47.632222,-122.20194466,CLYPSE_LNODEXF2
APS,33.008483718457356,-111.52573866,CL_LNODER1A
APS,33.00840314075906,-111.52568252412864,CL_LNODER2A
APS,33.00840314075906,-111.52579347587138,CL_LNODER3A
PNM,36.468438,-104.63509766,CMFS_1_SOLA_CIMGNODE
CA,37.041635999986624,-122.02530956161662,CMPEVRS_1_N001
CA,37.041635999986624,-122.0254224383834,CMPEVRS_1_N002
APS,34.77845799998761,-112.08374997361902,CMX_LNODEMR1
APS,34.77845799998761,-112.08386002638099,CMX_LNODEMR2
PGE,45.267414,-122.72169566,CNBY_LNODEBR1
PGE,45.267413999929204,-122.72156768773462,CNBY_LNODEBR2
PGE,45.2673243977747,-122.72169566,CNBY_LNODEBR3
PGE,45.267413999929204,-122.72182231226546,CNBY_LNODEBR4
NV,36.082880719324464,-115.11933666,CNCOURS_LNODE-1
NV,36.082800140324004,-115.11927843477434,CNCOURS_LNODE-2
NV,36.082800140324004,-115.11939356522566,CNCOURS_LNODE-3
NV,38.283425,-118.01969466,CNDLARIA_LNODE31
PGE,45.5194,-122.806366,CNLS_LNODEBR1
PGE,45.505799999982194,-122.48438712469715,CNTL_LNODEWR1
PGE,45.505799999982194,-122.48451487530285,CNTL_LNODEWR2
CA,37.97966036733168,-121.31639835392944,CNTRYCB_6_N001
CA,37.979479632557,-121.31639835421177,CNTRYCB_6_N002
CA,37.979479632557,-121.31662764578823,CNTRYCB_6_N004
CA,37.97966036733168,-121.31662764607057,CNTRYCB_6_N006
PGE,45.51694653145261,-122.69109522528268,CNYN_LNODEWR1
PGE,45.516767468404915,-122.69109522568928,CNYN_LNODEWR2
PGE,45.516767468404915,-122.69135077431072,CNYN_LNODEWR3
PGE,45.51694653145261,-122.69135077471732,CNYN_LNODEWR4
APS,34.71737099998766,-111.90460700176753,CN_LNODER2A
APS,34.71737099998766,-111.90471699823247,CN_LNODER4A
TEPC,35.6601,-109.02566,COALMINE_LNODESEC
BPAT,44.09856999,-123.062975466,COBUR_BP_LNODE2KV
NWMT,47.553538999980574,-111.14895411653957,COCHRANE_1_CCH1GNODE
NWMT,47.553538999980574,-111.14908788346045,COCHRANE_1_CCH2GNODE
BPAT,46.13993,-122.993766,COFFI_BP_G04GNODE
CA,37.943611,-121.33027866,COGNTNL_7_B1
NV,36.071917,-114.99424266,COH_LNODE-1
NV,36.07191699994903,-114.99413122976017,COH_LNODE-2
AVA,47.8376,-117.352666,COLBERT_1_BPAT_COLBERTLNODE
BPAT,46.563037,-119.81323666,COLDC_BP_LNODE115
CA,39.33116799998566,-121.19201112395356,COLGATE1_7_B1
CA,39.33116799998566,-121.19212687604643,COLGATE2_7_B1
PNM,34.744085,-106.65344966,COLLEGE_1_MANZANOPVGNODE
PNM,34.741417,-106.65706266,COLLEGE_1_VISTAPVGNODE
TIDC,37.6091056801805,-120.99287614357365,COLLEG_LNODEDR1
TIDC,37.6091096218649,-120.99278958204266,COLLEG_LNODEDR2
TIDC,37.6090266914486,-120.99269811634366,COLLEG_LNODEDR5
TIDC,37.6090419641747,-120.99303481994366,COLLEG_LNODER15
TPWR,47.140009999980784,-122.36923352285923,COLLINS_FDR1LNODE
TPWR,47.140009999980784,-122.36936647714077,COLLINS_FDR2LNODE
NWMT,47.955881,-111.77816266,COLLINS_LNODEOAD
SRP,33.4626419999884,-112.29050322662816,COLLI_SR_LNODELD2
SRP,33.4626419999884,-112.29061077337185,COLLI_SR_LNODELD3
CA,38.14,-120.466,COLLRVL1_7_B1
CA,38.15,-120.3966,COLLRVL2_7_B1
AVA,47.662899999980546,-117.43373303714503,COLL_WAL_1_1LNODE
AVA,47.662899999980546,-117.43386696285496,COLL_WAL_1_2LNODE
BPAT,47.294057999980716,-120.07734234847372,COLMA_BP_LNODEERV
BPAT,47.294057999980716,-120.0774756515263,COLMA_BP_LNODESS1
CA,36.13602399998719,-120.34444457141349,COLNGA1_6_N001
CA,36.13602399998719,-120.34455542858653,COLNGA1_6_N002
CA,36.236577,-120.31511466,COLNGA2_6_N001
CA,38.190132,-121.18163266,COLONY_6_N001
NWMT,45.88995737064172,-106.61421577055769,COLSTRIP34_5_NWMTSHAREGNODE
AVA,45.88359341963015,-106.61314470410322,COLSTRIP_5_AVAGNODE
NWMT,45.8844,-106.61219666,COLSTRIP_7_COL3GNODE
NWMT,45.8844,-106.61148166,COLSTRIP_7_COL4GNODE
NWMT,45.89013662921373,-106.61421577097327,COLSTRIP_7_TLN34GNODE
NWMT,45.891075621686426,-106.61669661303837,COLSTRI_LNODE4LD
NWMT,45.8909979999277,-106.61663222625674,COLSTRI_LNODE5LD
NWMT,45.89092037827743,-106.61669661321835,COLSTRI_LNODELD1
NWMT,45.89092037827743,-106.61682538678167,COLSTRI_LNODELD2
NWMT,45.8909979999277,-106.61688977374328,COLSTRI_LNODET1L
NWMT,45.891075621686426,-106.61682538696162,COLSTR_R_LNODEOAD
BPAT,45.61984,-120.2264566,COLUMBRL_1_G01GNODE
CA,35.398473959832195,-118.93968266,COLUMBUS_1_N001
CA,35.398393020070294,-118.93962467199047,COLUMBUS_1_N003
CA,35.398393020070294,-118.93973932800962,COLUMBUS_1_N005
NWMT,45.64432,-109.24466466,COLUM_ES_LNODEOAD
CA,39.213610999985775,-122.00296022131043,COLUSA_6_N001
CA,39.213610999985775,-122.00307577868956,COLUSA_6_N004
AVA,48.5453537302311,-117.914266,COLVILLE_1_1LNODE
AVA,48.545273134863066,-117.91412971333223,COLVILLE_1_2LNODE
AVA,48.545273134863066,-117.91427028666777,COLVILLE_1_3LNODE
CA,34.86012489309556,-116.85312978164613,COLWATER_1_N001
CA,34.86012489309556,-116.8532442183539,COLWATER_1_N002
PSE,47.589444,-122.14638966,COL_LNODEXF2
BPAT,45.94425818198193,-118.67868766920806,COMB_H_2_2_Z1GNODE
BPAT,45.94425818198193,-118.67881661279196,COMB_H_2_2_ZDGNODE
NV,36.16066299998725,-115.15327055344538,COMMERC_LNODE-1
NV,36.16066299998725,-115.15338144655463,COMMERC_LNODE-2
TIDC,37.6091045275098,-120.99296291325966,COMMONS_LNODEDR1
TIDC,37.5166183000533,-120.86755472408166,COMMONS_LNODEDR3
TIDC,37.516699044633,-120.86755512220566,COMMONS_LNODEDR4
TIDC,37.5164895041446,-120.86755098703367,COMMONS_LNODEDR5
TIDC,37.5165532160667,-120.86755302557766,COMMONS_LNODEDR7
TIDC,37.5008689404211,-120.91327014667365,COMMONS_LNODEDR8
CA,33.785845,-116.342689,CONCHO_1_N002
NWMT,46.008194,-112.50063466,CONCTRAT_LNODELD1
NWMT,46.00819399992728,-112.50050484507295,CONCTRAT_LNODELD2
NWMT,46.0081042946638,-112.50050484528242,CONCTRAT_LNODELD3
NWMT,46.008040863530184,-112.50059617150242,CONCTRAT_LNODELD4
NWMT,46.00802569416396,-112.50072346603555,CONCTRAT_LNODELD5
NWMT,46.00805676366299,-112.50084462658796,CONCTRAT_LNODELD6
NWMT,46.00812218733435,-112.50093299096423,CONCTRAT_LNODELD7
NWMT,46.0082069665407,-112.50097520150676,CONCTRAT_LNODELD8
BPAT,45.231263,-120.25876866,CONDO_BP_LNODEDON
BPAT,45.24622499998227,-120.27751836000817,CONDWIND_1_Z1GNODE
BPAT,45.24622499998227,-120.27764563999183,CONDWIND_1_Z2GNODE
BPAT,46.648227,-118.86727666,CONEL_BP_LNODENRD
NWMT,45.77824499998202,-108.48902078243027,CONOCONW_LNODEK1H
NWMT,45.77824499998202,-108.48914921756973,CONOCONW_LNODEK2H
NWMT,48.16711499998036,-111.94424570975896,CONRAD_LNODELD1
NWMT,48.16711499998036,-111.94438029024107,CONRAD_LNODEOAD
NWMT,48.148985,-111.96223466,CONRAD_P_LNODEOAD
CA,36.29,-119.7166,CONTADNA_1_N001
NWMT,46.329204,-111.61843766,CONTLIME_LNODEOAD
CA,37.342839,-118.47198866,CONTROLX_1_N001
CA,37.342838999945684,-118.47187438463926,CONTROLX_1_N002
CA,37.342760774939634,-118.47193119237886,CONTROLX_1_N003
CA,37.342760774939634,-118.4720448076212,CONTROLX_1_N004
CA,37.342838999945684,-118.47210161536074,CONTROLX_1_N005
CA,37.64595426063257,-118.91580566,CONTROLX_1_N008
CA,37.64587286966881,-118.91574565290024,CONTROLX_1_N009
CA,37.64587286966881,-118.91586434709977,CONTROLX_1_N010
CA,37.34291722503321,-118.47204480773955,CONTROL_1_N034
CA,37.34291722503321,-118.47193119226047,CONTROL_7_N001
NWMT,45.982181,-112.48778566,CONT_DR_LNODEOAD
SRP,33.46413999998846,-112.24624422503585,CONVALOF_LNODELD1
SRP,33.46413999998846,-112.24635177496415,CONVALOF_LNODELD2
SRP,33.596755,-112.17157266,COOK_SR_LNODELD2
SRP,32.91692,-111.5021466,COOLDGEN_LNODE10AUX
SRP,32.916919999954736,-111.50203334238641,COOLDGEN_LNODE11AUX
SRP,32.91683046521593,-111.50203334249437,COOLDGEN_LNODE12AUX
SRP,32.91676715463641,-111.50210876076218,COOLDGEN_LNODEU1AUX
SRP,32.91675201411707,-111.50221388215834,COOLDGEN_LNODEU2AUX
SRP,32.91678302461422,-111.50231393800385,COOLDGEN_LNODEU3AUX
SRP,32.91684832399259,-111.50238691027307,COOLDGEN_LNODEU4AUX
SRP,32.91693294208263,-111.50242176807566,COOLDGEN_LNODEU5AUX
SRP,32.91702234310265,-111.50241594107139,COOLDGEN_LNODEU6AUX
SRP,32.91710424067381,-111.50237283747627,COOLDGEN_LNODEU7AUX
SRP,32.91716939319037,-111.50229967889666,COOLDGEN_LNODEU8AUX
SRP,32.91721178157549,-111.50220573119992,COOLDGEN_LNODEU9AUX
SRP,33.32934999998847,-111.70473136162542,COOLE_SR_LNODELD2
SRP,33.32934999998847,-111.70483863837467,COOLE_SR_LNODELD3
TIDC,37.3189566034476,-120.51194931793667,COOPER_LNODEDR1
TIDC,37.31895660339336,-120.51183575699494,COOPER_LNODEDR2
TIDC,37.318866291449055,-120.5118357571314,COOPER_LNODEDR3
TIDC,37.318802431310424,-120.51191605677509,COOPER_LNODEDR4
TIDC,37.318787159360575,-120.51202798203006,COOPER_LNODEDR5
TIDC,37.31881843902539,-120.51213451388375,COOPER_LNODEDR6
TIDC,37.318884305211256,-120.51221220923814,COOPER_LNODEDR7
TIDC,37.318969657813994,-120.51224932323211,COOPER_LNODEDR8
TIDC,37.31905983488123,-120.51224311913526,COOPER_LNODEDR9
TIDC,37.31914244338007,-120.51219722572786,COOPER_LNODER14
TIDC,37.31920816147405,-120.51211933201115,COOPER_LNODER15
TIDC,37.31925091782716,-120.51201930357878,COOPER_LNODER16
TIDC,37.31926769919903,-120.51190771989397,COOPER_LNODER17
SRP,33.259564999988484,-111.8062724263072,COOPE_SR_LNODELD1
SRP,33.259564999988484,-111.80637957369282,COOPE_SR_LNODELD2
CA,35.093593,-119.27846666,COPUS_6_N001
NWMT,46.027397,-112.5243166,CORA_LNODEK1L
SRP,33.35783478961867,-111.82968266,CORBE_SR_LNODELD2
SRP,33.35775410517822,-111.82962622869823,CORBE_SR_LNODELD3
SRP,33.35775410517822,-111.82973777130178,CORBE_SR_LNODELD4
CA,36.10957699998725,-119.55797958991954,CORCORAN_1_N001
CA,36.10957699998725,-119.55809041008045,CORCORAN_1_N005
CA,38.216066,-122.11208266,CORDELIA_6_N001
CA,38.575433098781254,-121.49758866,CORDPMP_6_N003
CA,39.93203492356554,-122.18738566,CORNING_6_N004
CA,39.931954038201276,-122.18732409920004,CORNING_6_N006
CA,39.931954038201276,-122.18744590079997,CORNING_6_N102
CA,32.698823762005226,-117.17324966,CORONADO_6_N001
CA,32.69874311898509,-117.17319367259638,CORONADO_6_N002
CA,32.69874311898509,-117.17330432740361,CORONA_1_N001
SRP,34.57782626195052,-109.27911366,CORON_SR_LNODEDMS
SRP,34.57774486901149,-109.27905592605158,CORON_SR_LNODEDU1
SRP,34.57774486901149,-109.27917007394842,CORON_SR_LNODEDU2
CA,38.1014979999861,-120.92635462577833,CORRAL_6_N001
CA,38.1014979999861,-120.92646937422168,CORRAL_6_N003
CA,37.22751499998653,-119.69108432761332,CORSGOLD_1_N001
CA,37.22751499998653,-119.69119767238669,CORSGOLD_1_N003
NV,40.261423,-116.72008966,CORTEZ_LNODE44
TIDC,37.5005587104299,-120.91323568003966,CORTEZ_LNODEDR1
TIDC,37.5007571927422,-120.91326791480566,CORTEZ_LNODEDR3
TIDC,37.5006522266335,-120.91326366099466,CORTEZ_LNODEDR5
TIDC,37.5008124927682,-120.91342401062266,CORTEZ_LNODEDR6
TIDC,37.5007095209272,-120.91335276996566,CORTEZ_LNODEDR7
SRP,33.571346,-112.10938566,CORTE_SR_LNODELD1
SRP,33.57134599995328,-112.10927721510242,CORTE_SR_LNODELD2
CA,39.121407,-122.22417666,CORTINA_1_N106
NWMT,46.31254399998155,-114.10497688011287,CORVLS_LNODEMPC
NWMT,46.31254399998155,-114.1051071198872,CORVLS_LNODEREA
CA,38.30970399998603,-122.73153156284509,COTATI_6_N101
CA,38.30970399998603,-122.73164643715492,COTATI_6_N102
CA,37.772676259234935,-120.82554566,COTTLEA_2_N001
CA,37.77259487036768,-120.82548555286246,COTTLE_7_N001
CA,37.77259487036768,-120.82560444713755,COTTLE_7_N002
AVA,46.0638,-116.352666,COTTONWD_1_COTTONWODLNODE
CA,34.38040399998781,-116.87675022716887,COTWDPGE_1_N001
CA,34.38040399998781,-116.87685977283115,COTWDPGE_1_N024
PSE,47.7325,-122.087566,COT_LNODEXF1
BPAT,44.13035699998273,-122.24378301410529,COUGAR_1_G01GNODE
BPAT,44.13035699998273,-122.24390898589472,COUGAR_1_G02GNODE
AVA,47.61254439855754,-119.27616869883367,COUL_CTY_1_1LNODE
CA,39.78628299998532,-123.24850460152905,COVELO6_6_N001
CA,39.78628299998532,-123.24862139847097,COVERD_7_B1
SRP,38.561331948368924,-112.58024966,COVE_U1GNODE
SRP,38.56125102580034,-112.58018925049846,COVE_U2GNODE
SRP,33.47,-112.366,COWDE_SR_LNODELD2
BPAT,46.466595999981365,-122.10915159558118,COWFALLS_2_G01GNODE
BPAT,46.466595999981365,-122.10928240441882,COWFALLS_2_G02GNODE
AVA,45.84819999998193,-119.67303567913596,COYOTESP_5_GTGNODE
AVA,45.84819999998193,-119.67316432086406,COYOTESP_5_STGNODE
PNM,36.240083,-106.42308666,COYTEJCT_6_ABIQUIUHYDROGNODE
SRP,34.57781899998772,-109.27882908051967,CO_5_UNIT1GNODE
SRP,34.57781899998772,-109.27893891948041,CO_5_UNIT2GNODE
CA,32.566254095638485,-116.94444429352495,CPBORDER_7_B1
CA,37.9125,-121.26083366,CPCSTCN_7_B1
CA,32.79542673784513,-116.97239466,CPELCAJN_7_B1
CA,33.125525,-117.11685766,CPESCNDO_7_A1
CA,33.12552499995441,-117.11675007427064,CPESCNDO_7_B1
SRP,32.917423,-111.5035266,CPGS_U10GNODE
SRP,32.9174229999547,-111.50341334185546,CPGS_U11GNODE
SRP,32.91733346527904,-111.50341334196335,CPGS_U12GNODE
SRP,32.917270154744095,-111.5034887606067,CPGS_U1GNODE
SRP,32.917255014235415,-111.50359388252616,CPGS_U2GNODE
SRP,32.917286024710734,-111.50369393886973,CPGS_U3GNODE
SRP,32.917351324043096,-111.50376691150224,CPGS_U4GNODE
SRP,32.91743594207349,-111.50380176947834,CPGS_U5GNODE
SRP,32.91752534303043,-111.50379594244508,CPGS_U6GNODE
SRP,32.91760724054389,-111.50375283863539,CPGS_U7GNODE
SRP,32.9176723930145,-111.50367967969157,CPGS_U8GNODE
SRP,32.91771478136971,-111.50358573152712,CPGS_U9GNODE
CA,37.25999999998651,-121.63994328855216,CPLECEF_1_N001
CA,37.25999999998651,-121.64005671144784,CPLECEF_1_N005
APS,33.581730781871244,-111.91994009588569,CPL_LNODE10A
APS,33.58165299995322,-111.91988619186854,CPL_LNODE12A
APS,33.58157521810533,-111.91994009598285,CPL_LNODE14A
APS,33.58157521810533,-111.92004790401715,CPL_LNODER2A
APS,33.58165299995322,-111.92010180813149,CPL_LNODER4A
APS,33.581730781871244,-111.92004790411434,CPL_LNODER6A
PSE,48.211944,-122.692566,CPV_LNODEXF1
APS,34.86925621094054,-111.82071766,CP_LNODE12A
APS,34.8691748945163,-111.82065977834847,CP_LNODER2A
APS,34.8691748945163,-111.82077422165153,CP_LNODER4A
APS,35.17576113207404,-111.65383773162243,CQ_LNODE12A
APS,35.17558086782599,-111.65383773186694,CQ_LNODE14A
APS,35.17558086782599,-111.65405826813307,CQ_LNODE20A
APS,35.17576113207404,-111.65405826837758,CQ_LNODE24A
AVA,46.2432,-116.463166,CRAIGMNT_1_1LNODE
NV,36.24367472538992,-115.11771166,CRAIG_LNODE-1
NV,36.24359413729124,-115.11765331006245,CRAIG_LNODE-2
NV,36.24359413729124,-115.11776868993756,CRAIG_LNODE-3
NWMT,47.077927,-111.9810666,CRAIG_NW_LNODEOAD
TPWR,47.22652042736443,-122.43138684254589,CRANDALL_FDR1LNODE
TPWR,47.226339572481294,-122.43138684300021,CRANDALL_FDR2LNODE
TPWR,47.226339572481294,-122.4316531569998,CRANDALL_FDR3LNODE
TPWR,47.22652042736443,-122.43165315745412,CRANDALL_FDR4LNODE
CA,40.069999999985214,-121.14994119857617,CRBU38812_7_B1
CA,40.069999999985214,-121.15005880142382,CRBU38812_7_B3
CA,40.1384740349693,-122.20854766,CRCANAL_6_N001
CA,38.056667,-122.21944466,CRCKTCOG_7_N001
CA,38.241389,-121.85566,CREEDGT1_7_GN001
CA,33.01815871873613,-116.85302666,CREELMAN_6_N001
CA,33.01807814061963,-116.85297051775383,CREELMAN_6_N004
CA,33.01807814061963,-116.85308148224618,CREELMAN_6_N014
TPWR,47.08289043534747,-122.40039719023882,CRESCENT_FDR1LNODE
TPWR,47.08270956449904,-122.40039719068973,CRESCENT_FDR2LNODE
TPWR,47.08270956449904,-122.40066280931029,CRESCENT_FDR3LNODE
TPWR,47.08289043534747,-122.4006628097612,CRESCENT_FDR4LNODE
CA,37.42852799998634,-120.63869009866292,CRESSEY_1_N001
CA,37.42852799998634,-120.63880390133708,CRESSEY_1_N003
CA,32.699023999988746,-116.35373376108788,CRESTWD_6_N001
BPAT,47.770999,-118.5057866,CREST_BP_LNODEPAL
PSE,48.3075,-122.59638966,CRE_LNODEXF1
SRP,33.266367,-111.61698866,CRISMON_QCKS1GNODE
APS,33.5804918882564,-112.10763366,CRL_LNODE13A
APS,33.58041105585916,-112.1075769826949,CRL_LNODER1A
APS,33.58041105585916,-112.10768901730512,CRL_LNODER2A
PGE,45.523197,-123.04812666,CRNL_LNODEWR1
NV,40.66357299998468,-118.18325340675757,CROFOOT_LNODE61
TPWR,47.170270434935134,-122.4453769724995,CROFT_FDR1LNODE
TPWR,47.17008956491096,-122.44537697295256,CROFT_FDR2LNODE
TPWR,47.17008956491096,-122.44564302704757,CROFT_FDR3LNODE
TPWR,47.170270434935134,-122.44564302750052,CROFT_FDR4LNODE
TIDC,37.4627004272953,-120.74007663097666,CROWLNDG_LNODEDR1
TIDC,37.462786962981,-120.74008093336965,CROWLNDG_LNODEDR3
TIDC,37.462613876709,-120.74007836438766,CROWLNDG_LNODEDR4
TIDC,37.4625421344261,-120.74007430535465,CROWLNDG_LNODEDR5
TIDC,37.4627827502437,-120.74027035134766,CROWLNDG_LNODEDR7
BANC,40.64683999998475,-122.62710042533166,CRR_7_UNIT1GNODE
BANC,40.64683999998475,-122.62721957466836,CRR_7_UNIT2GNODE
NV,38.251020999985954,-117.37269157816044,CRSC DUN_GNODEIT
NV,38.251020999985954,-117.37280642183957,CRSCDUN_LNODESS
CA,33.463375,-117.57049166,CRSTNTS_6_N001
SCL,48.71577553065536,-121.14139430518122,CRSTN_SC_LNODE800
SCL,48.715596469185414,-121.14139430566419,CRSTN_SC_LNODE801
SCL,47.506449,-122.2671866,CRSTN_SC_LNODE802
SCL,47.50644899992237,-122.26704630722179,CRSTN_SC_LNODE803
SCL,47.506358689485694,-122.26704630745182,CRSTN_SC_LNODE804
SCL,47.50629483043447,-122.26714084240687,CRSTN_SC_LNODE805
SCL,47.506279558730306,-122.26727260940255,CRSTN_SC_LNODE806
SCL,47.506310837821886,-122.26739802690842,CRSTN_SC_LNODE807
SCL,47.50637670284498,-122.26748949597062,CRSTN_SC_LNODE808
SCL,47.50646205398496,-122.26753318960773,CRSTN_SC_LNODE809
SCL,47.50655222955351,-122.26752588584075,CRSTN_SC_LNODE810
SCL,47.50663483671857,-122.26747185665644,CRSTN_SC_LNODE811
SCL,47.506700553774685,-122.26738015408897,CRSTN_SC_LNODE812
SCL,47.50674330945767,-122.26726239268383,CRSTN_SC_LNODE813
SCL,47.50676009055509,-122.26713102745937,CRSTN_SC_LNODE814
NV,40.406011,-116.60931866,CRSTVLY_LNODE44
AVA,46.3721,-117.090266,CRTCHFLD_1_1LNODE
NWMT,47.18458743354789,-109.2778439386673,CRTRS_PD_LNODEILG
NWMT,47.18440656629804,-109.27784393912064,CRTRS_PD_LNODEINF
NWMT,47.18440656629804,-109.27811006087937,CRTRS_PD_LNODEROY
NWMT,47.18458743354789,-109.27811006133271,CRTRS_PD_LNODERTR
PGE,45.586617,-122.69813566,CRTS_LNODEWR1
PGE,45.69393472889497,-119.80825766,CRTY_5_GNODECTG
PGE,45.693854135533094,-119.80819038422689,CRTY_5_GNODESTG
PGE,45.693854135533094,-119.80832361577313,CRTY_LNODEDSS
CA,37.021645,-122.15438366,CRUSHER_6_N001
NWMT,46.006367,-112.51009966,CRUSHER_LNODEOAD
PGE,45.40372999998228,-122.52942422737159,CRVR_LNODEWR2
PGE,45.40372999998228,-122.52955177262842,CRVR_LNODEWR3
CA,37.377307,-121.08567266,CRWSLDG_6_N001
PSE,46.953439,-121.47526466,CRYPSE_LNODERGS
CA,37.528913,-122.36106766,CRYSTLSG_6_N001
NWMT,46.120791,-111.44753366,CR_CR_US_LNODEOAD
BPAT,45.228813,-123.1598266,CSCDL_BP_LNODEURN
CA,37.353858999986436,-121.95587117992001,CSCGNRA1_7_N101
CA,37.353858999986436,-121.95598482007999,CSCGNRA2_7_N101
PGE,45.847609763950345,-119.67255766,CSP1_5_GNODECTG1
PGE,45.84752911800538,-119.67249015684531,CSP1_5_GNODESTG1
PGE,45.84752911800538,-119.67262384315468,CSP1_LNODEFN4
NWMT,45.871503,-106.7795166,CSTLROCK_LNODEOAD
CA,36.762604151493385,-121.73625384675148,CSTRVLLE_1_N001
CA,36.762604151493385,-121.73647815324854,CSTRVLLE_1_N003
CA,36.76278384840137,-121.73647815351131,CSTRVLLE_1_N004
APS,33.14469544719258,-112.67625304482442,CTL_7_HYD2_BESSGNODE
APS,33.14463212386927,-112.67632867357696,CTL_7_HYD_BESSGNODE
APS,33.02552953164642,-113.32808321478707,CTL_GNODEHY2
APS,33.02535046826251,-113.32808321500465,CTL_GNODEHYD
APS,33.02535046826251,-113.32829678499601,CTL_LNODE12A
APS,33.02552953164642,-113.32829678521294,CTL_LNODER4A
PSE,47.339167,-122.24166766,CTRDIST_LNODEXF2
CA,33.926051,-118.10606766,CTRPKGEN_7_B1
BPAT,45.7986,-119.371566,CTTNW_BP_LNODEOTD
APS,34.743473405896424,-112.0353549785312,CT_LNODE10A
APS,34.7432925940046,-112.03535497877199,CT_LNODE14A
APS,34.7432925940046,-112.03557502122867,CT_LNODE18A
APS,34.743473405896424,-112.03557502146887,CT_LNODE22A
SRP,33.465917,-111.77874966,CULBR_SR_LNODELD1
PSE,47.285556,-121.92566,CUM_LNODEXF1
BPAT,44.06208216,-123.057008466,CURRIN_LNODE2KV
NV,39.15854072491568,-119.76821166,CURRYST_LNODE80
NV,39.15846013752678,-119.76815099614245,CURRYST_LNODE81
NV,39.15846013752678,-119.76827100385756,CURRYST_LNODE82
CA,37.974949221777045,-120.32066866,CURTIS1_7_N001
CA,37.974867889096444,-120.32060843056675,CURTISS_1_N010
CA,37.974867889096444,-120.32072756943327,CURTISS_1_N101
TPWR,47.42392999998054,-123.22129322358269,CUSHMAN1_7_G21GNODE
TPWR,47.42392999998054,-123.22142677641733,CUSHMAN1_7_G22GNODE
TPWR,47.3687603835491,-123.15909654854967,CUSHMAN2_7_G31GNODE
TPWR,47.36857961629602,-123.15909654900703,CUSHMAN2_7_G32GNODE
TPWR,47.36857961629602,-123.15936345099297,CUSHMAN2_7_G33GNODE
TPWR,47.3687603835491,-123.15936345145036,CUSHMAN2_SYNCLNODE
NWMT,46.291691,-109.03579666,CUSHMN_P_LNODEOAD
AVA,48.341801048320995,-117.30239065418432,CUSICKPD_1_XF1LNODE
AVA,48.341801048320995,-117.3025255126579,CUSICKPD_1_XF2LNODE
TPWR,47.1799304340398,-122.54978694961531,CUSTERTP_FDR1LNODE
TPWR,47.17974956580628,-122.54978695006858,CUSTERTP_FDR2LNODE
TPWR,47.17974956580628,-122.55005304993145,CUSTERTP_FDR3LNODE
TPWR,47.1799304340398,-122.55005305038469,CUSTERTP_FDR4LNODE
PSE,48.930243,-122.65901766,CUS_LNODEXF1
NWMT,48.62439899998021,-112.31425727244121,CUTBANK_LNODEOAD
NWMT,48.62439899998021,-112.31439272755878,CUTBNK_P_LNODEOAD
APS,34.5402512620105,-111.87834866,CU_LNODE10A
APS,34.540169868981515,-111.87829095176404,CU_LNODER2A
APS,34.540169868981515,-111.87840504823596,CU_LNODER6A
SRP,38.56125102580034,-112.58030874950154,CVFRT_SR_LNODEAUX
PGE,45.048313,-122.96256166,CVNT_7_GNODE1
PGE,45.04894,-122.96920866,CVNT_LNODETLD
APS,34.753176241592236,-112.46581166,CV_LNODE10A
APS,34.75309487919048,-112.46575382659007,CV_LNODE14A
APS,34.75309487919048,-112.46586817340993,CV_LNODER6A
PSE,47.694722,-122.19777866,CWD_LNODEXF2
APS,33.449398,-112.36274166,CW_LNODE10A
APS,33.44939799995357,-112.36263348127943,CW_LNODE12A
APS,33.44930828924132,-112.36263348139066,CW_LNODE14A
APS,33.44924485423078,-112.36270950855146,CW_LNODE18A
APS,33.449229683953554,-112.36281547864743,CW_LNODE20A
APS,33.44926075539715,-112.36291634229721,CW_LNODE21A
APS,33.44932618311359,-112.36298990371422,CW_LNODE22A
APS,33.44941096751219,-112.36302504294893,CW_LNODER9A
APS,33.583507,-111.88516666,CX_LNODE17A
APS,33.58350699995322,-111.88505818767902,CX_LNODE18A
APS,33.583417183610536,-111.88505818779124,CX_LNODE21A
APS,33.5833536739083,-111.8851344225584,CX_LNODE22A
APS,33.5833384857686,-111.88524068202477,CX_LNODE25A
APS,33.58336959379686,-111.8853418211011,CX_LNODE26A
APS,33.583435098550744,-111.88541558339206,CX_LNODE30A
APS,33.58351998277877,-111.88545081858274,CX_LNODE34A
APS,33.58360966498247,-111.88544492850177,CX_LNODE36A
APS,33.583691820139684,-111.88540135825896,CX_LNODE38A
CA,35.31,-119.6366,CYMRIC_1_N001
CA,35.304875,-119.61428166,CYMRIC_1_N004
APS,32.705277,-114.66604166,CY_LNODE10A
APS,32.70527699995498,-114.66593451834025,CY_LNODE12A
APS,32.70519940396864,-114.66598775921643,CY_LNODE13A
APS,32.70519940396864,-114.66609424078356,CY_LNODE14A
APS,32.70527699995498,-114.66614748165976,CY_LNODER1A
APS,32.705354596008824,-114.66609424087619,CY_LNODER2A
APS,32.705354596008824,-114.66598775912382,CY_LNODER5A
NWMT,45.203553,-110.89743266,DAILY_R_LNODEOAD
CA,37.055221,-120.31701566,DAIRYLND_1_N001
IPCO,42.740057,-114.77614266,DALE_LNODE132
AVA,47.74399999998058,-116.78533298296804,DALTON_1_13_1LNODE
AVA,47.74399999998058,-116.78546701703196,DALTON_1_13_2LNODE
CA,37.69180126214444,-122.45570466,DALYCTY_1_N001
CA,37.69171986891291,-122.45564461457239,DALYCTY_1_N005
BPAT,44.074020819982735,-123.17719326564541,DANEBO_LNODE2KV
BPAT,44.074020819982735,-123.17731913435459,DANEBO_LNODEKV2
CA,36.71900181109094,-119.76576504300834,DANISHCM_1_N001
NWMT,46.01577499998184,-114.1707704097578,DARBY_LNODEMPC
NWMT,46.01577499998184,-114.17089959024224,DARBY_LNODEREA
AVA,47.6526,-118.144266,DAVENPRT_1_DAVNPORTLNODE
CA,39.06008956957949,-121.70988464738468,DAVIS_1_N001
CA,39.05991043030674,-121.70988464767737,DAVIS_1_N007
CA,39.05991043030674,-121.71011535232263,DAVIS_1_N012
CA,39.06008956957949,-121.71011535261536,DAVIS_1_N018
CA,38.55228299998595,-121.69441750802936,DAVIS_1_N029
CA,38.55228299998595,-121.69453249197066,DAVIS_1_N030
CA,34.90309999998757,-118.25134492716377,DAWNLS_7_N001
TIDC,37.65097224893899,-120.47061952784466,DAWSON_6_UNIT1GNODE
NV,39.229461,-119.56377266,DAYTONTP_LNODE22
BPAT,45.21791,-123.0863666,DAYTON_LNODETON
SRP,32.903802459076225,-111.78942467802558,DBN_2_UNIT4GNODE
SRP,32.903802459076225,-111.78953132197442,DBN_2_UNIT5GNODE
APS,32.885011,-111.77500166,DBN_LNODEBL8
SRP,32.90387999995474,-111.78958464404222,DBN_U1GNODE
SRP,32.90395754090115,-111.78953132206787,DBN_U2GNODE
SRP,32.90395754090115,-111.7894246779322,DBN_U3GNODE
APS,32.369571,-112.83022866,DBY_GNODEAJO
APS,33.65208,-111.8927666,DD_LNODE10A
APS,33.652079999953045,-111.89265203079387,DD_LNODE12A
APS,33.651990124455104,-111.89265203090653,DD_LNODE13A
APS,33.65192657292396,-111.89272837660803,DD_LNODE18A
APS,33.65191137478094,-111.89283479069925,DD_LNODE20A
APS,33.65194250329737,-111.89293607694975,DD_LNODER1A
APS,33.65200805119389,-111.89300994657759,DD_LNODER2A
APS,33.652092991328495,-111.89304523304227,DD_LNODER4A
APS,33.65218273259916,-111.89303933439113,DD_LNODER5A
APS,33.65226494186606,-111.89299570074682,DD_LNODER9A
AVA,46.8012,-116.512966,DEARY_1_1LNODE
NV,36.185809,-115.04323866,DEBUONO_LNODE-1
NV,36.114141530468984,-115.21359917356362,DECATUR_LNODE-3
NV,36.113962469428984,-115.21359917381632,DECATUR_LNODE-4
NV,36.113962469428984,-115.21382082618369,DECATUR_LNODE-5
NV,36.114141530468984,-115.21382082643639,DECATUR_LNODE-7
BPAT,48.50692556182347,-122.80457781824482,DECAT_BP_LNODEATR
BPAT,48.50674643801824,-122.80457781872262,DECAT_BP_LNODEELY
BPAT,48.50674643801824,-122.80484818127739,DECAT_BP_LNODEHER
BPAT,48.50692556182347,-122.80484818175519,DECAT_BP_LNODETUR
CA,38.069999999985995,-121.86994263781038,DECCTG1_7_B1
CA,38.069999999985995,-121.85994263781036,DECCTG2_7_B1
CA,38.069999999985995,-121.87005736218964,DECCTG3_7_B1
CA,38.05999999998602,-121.86994264179833,DECPTSG_2_N001
CA,38.05999999998602,-121.87005735820169,DECPTSG_2_N018
CA,38.069999999985995,-121.86005736218965,DECSTG1_7_B1
PSE,47.033056,-122.92416766,DEC_LNODEXF1
NV,41.02890799998454,-116.43474007969975,DEEMINE_LNODE43
NV,41.02890799998454,-116.43485992030024,DEEMINE_LNODEDN
CA,38.55162999998592,-121.56020750817653,DEEPWATR_1_N101
CA,38.55162999998592,-121.56032249182347,DEEPWATR_1_N104
TPWR,47.282200414335286,-122.52102672167011,DEFIANCE_FDR1LNODE
TPWR,47.282019585510156,-122.52102672212565,DEFIANCE_FDR2LNODE
TPWR,47.282019585510156,-122.52129327787435,DEFIANCE_FDR3LNODE
TPWR,47.282200414335286,-122.52129327832989,DEFIANCE_FDR4LNODE
CA,33.84836303124857,-118.09699465999999,DELAMO_2_N001
CA,33.848281984362814,-118.09693765855927,DELAMO_2_N014
CA,33.848281984362814,-118.09705034144073,DELAMO_2_N022
CA,33.911933,-118.05200366,DELAMO_2_N050
BPAT,46.095127,-123.07373666,DELENA_LNODEFMR
NWMT,45.395812,-109.72064966,DELGER_LNODEOAD
AVA,46.80221878663661,-118.5461572798766,DELIGHT_1_DELIGHTLNODE
NWMT,44.702572,-112.690366,DELL_REA_LNODEOAD
CA,38.798798084934575,-121.22071481672931,DELMAR_6_N005
CA,32.980789999988666,-117.25535963525418,DELMAR_6_N010
CA,32.980789999988666,-117.25546636474584,DELMAR_6_N011
CA,36.599053999987,-121.85396212460867,DELMNTE_1_N010
CA,36.599053999987,-121.85407387539139,DELMNTE_1_N201
CA,37.80083,-121.6208366,DELTAPMP_2_N008
SRP,33.245373,-111.83266666,DELTA_SR_LNODELD3
SRP,33.24537299995411,-111.83255887780082,DELTA_SR_LNODELD4
SRP,33.24528341039906,-111.83255887791064,DELTA_SR_LNODELD5
SRP,33.24522006105917,-111.83263462468919,DELTA_SR_LNODELD6
BPAT,44.07312318998272,-123.10276436649767,DELTE_BP_LNODE2KV
BPAT,44.07312318998272,-123.10289023350366,DELTE_BP_LNODEKV2
BPAT,45.515104999982185,-120.68605411464813,DEMOS_BP_LNODESS
BPAT,45.515104999982185,-120.6861818853519,DEMOS_BP_LNODEUSH
SCL,47.619077,-122.33194166,DENNY_SC_LNODE100
SCL,47.61907699992219,-122.33180713589779,DENNY_SC_LNODE101
SCL,47.61898676795706,-122.33180713612883,DENNY_SC_LNODE102
SCL,47.61892296439388,-122.33190179222774,DENNY_SC_LNODE103
SCL,47.61890770595931,-122.33203372807837,DENNY_SC_LNODE104
SCL,47.61893895787171,-122.33215930630277,DENNY_SC_LNODE105
SCL,47.61900476566343,-122.33225089258076,DENNY_SC_LNODE106
SCL,47.619090042640565,-122.33229464221179,DENNY_SC_LNODE107
SCL,47.61918013985484,-122.33228732908705,DENNY_SC_LNODE108
SCL,47.61926267524209,-122.33223323066673,DENNY_SC_LNODE109
SCL,47.61932833519666,-122.33214141058438,DENNY_SC_LNODE110
SCL,47.619371053729296,-122.33202349826945,DENNY_SC_LNODE111
SCL,47.619387820245564,-122.33189196470137,DENNY_SC_LNODE112
SCL,47.61937827871615,-122.33175885035068,DENNY_SC_LNODE113
SCL,47.61934422583986,-122.33163488437536,DENNY_SC_LNODE114
SCL,47.619289079315045,-122.33152892991427,DENNY_SC_LNODE115
SCL,47.6192173623474,-122.33144769250748,DENNY_SC_LNODE116
SCL,47.61913423305805,-122.33139563401961,DENNY_SC_LNODE117
SCL,47.619045075148435,-122.33137504118494,DENNY_SC_LNODE118
SCL,47.618955157515686,-122.33138620504208,DENNY_SC_LNODE119
SCL,47.61886936448126,-122.33142767453273,DENNY_SC_LNODE120
SCL,47.61879199419297,-122.33149655409697,DENNY_SC_LNODE121
SCL,47.61872662008257,-122.33158882104874,DENNY_SC_LNODE122
SCL,47.61867600863032,-122.33169964379718,DENNY_SC_LNODE123
SCL,47.61864208583057,-122.33182368657496,DENNY_SC_LNODE605
SCL,47.61862594446002,-122.33195539027113,DENNY_SC_LNODE608
SCL,47.61862788435331,-122.33208922228131,DENNY_SC_LNODEBKA
SCL,47.618647478279186,-122.3322198910354,DENNY_SC_LNODEBKB
NWMT,47.271884999980756,-110.06416137176245,DENTON_LNODEMPC
NWMT,47.271884999980756,-110.06429462823756,DENTON_LNODEREA
BPAT,47.959753,-117.49625266,DERPK_BP_LNODEIPL
CA,36.22307799998724,-120.33680550479866,DERRICK_6_N002
CA,36.22307799998724,-120.33691649520135,DERRICK_6_N003
CA,39.716250681588065,-121.52100969471634,DESABLA_7_B1
CA,32.86524,-116.63375266,DESCANSO_6_N001
NV,39.753085,-118.95406566,DESRT PK_GNODEIT
SRP,32.903814999988704,-111.79086767801226,DESRTBSN_LNODE1AUX
SRP,32.903814999988704,-111.79097432198776,DESRTBSN_LNODE3AUX
PSE,47.403056,-122.31583366,DES_LNODEXF1
BPAT,44.724757,-122.25375366,DETROIT_2_G01GNODE
BPAT,44.72475699993,-122.25362629666087,DETROIT_2_G02GNODE
BPAT,44.7246669778506,-122.25375366,DETROIT_2_G03GNODE
BPAT,44.72475699993,-122.2538797033392,DETRO_BP_LNODESS1
BPAT,44.724847022149426,-122.25375366,DETRO_BP_LNODESS2
CA,34.245053,-115.56810866,DEVERS_1_N057
CA,33.9245,-116.530766,DEVERS_1_N081
CA,34.191656,-116.0905266,DEVERS_1_N103
CA,35.774930999987355,-119.97393475743564,DEVLDNPP_6_N003
CA,35.774930999987355,-119.97404524256437,DEVLSDN_6_N001
BPAT,43.924605999982774,-122.80565922073714,DEXTER_1_G01GNODE
BPAT,43.924605999982774,-122.8057847792629,DEXTER_LNODELEC
CA,35.451389,-118.98566,DEXZEL_1_N001
APS,34.57125826207193,-112.48131966,DE_LNODE10A
APS,34.57117686895075,-112.4812619304328,DE_LNODER1A
APS,34.57117686895075,-112.48137606956726,DE_LNODER5A
CA,36.72,-120.666,DFS_1_N001
CA,36.655315,-120.58032866,DGPAN1_7_B1
PSE,47.2375,-122.22666766,DGR_LNODEXF1
CA,38.40169803483637,-121.91992966,DGVADIX_7_B1
APS,33.68096,-111.98116566,DG_LNODE10A
APS,33.68095999995299,-111.98105696378796,DG_LNODE12A
APS,33.68087009886624,-111.98105696390094,DG_LNODE13A
APS,33.68080652924109,-111.98113335698267,DG_LNODE14A
APS,33.680791326770915,-111.98123983711427,DG_LNODE20A
APS,33.68082246414992,-111.98134118622293,DG_LNODER1A
APS,33.6808880307087,-111.9814151016945,DG_LNODER2A
APS,33.680972995026885,-111.98145041005834,DG_LNODER4A
APS,33.681062761848196,-111.98144450774687,DG_LNODER6A
CA,35.215923,-120.84754566,DIABLO1_7_B1
CA,35.215922999950024,-120.84743471985068,DIABLO1_7_N001
CA,35.215832902808515,-120.84754566,DIABLO2_7_B1
CA,35.215922999950024,-120.84765528014934,DIABLO2_7_N001
CA,35.21601309719158,-120.84754566,DIABLOCN_2_N001
SCL,48.715596469185414,-121.14166569433587,DIABLO_2_GEN31GNODE
SCL,48.71577553065536,-121.14166569481878,DIABLO_2_GEN32GNODE
AVA,46.9219,-117.525166,DIAMOND_1_XF1LNODE
BPAT,44.00530038998276,-123.07746293363536,DILAD_BP_LNODE2KV
BPAT,44.00530038998276,-123.07758866636469,DILAD_BP_LNODEKV2
NWMT,45.242344,-112.55019766,DIL_ARPT_LNODEOAD
NWMT,45.21820962809938,-112.64254676111851,DIL_CITY_LNODELD1
NWMT,45.218030371759326,-112.64254676151964,DIL_CITY_LNODELD2
NWMT,45.225304,-112.63029766,DIL_REA_LNODEOAD
AVA,48.14460151981184,-117.15568056183457,DIMND_LK_1_XF1LNODE
NWMT,47.1431,-114.84204866,DIMND_MC_LNODEOAD
CA,36.56911269503489,-119.41841731931687,DINUBAE_7_B2
CA,36.56893330486095,-119.41841731957626,DINUBAE_7_N001
CA,36.56893330486095,-119.41864068042375,DINUBA_6_N001
CA,36.56911269503489,-119.41864068068314,DINUBA_6_N005
CA,40.12799,-122.09783866,DIRYVLLE_6_N001
CA,35.371389,-119.01833366,DISCOVRY_7_N002
BPAT,45.63197599998211,-121.20327597847677,DISCO_BP_LNODEXF1
BPAT,45.63197599998211,-121.20340402152337,DISCO_BP_LNODEXF2
BPAT,47.99855,-122.88414966,DISCV_BP_LNODEBAY
SRP,33.353670353039334,-111.94233667604844,DISPLAY_LNODELD4
CA,32.68164976721957,-117.12008766,DIVISION_6_N001
CA,32.68156911637799,-117.12003167787331,DIVISION_6_N009
IPCO,43.3569,-115.452966,DIXI_LNODEIXI
CA,38.44545401121386,-121.82623766,DIXON-J1_6_N101
CA,37.457825231051295,-121.92135366,DIXONLD_1_N001
CA,37.457743884459624,-121.92129383478914,DIXONLD_1_N002
CA,37.457743884459624,-121.92141216521088,DIXONLD_1_N008
CA,38.445372994377905,-121.82617727706277,DIXON_6_B1
CA,38.445372994377905,-121.82629672293737,DIXON_6_N002
BPAT,47.30972,-114.30046466,DIXON_BP_LNODERLO
PGE,45.489,-123.09466,DLLY_LNODEBR1
SCL,47.549541,-122.36623966,DLRDG_SC_LNODE736
SCL,47.54954099992229,-122.36610523922567,DLRDG_SC_LNODE737
SCL,47.54945071775787,-122.36610523945609,DLRDG_SC_LNODE738
SCL,47.549386878698236,-122.36619982249148,DLRDG_SC_LNODE739
SCL,47.54937161177495,-122.36633165650332,DLRDG_SC_LNODE740
SCL,47.549402881074215,-122.36645713779616,DLRDG_SC_LNODE741
SCL,47.549468725477595,-122.36654865337968,DLRDG_SC_LNODE742
SCL,47.54955404989769,-122.36659236923998,DLRDG_SC_LNODE743
SCL,47.549644197236205,-122.36658506175904,DLRDG_SC_LNODE744
SCL,47.54972677854076,-122.3665310050959,DLRDG_SC_LNODE745
SCL,47.54979247502402,-122.36643925588838,DLRDG_SC_LNODE746
SCL,47.5498352173222,-122.36632143458928,DLRDG_SC_LNODE747
SCL,47.54985199316628,-122.36619000255166,DLRDG_SC_LNODE748
SCL,47.54984244632881,-122.36605699095149,DLRDG_SC_LNODE749
SCL,47.54980837450819,-122.36593312066476,DLRDG_SC_LNODE768
PGE,45.577065,-122.6927866,DLWR_LNODEWR2
NWMT,45.218030371759326,-112.64280123848037,DL_CITY_LNODELD1
NWMT,45.21820962809938,-112.6428012388815,DL_CITY_LNODELD2
NWMT,46.430332,-112.7279866,DL_COMPR_LNODEOAD
CA,38.69304699998593,-120.8256634734366,DMNDSPR_1_N001
CA,38.69304699998593,-120.82577852656999,DMNDSPR_1_N003
CA,37.7,-122.1566,DMTARSL_1_N001
APS,33.846032,-112.14020966,DM_LNODE10A
APS,33.84603199995253,-112.14010057616052,DM_LNODE12A
APS,33.84594194991313,-112.14010057627486,DM_LNODE13A
APS,33.84587827496305,-112.14017724344987,DM_LNODER1A
APS,33.84586304730444,-112.14028410562416,DM_LNODER2A
APS,33.84589423627262,-112.14038581836628,DM_LNODER4A
APS,33.84595991146438,-112.14045999904269,DM_LNODER5A
APS,33.846045016555024,-112.14049543409281,DM_LNODER9A
PGE,45.429432,-122.27555866,DNCR_LNODEBR1
PGE,45.469134999982174,-122.78696116316466,DNNY_LNODEWR1
PGE,45.469134999982174,-122.78708883683535,DNNY_LNODEWR2
IPCO,43.17853597994358,-115.73382266,DNPR_GNODE011
IPCO,43.17845501001024,-115.73375789366902,DNPR_GNODE012
IPCO,43.17845501001024,-115.73388610633098,DNPR_GNODE013
CA,39.339604,-121.19737866,DOBBINS_6_N001
SRP,33.393495803211486,-111.88070466,DOBSO_SR_LNODELD1
SRP,33.39341509838176,-111.88064819172696,DOBSO_SR_LNODELD2
SRP,33.39341509838176,-111.88075980827304,DOBSO_SR_LNODELD3
BPAT,46.50565399998137,-117.84592052398713,DODGEJCT_2_Z4GNODE
BPAT,46.50565399998137,-117.84605147601286,DODGE_BP_LNODE502
BPAT,46.4367810430623,-119.36477966,DOE45_BP_LNODEIGO
BPAT,46.43669997844871,-119.36471108693561,DOE45_BP_LNODEXF1
BPAT,46.43669997844871,-119.36484691306438,DOE45_BP_LNODEXF2
CA,36.800296,-121.76912366,DOLANRD_1_N001
CA,38.13,-121.6566,DOMTAR_1_N001
CA,38.198681999986036,-120.01535840676017,DONNELLS_7_B1
NV,39.327305,-120.28181266,DONNER_LNODE07
BANC,37.69681945189631,-120.41992431977502,DONPEDRO_6_MIDUNIT1GNODE
BANC,37.696638577993326,-120.41992432005385,DONPEDRO_6_MIDUNIT2GNODE
BANC,37.696638577993326,-120.42015290994614,DONPEDRO_6_MIDUNIT3GNODE
BANC,37.69681945189631,-120.42015291022497,DONPEDRO_6_MIDUNIT4GNODE
TIDC,37.696159890468,-120.4206077500803,DONPEDRO_6_UNIT1GNODE
TIDC,37.69615989041284,-120.42049345587557,DONPEDRO_6_UNIT2GNODE
TIDC,37.696069453519215,-120.4206077500803,DONPEDRO_6_UNIT3GNODE
TIDC,37.69615989041284,-120.42072204428504,DONPEDRO_6_UNIT4GNODE
TIDC,37.6962503274167,-120.4206077500803,DONPEDRO_LNODENSS
SRP,33.291782,-111.96675966,DON_7_BATTERYGNODE
BPAT,45.72700999998204,-120.82496185425856,DOOLEY_2_Z1GNODE
BPAT,45.72700999998204,-120.82509014574144,DOOLEY_2_Z2GNODE
SRP,33.291721,-111.96541966,DORMA_SR_LNODELD2
CA,36.97484,-120.63501266,DOSPALS_6_N001
CA,35.500556,-119.04583366,DOUBLEC_7_B1
NV,39.560003999985504,-119.51318688762537,DOVE_GNODEIT
NV,39.560003999985504,-119.51330311237477,DOVE_LNODEIE
AVA,47.63640942062717,-116.86574682290427,DOWER_7_LDEQLNODE
NWMT,45.688555,-110.5113166,DOWNER_LNODEOAD
NV,39.042660745781546,-119.69628366,DOWNS_LNODE85
NV,39.04258012709385,-119.69622307142137,DOWNS_LNODE86
NV,39.04258012709385,-119.6963429285787,DOWNS_LNODE87
NWMT,46.667382,-114.02737866,DOYLE_LNODEOAD
TEPC,32.254106,-110.99341766,DP_7_DEMOSSGNODE
BPAT,43.658102206875256,-123.31474366,DRAIN_BP_LNODEAIN
BPAT,43.658020896544016,-123.31467811226855,DRAIN_BP_LNODEOUG
BPAT,43.658020896544016,-123.31480788773146,DRAIN_BP_LNODETON
IPCO,43.5254,-116.141266,DRAM_IP_LNODE135
IPCO,43.52539999993244,-116.1410755149547,DRAM_IP_LNODE136
IPCO,43.525309739667385,-116.14107551514095,DRAM_IP_LNODE137
IPCO,43.52524591608363,-116.14116353926752,DRAM_IP_LNODE138
IPCO,43.52523065286755,-116.14128623121367,DRAM_IP_LNODE139
IPCO,43.52526191460423,-116.14140301095726,DRAM_IP_LNODE140
IPCO,43.52532774306363,-116.14148818031428,DRAM_IP_LNODE141
IPCO,43.5254130468035,-116.14152886460647,DRAM_IP_LNODE142
TEPC,32.14940701818208,-110.94484766,DREXEL_LNODEDIST1
TEPC,32.149325990896926,-110.94479174654522,DREXEL_LNODEDIST2
TEPC,32.149325990896926,-110.94490225345487,DREXEL_LNODEDIST3
PGE,45.39924455154506,-122.7646724631072,DRHM_LNODEWR1
PGE,45.39906544831308,-122.76467246351146,DRHM_LNODEWR2
PGE,45.39906544831308,-122.76492753648854,DRHM_LNODEWR3
PGE,45.39924455154506,-122.76492753689281,DRHM_LNODEWR4
APS,34.979577999987555,-112.37184390516857,DRK_LNODE11L
APS,34.979577999987555,-112.37195409483142,DRK_LNODE19L
NWMT,46.664342,-113.15332566,DRMD_CTY_LNODEK1L
CA,39.2677459999428,-120.77602235710607,DRUM5_7_B1
SRP,34.636267315832214,-110.13476404502836,DRYE_U1GNODE
SRP,34.636188999950704,-110.13470909016051,DRYE_U2GNODE
SRP,34.636110684143155,-110.13476404513214,DRYE_U3GNODE
AVA,46.4116,-117.112166,DRYGULCH_1_XFMR13LNODE
SRP,34.636110684143155,-110.13487395486787,DRYW_U1GNODE
SRP,34.636188999950704,-110.1349289098395,DRYW_U2GNODE
SRP,34.636267315832214,-110.13487395497165,DRYW_U3GNODE
NWMT,45.215351,-109.06434466,DRY_CRKC_LNODEOAD
APS,33.60927999998832,-112.25332306456711,DR_LNODER1A
APS,33.60927999998832,-112.2534309354329,DR_LNODER2A
CA,35.935614,-120.84049966,DSAMIGO_2_N011
APS,32.64721177845996,-114.43040366,DSN_7_FHS_BESS1GNODE
APS,32.647131110757954,-114.43034768762612,DSN_7_FHS_BESS2GNODE
APS,33.622866,-111.95977366,DS_LNODE12A
APS,33.622865999953135,-111.95966509805852,DS_LNODE13A
APS,33.622788187621715,-111.95971904907799,DS_LNODE14A
APS,33.622788187621715,-111.95982695092202,DS_LNODER1A
APS,33.622865999953135,-111.9598809019415,DS_LNODER4A
APS,33.622943812354805,-111.95982695101948,DS_LNODER5A
APS,33.622943812354805,-111.95971904898053,DS_LNODER9A
CA,39.25662499998567,-120.76659018762557,DTCHFLT1_7_B1
CA,39.25662499998567,-120.76670581237457,DTCHFLT2_7_B1
APS,33.56811388204776,-111.97834266,DT_LNODER2A
APS,33.56803305896355,-111.97828599717995,DT_LNODER3A
APS,33.56803305896355,-111.97839800282004,DT_LNODER4A
BPAT,47.660629,-122.95014966,DUCKB_BP_LNODE115
BPAT,45.45342999998221,-121.13128917909421,DUFUR_BP_LNODEXF1
BPAT,45.45342999998221,-121.13141682090587,DUFUR_BP_LNODEXF3
CA,36.85999999998676,-121.75994379811462,DUKMOSS1_7_B1
CA,36.85999999998676,-121.76005620188539,DUKMOSS1_7_N001
CA,36.85,-121.7666,DUKMOSS2_7_B1
CA,36.84999999994714,-121.75988762218331,DUKMOSS2_7_N001
CA,36.84991007433619,-121.7666,DUKMOSS3_7_B2
CA,36.84999999994714,-121.76011237781668,DUKMOSS3_7_N001
CA,36.85008992566386,-121.7666,DUKMOSS3_7_N002
CA,36.85,-121.7266,DUKMOSS4_7_B1
CA,36.84999999994714,-121.71988762218332,DUKMOSS4_7_N001
CA,36.83999999998681,-121.71994382404901,DUKMOSS5_7_B1
CA,36.83999999998681,-121.720056175951,DUKMOSS5_7_N001
CA,36.84991007433619,-121.7266,DUKMOSS6_7_B2
CA,36.84999999994714,-121.72011237781669,DUKMOSS6_7_N001
CA,36.85008992566386,-121.7266,DUKMOSS6_7_N002
CA,37.557155251259346,-122.05760666,DUMBARTN_1_N001
CA,37.55707387435557,-122.05754673393427,DUMBARTN_1_N003
CA,37.55707387435557,-122.05766526606574,DUMBARTN_1_N011
CA,38.38322299998598,-122.52777754540058,DUNBAR_6_N001
CA,38.38322299998598,-122.52789245459942,DUNBAR_6_N002
CA,32.901543,-117.22995866,DUNHILL_6_N001
CA,36.64502999998689,-119.15909106962141,DUNLAP_6_N001
CA,38.924808,-121.98995166,DUNNIGAN_6_N001
CA,35.03321,-116.46733566,DUNNSIDE_1_N001
NV,36.11554171829086,-115.27613366,DURANGO_LNODE-1
NV,36.115461140840765,-115.27607541194935,DURANGO_LNODE-2
NV,36.115461140840765,-115.27619058805065,DURANGO_LNODE-3
NV,41.16318234574813,-117.64998199302913,DUTCHFL_LNODE07
NV,41.16300165412738,-117.64998199336003,DUTCHFL_LNODE08
NV,41.16300165412738,-117.65022200663999,DUTCHFL_LNODE09
NV,41.16318234574813,-117.65022200697086,DUTCHFL_LNODE10
NWMT,47.849848,-111.70992566,DUTTON_LNODEOAD
NWMT,47.826755,-111.40983566,DUTTON_P_LNODEOAD
PSE,47.114655,-122.63460166,DUT_LNODEXF1
PSE,47.731944,-121.97111166,DUV_LNODEXF1
APS,33.432833,-112.1177166,DU_LNODE12A
APS,33.43283299995362,-112.11760251598548,DU_LNODE13A
APS,33.432743301074325,-112.11760251609658,DU_LNODE14A
APS,33.43267987443086,-112.11767851871657,DU_LNODER1A
APS,33.43266470615463,-112.11778445460652,DU_LNODER4A
APS,33.43269577349997,-112.11788528569853,DU_LNODER5A
APS,33.432761192586526,-112.11795882337054,DU_LNODER6A
APS,33.43284596580197,-112.11799395126246,DU_LNODER9A
CA,34.25,-117.2966,DVLCYN1G_7_B1
CA,34.26,-117.3166,DVLCYN2G_7_B1
CA,34.19,-117.3366,DVLCYN3G_7_B1
CA,34.19,-117.3266,DVLCYN4G_7_B1
IPCO,43.544225,-116.10066666,DVPR_GNODEVPR
APS,33.771893,-111.99628966,DVY_LNODE10A
APS,33.77189299995276,-111.99618075064977,DVY_LNODE13A
APS,33.771803016941064,-111.99628966,DVY_LNODER1A
APS,33.77189299995276,-111.99639724935037,DVY_LNODER2A
APS,33.77198298305894,-111.99628966,DVY_LNODER4A
APS,33.663069,-112.13349566,DV_LNODE10A
APS,33.66306899995306,-112.13338700535193,DV_LNODE13A
APS,33.66297911475649,-112.13338700546478,DV_LNODE14A
APS,33.66291555636734,-112.13346336915633,DV_LNODE17A
APS,33.662900356584274,-112.13356980832286,DV_LNODE18A
APS,33.66293148845979,-112.13367111844036,DV_LNODE20A
APS,33.66299704342964,-112.13374500547489,DV_LNODE21A
APS,33.663081992730255,-112.1337803002546,DV_LNODE22A
APS,33.66317174368511,-112.13377440021362,DV_LNODE28A
APS,33.66325396182346,-112.13373075628759,DV_LNODE30A
APS,33.663319369364395,-112.13365668060828,DV_LNODER9A
SCL,47.514354,-122.30717866,DWMSH_SC_LNODE670
SCL,47.51435399992225,-122.30704429450199,DWMSH_SC_LNODE671
SCL,47.5142636944962,-122.30704429473208,DWMSH_SC_LNODE672
SCL,47.514199838988034,-122.30713883868135,DWMSH_SC_LNODE673
SCL,47.514184568131164,-122.30727061821355,DWMSH_SC_LNODE674
SCL,47.51421584548731,-122.30739604765182,DWMSH_SC_LNODE675
SCL,47.51428170685608,-122.30748752541666,DWMSH_SC_LNODE676
SCL,47.514367053260564,-122.30753122321093,DWMSH_SC_LNODE677
SCL,47.514457223825985,-122.30752391874927,DWMSH_SC_LNODE678
SCL,47.51453982640784,-122.30746988442449,DWMSH_SC_LNODE679
SCL,47.514605539817886,-122.3073781731322,DWMSH_SC_LNODE680
SCL,47.514648293128765,-122.30726040052292,DWMSH_SC_LNODE681
SCL,47.514665073295184,-122.30712902279997,DWMSH_SC_LNODE682
SCL,47.51465552399812,-122.30699606616737,DWMSH_SC_LNODE683
SCL,47.51462144339892,-122.30687224707016,DWMSH_SC_LNODE684
SCL,47.514566251978344,-122.30676641814584,DWMSH_SC_LNODE685
SCL,47.51449447662429,-122.30668527698938,DWMSH_SC_LNODE686
SCL,47.51441127965711,-122.30663328017914,DWMSH_SC_LNODE687
SCL,47.51432204916113,-122.30661271174047,DWMSH_SC_LNODE688
SCL,47.514232058323174,-122.30662386236777,DWMSH_SC_LNODE689
SCL,47.51414619544107,-122.30666528272266,DWMSH_SC_LNODE690
SCL,47.514068762162076,-122.30673408067625,DWMSH_SC_LNODE691
SCL,47.514003334827514,-122.30682623830894,DWMSH_SC_LNODE692
SCL,47.51395268216985,-122.30693692975437,DWMSH_SC_LNODE693
BPAT,46.528443,-116.36718966,DWORSHAK_1_G01GNODE
BPAT,46.52844299992516,-116.36705796489343,DWORSHAK_5_G02GNODE
BPAT,46.52835284858081,-116.36718966,DWORSHAK_5_G03GNODE
APS,34.55023626214465,-112.24849266,DW_LNODE10A
APS,34.55015486891438,-112.24843494477818,DW_LNODE14A
APS,34.55015486891438,-112.24854905522184,DW_LNODER2A
APS,33.756222,-111.93428666,DX_LNODE10A
APS,33.756221999952764,-111.93417778752665,DX_LNODE12A
APS,33.756132031145945,-111.93428666,DX_LNODE13A
APS,33.756221999952764,-111.93439421247335,DX_LNODER1A
APS,33.75631196885406,-111.93428666,DX_LNODER2A
PGE,45.20366699998231,-123.10438239095339,DYTN_LNODEBR1
PGE,45.20366699998231,-123.10450960904667,DYTN_LNODEBR3
APS,33.595058,-112.34251866,DY_LNODE12A
APS,33.59505799995323,-112.34241016150925,DY_LNODE13A
APS,33.59496817383668,-112.34241016162157,DY_LNODE14A
APS,33.59490465722332,-112.3424864148935,DY_LNODE17A
APS,33.594889467430804,-112.34259270015255,DY_LNODE18A
APS,33.59492057884422,-112.34269386377882,DY_LNODE20A
APS,33.594986090726266,-112.34276764397448,DY_LNODE21A
APS,33.59507098419146,-112.3428028877181,DY_LNODE25A
APS,33.595160676154464,-112.34279699620748,DY_LNODE26A
APS,33.59524284025189,-112.34275341538881,DY_LNODE29A
APS,33.59530820480123,-112.34267944682102,DY_LNODER9A
APS,33.744515,-111.88614566,DZ_LNODE10A
APS,33.74451499995282,-111.8860368150507,DZ_LNODE12A
APS,33.74442504170149,-111.88603681516416,DZ_LNODE13A
APS,33.74436143165509,-111.88611331341876,DZ_LNODER1A
APS,33.7443462195182,-111.88621994014471,DZ_LNODER2A
APS,33.74437737669593,-111.8863214287839,DZ_LNODER4A
APS,33.74444298494553,-111.88639544601777,DZ_LNODER5A
APS,33.74452800328888,-111.88643080299259,DZ_LNODER9A
NV,39.56298299998551,-119.51910488416587,E TRACY_GNODET3
NV,39.56298299998551,-119.51922111583414,E TRACY_GNODET4
CA,33.82005401596653,-115.4466,EAGLEMTN_2_N001
CA,33.8199729920039,-115.43994369314599,EAGLEMTN_2_N002
BPAT,46.68300299998117,-119.19061220763567,EAGLE_BP_LNODEBID
BPAT,46.68300299998117,-119.19074379236443,EAGLE_BP_LNODEEND
NV,39.621437637560526,-119.20844962902278,EAGLE_LNODE01
NV,39.62125836232329,-119.20844962932425,EAGLE_LNODE02
NV,39.62125836232329,-119.20868237067577,EAGLE_LNODE18
CA,38.8293359999859,-122.81077743066048,EAGLROCK_2_N001
CA,38.8293359999859,-122.81089256933954,EAGLROCK_2_N012
IPCO,43.69480399998301,-116.34979151021666,EAGL_LNODE131
IPCO,43.69480399998301,-116.34991648978402,EAGL_LNODE132
SRP,33.39389199998846,-111.55952629799215,EALY_SR_LNODELD2
SRP,33.39389199998846,-111.55963370200784,EALY_SR_LNODELD4
PSE,47.465556,-122.22583366,EAR_LNODEXF1
CA,32.88501672380562,-117.20089466,EASTGATE_6_N004
CA,32.88493613808494,-117.20083859603457,EASTGATE_6_N101
CA,32.88493613808494,-117.20094940396542,EASTGATE_6_N201
TEPC,32.22947095779939,-110.83828765666466,EASTLOOP_LNODEDIST1
TEPC,32.229291042111484,-110.83828765687518,EASTLOOP_LNODEDIST2
TEPC,32.229291042111484,-110.83850034312482,EASTLOOP_LNODEDIST3
TEPC,32.22947095779939,-110.83850034333534,EASTLOOP_LNODEIST47
BPAT,48.429538,-119.50092466,EASTO_BP_LNODESER
CA,37.136003,-119.26077666,EASTWOOD_7_B1
NWMT,45.300545,-112.42545866,EAST_BNC_LNODEOAD
TPWR,47.25515,-122.4276166,EAST_F_FDR1LNODE
TPWR,47.255149999922786,-122.42747677947217,EAST_F_FDR2LNODE
TPWR,47.255059578522626,-122.42747677969963,EAST_F_FDR3LNODE
TPWR,47.25499564100799,-122.42757098072452,EAST_F_FDR4LNODE
TPWR,47.25498035053992,-122.42770228227556,EAST_F_FDR5LNODE
TPWR,47.255011668065045,-122.42782725676427,EAST_F_FDR6LNODE
TPWR,47.2550776140174,-122.42791840272416,EAST_F_FDR7LNODE
TPWR,47.25516307002831,-122.42796194201595,EAST_F_FDR8LNODE
APS,33.64418492110884,-111.88598466,EA_LNODER2A
APS,33.64410403943293,-111.88592790711152,EA_LNODER4A
APS,33.64410403943293,-111.88604009288849,EA_LNODER5A
TPWR,46.5053,-119.131366,EBCTP_7_GENGNODE
SCL,46.501,-119.09866,EBC_1_GEN165GNODE
CA,37.93,-122.0466,EBMUDGRY_1_N001
BPAT,47.492645999980574,-121.87289416485396,ECHOL_BP_LNODEING
BPAT,47.492645999980574,-121.87302783514616,ECHOL_BP_LNODESS
PGE,45.3576,-122.36206166,ECRK_LNODEBR1
APS,33.457898,-112.06573666,EC_LNODE13A
APS,33.457897999953595,-112.06562846332173,EC_LNODE17A
APS,33.45780828305237,-112.065628463433,EC_LNODE18A
APS,33.45774484366558,-112.06570450329187,EC_LNODE23A
APS,33.45772967234179,-112.06581049108676,EC_LNODE24A
APS,33.45776074592893,-112.06591137158267,EC_LNODE28A
APS,33.457826178159024,-112.06598494528596,EC_LNODER2A
APS,33.45791096840661,-112.06602009038967,EC_LNODER3A
APS,33.45800055131724,-112.06601421536605,EC_LNODER4A
APS,33.45808261551466,-112.06597075651797,EC_LNODER7A
CA,37.24503626216962,-121.79583861300117,EDENVALE_1_N001
CA,37.24485573772219,-121.79583861327272,EDENVALE_1_N004
CA,37.24485573772219,-121.79606538672729,EDENVALE_1_N006
CA,37.24503626216962,-121.79606538699896,EDENVALE_1_N008
IPCO,42.56174499998401,-114.23076620931816,EDEN_LNODE132
IPCO,42.56174499998401,-114.23088779068186,EDEN_LNODE51A
CA,37.738786999986225,-122.19371982090534,EDES_1_N001
CA,37.738786999986225,-122.19383417909468,EDES_1_N003
NWMT,45.479392,-108.85230666,EDGAR_P_LNODEOAD
NWMT,45.463681,-108.90237866,EDGAR_R_LNODEOAD
PSE,47.243056,-122.29333366,EDG_LNODEXF1
CA,34.986313,-118.73878766,EDMON1AP_7_N001
CA,34.986312999950265,-118.73867680688262,EDMON2AP_7_N001
CA,34.98622271993701,-118.73867680700414,EDMON3AP_7_N001
CA,34.98615888237297,-118.73875472524392,EDMON3AP_7_N002
CA,34.98614361582445,-118.73886333120366,EDMON4AP_7_N001
CA,34.98617488443967,-118.73896670370385,EDMON4AP_7_N002
CA,34.98624072734969,-118.73904209487608,EDMON5AP_7_N001
CA,34.986326049781965,-118.73907810817316,EDMON5AP_7_N002
CA,34.986416194964555,-118.7390720880403,EDMON6AP_7_N001
CA,34.98649877424742,-118.73902755565565,EDMON6AP_7_N002
CA,34.98656446909455,-118.73895197200042,EDMON7AP_7_N001
CA,34.98660721032227,-118.73885491008852,EDMON7AP_7_N002
CA,34.98662398575978,-118.73874663562566,EDMON8AP_7_N001
CA,34.986614439197844,-118.73863705990766,EDMON8AP_7_N002
CA,34.943887,-118.82483666,EDMONSTN_2_N023
CA,34.991871,-117.89000566,EDWARDS_1_N001
BPAT,45.81170199998192,-120.83346873376112,EECLO_BP_LNODE2KV
BPAT,45.81170199998192,-120.83359726623888,EECLO_BP_LNODEESS
BPAT,46.999877,-120.52232166,EELNS_BP_LNODESBG
CA,40.602658,-124.21019966,EELRIVR_6_N001
SRP,33.249324,-111.60196566,EGAN_SR_LNODELD2
NV,40.24677199998502,-118.39076294302957,EGLPCHR_LNODE2R
NV,40.24677199998502,-118.39088105697044,EGLPCHR_LNODE52
AVA,45.93171961254645,-116.10250262856846,EGRANGVL_1_EGRANVILLNODE
PSE,47.574166999980555,-122.13187710088995,EGT_LNODEXF1
PSE,47.574166999980555,-122.13201089911004,EGT_LNODEXF2
APS,32.882956543956354,-111.71466568847165,EG_LNODE13A
APS,32.882878999954755,-111.7146123770353,EG_LNODER1A
APS,32.882801456021056,-111.71466568856437,EG_LNODER2A
APS,32.882801456021056,-111.71477231143572,EG_LNODER4A
APS,32.882878999954755,-111.71482562296471,EG_LNODER6A
APS,32.882956543956354,-111.71477231152966,EG_LNODER9A
IPCO,45.066944,-117.86361166,EHWP_GNODEHWP
NWMT,45.76652274255534,-108.53658566,EIGHTHST_LNODEK1L
NWMT,45.766442128702884,-108.53651828063735,EIGHTHST_LNODEK2L
NWMT,45.766442128702884,-108.53665171936265,EIGHTHST_LNODEK3L
CA,38.058077,-121.37529266,EIGHTMI_2_N017
CA,33.830599,-116.49761266,EISENHOW_1_N001
CA,35.35714,-118.9713166,EISEN_6_N001
BPAT,46.14273,-122.90805266,EKELS_BP_LNODELSO
IPCO,43.668347999982984,-114.32769654715906,EKHN_LNODE131
IPCO,43.668347999982984,-114.32782145284095,EKHN_LNODE132
TPWR,46.76538,-122.1915366,ELBE_BKLNODE
PNM,36.522221,-108.15509866,ELBUTTE_1_ELBUTTEHYDROGNODE
CA,32.796809,-116.97103466,ELCAJNEG_7_GN001
CA,32.795346131065216,-116.97233863745876,ELCAJNGT_7_N001
CA,32.795346131065216,-116.97244936254124,ELCAJNGT_7_N004
NV,36.24061899998722,-115.28901549032477,ELCAPTAN_LNODE-1
NV,36.24061899998722,-115.28912650967537,ELCAPTAN_LNODE-2
CA,37.335801999986415,-120.50517320028959,ELCAPTN_1_N001
CA,37.335801999986415,-120.50528679971043,ELCAPTN_1_N004
CA,37.365512,-120.57899366,ELCAPTN_1_N005
PNM,34.80918288579527,-106.52565919836175,ELCERRO_1_MEADOWLAKEPVGNODE
CA,37.91620499998609,-122.30313670905947,ELCRRTO_1_N001
CA,37.91620499998609,-122.30325129094055,ELCRRTO_1_N023
CA,38.779268,-120.60652366,ELDORU1_7_B2
PSE,47.057222,-122.9666,ELD_LNODEXF2
BPAT,46.998729,-120.56379466,ELENS_BP_LNODEDR1
BPAT,46.99872899992349,-120.56366141807717,ELENS_BP_LNODEKLI
BPAT,46.99863857711856,-120.56366141830155,ELENS_BP_LNODEPSE
BPAT,46.99857463861001,-120.56375516776606,ELENS_BP_LNODERE1
BPAT,46.998559347904624,-120.56388583991443,ELENS_BP_LNODERV1
BPAT,46.99859066591785,-120.56401021532876,ELENS_BP_LNODERV3
BPAT,46.99865661289649,-120.56410092437069,ELENS_BP_LNODESB2
BPAT,46.99874207023615,-120.56414425494833,ELENS_BP_LNODEURE
BPAT,46.99883235800473,-120.56413701185886,ELENS_BP_LNODEWAY
PSE,46.990833,-122.17472266,ELE_GNODETTL
TPWR,47.05311043232649,-122.36875726885327,ELK PLN_FDR1LNODE
TPWR,47.05292956752019,-122.36875726930347,ELK PLN_FDR2LNODE
TPWR,47.05292956752019,-122.36902273069667,ELK PLN_FDR3LNODE
TPWR,47.05311043232649,-122.36902273114674,ELK PLN_FDR4LNODE
CA,39.12957472883464,-123.71177766,ELKCREEK_6_N001
CA,39.1294941355673,-123.71171701645353,ELKCREEK_6_N003
CA,35.45005393216391,-119.4866,ELKHIL1G_7_B2
CA,35.22604999998747,-119.37772885850012,ELKHIL1G_7_N001
CA,35.449973033904435,-119.47994266468339,ELKHIL2G_7_B2
CA,35.22604999998747,-119.37783914149989,ELKHIL2G_7_N001
CA,35.449973033904435,-119.48005733531667,ELKHIL3G_7_B1
NV,36.29346873287074,-115.29561166,ELKHORN_LNODEK1
NV,36.29338813355068,-115.29555326522613,ELKHORN_LNODEK2
NV,36.29338813355068,-115.29566873477388,ELKHORN_LNODEK3
CA,39.1294941355673,-123.71183698354646,ELK_6_N001
BANC,38.254784,-121.27819566,ELK_GNODEBOE
BANC,38.365542,-121.4169266,ELK_GNODEBRU
BANC,38.350107,-121.40884966,ELK_GNODEESC
BANC,38.364956,-121.3810966,ELK_GNODEKAM
BANC,38.239794,-121.33757166,ELK_GNODEKOS
BANC,38.302534,-121.29652266,ELK_GNODEMCK
BANC,38.339226,-121.43190366,ELK_GNODEPTP
BANC,38.344405,-121.12359166,ELK_GNODERSS
BANC,38.342876,-121.11984166,ELK_GNODETWI
CA,32.81585999998874,-117.08840071898302,ELLIOTT_6_N001
CA,32.81585999998874,-117.08850728101697,ELLIOTT_6_N004
NWMT,46.573379,-112.50616366,ELLISTON_LNODEOAD
CA,37.716505,-121.54876666,ELLIS_6_N001
CA,33.685278,-117.94277866,ELLIS_6_N003
CA,33.647155,-117.97954666,ELLIS_6_N006
CA,33.685126,-117.94359666,ELLIS_6_N105
SRP,33.41309381109081,-110.85866,ELLIS_SR_LNODE122
SRP,33.41301309444211,-110.85794417096227,ELLIS_SR_LNODE132
SRP,33.41301309444211,-110.85805582903787,ELLIS_SR_LNODELD1
CA,33.685294,-117.94308866,ELLSGTY_1_N001
PSE,47.271389,-122.22833366,ELL_LNODEXF1
NWMT,46.89427,-114.09248166,ELMAR_R_LNODEOAD
BPAT,47.008607254957894,-123.40269966,ELMA_BP_LNODEARY
BPAT,47.00852587250044,-123.40263009415801,ELMA_BP_LNODEAST
BPAT,47.00852587250044,-123.40276790584267,ELMA_BP_LNODEEST
PGE,44.928153999982484,-122.97823055281546,ELMA_PGE_LNODEBR1
PGE,44.928153999982484,-122.97835744718455,ELMA_PGE_LNODEBR2
BPAT,47.833601,-114.35385366,ELMO_BP_LNODELYP
IPCO,43.17764699998342,-115.71641031498919,ELMR_LNODE133
IPCO,43.17764699998342,-115.71653368501083,ELMR_LNODE62A
CA,37.186933,-120.49054766,ELNIDBIO_6_N001
CA,33.89624399998809,-118.37271472929694,ELNIDO_1_N001
CA,37.12061299998659,-120.47270746040513,ELNIDO_1_N004
CA,37.12061299998659,-120.47282053959489,ELNIDO_2_N001
CA,33.89624399998809,-118.37282327070305,ELNIDO_2_N012
APS,35.213793099089344,-111.62771572036003,ELN_LNODE12A
APS,35.213612900810624,-111.62771572060481,ELN_LNODE13A
APS,35.213612900810624,-111.6279362793952,ELN_LNODER1A
APS,35.213793099089344,-111.62793627963998,ELN_LNODER2A
CA,37.29223717683988,-121.93591366,ELPATIO_1_N001
CA,37.29215591156547,-121.93585402427247,ELPATIO_1_N006
CA,37.29215591156547,-121.93597197572754,ELPATIO_1_N015
NV,39.541604757302494,-119.77567866,ELRANCHO_LNODE-1
NV,39.54152412133318,-119.77561762992806,ELRANCHO_LNODE-2
NV,39.54152412133318,-119.77573837007193,ELRANCHO_LNODE-3
BPAT,46.430783,-119.02418266,ELTOP_BP_LNODEND2
CA,37.780090430972514,-122.37988558363396,EMBRCDR_2_N001
CA,37.77990956891692,-122.37988558391393,EMBRCDR_2_N008
CA,37.77990956891692,-122.3801144160861,EMBRCDR_2_N101
CA,37.780090430972514,-122.38011441636604,EMBRCDR_2_N104
NV,39.19199953577414,-119.75846147477483,EMERSON_LNODE21
NV,39.19182046411184,-119.75846147506924,EMERSON_LNODE22
NV,39.19182046411184,-119.75869252493078,EMERSON_LNODE23
NV,39.19199953577414,-119.75869252522517,EMERSON_LNODE24
SRP,32.869078,-111.55492766,EME_U1GNODE
CA,37.462178,-122.27793366,EMRLDLE_6_N001
CA,39.163430999985756,-121.56151425780503,EMRYSVE_1_N001
CA,39.163430999985756,-121.56162974219498,EMRYSVE_1_N003
CA,35.07,-118.4766,ENCANWND_6_N001
CA,39.247383,-121.63724866,ENCINAL_6_N001
CA,33.13699513479889,-117.33531843066032,ENCINA_1_N001
CA,33.13699513479889,-117.33542956933968,ENCINA_1_N049
CA,33.05068472041646,-117.28532566,ENCNITAS_6_N001
CA,33.05060413977941,-117.285269495533,ENCNITAS_6_N004
CA,33.05060413977941,-117.28538050446765,ENCNITAS_6_N011
BPAT,45.501665,-121.14198866,ENDER_BP_LNODESBY
BPAT,45.783928,-120.53597266,ENERGIZE_2_Z1GNODE
BPAT,44.11683,-123.1775266,ENID_RD_1_G01GNODE
NWMT,45.350433,-111.74143766,ENNIS_CY_LNODEOAD
BANC,37.65224426097517,-121.001366,ENSLEN_LNODEHKQ
BANC,37.65216286949752,-121.001240647499,ENSLEN_LNODELOU
BANC,37.65216286949752,-121.00135935250101,ENSLEN_LNODEWFN
PSE,48.87944399997992,-122.57243190793862,ENT_LNODE1
PSE,48.87944399997992,-122.5725680920614,ENT_LNODE2
PSE,47.206944,-121.98555666,ENU_LNODEXF1
APS,33.481993,-112.11001366,EN_LNODE10A
APS,33.48199299995354,-112.10990541188974,EN_LNODE12A
APS,33.48190326509559,-112.10990541200127,EN_LNODE13A
APS,33.48183981301153,-112.10998148822786,EN_LNODER1A
APS,33.48182463865118,-112.11008752671374,EN_LNODER2A
APS,33.48185571845755,-112.110188455458,EN_LNODER4A
APS,33.481921163783625,-112.11026206434967,EN_LNODER5A
APS,33.482005971001875,-112.11029722626267,EN_LNODER9A
APS,33.64209986660932,-111.979681053931,EO_LNODE10A
APS,33.64192013329686,-111.97968105415633,EO_LNODE12A
APS,33.64192013329686,-111.97989694584369,EO_LNODE13A
APS,33.64209986660932,-111.97989694606966,EO_LNODER9A
SCL,47.614714,-122.30307266,EPINE_SC_LNODE750
SCL,47.61471399992216,-122.30293814217002,EPINE_SC_LNODE751
SCL,47.61462376465571,-122.30293814240166,EPINE_SC_LNODE752
SCL,47.61455995875813,-122.30303279406486,EPINE_SC_LNODE753
SCL,47.61454469976527,-122.30316472373353,EPINE_SC_LNODE754
SCL,47.61457595282106,-122.30329029607405,EPINE_SC_LNODE755
SCL,47.614641763020586,-122.30338187806073,EPINE_SC_LNODE756
SCL,47.61472704311781,-122.3034256256418,EPINE_SC_LNODE757
SCL,47.61481714362843,-122.30341831285963,EPINE_SC_LNODE758
SCL,47.614899682035514,-122.30336421697407,EPINE_SC_LNODE759
SCL,47.614965344392324,-122.30327240119466,EPINE_SC_LNODE760
SCL,47.61500806448787,-122.30315449440397,EPINE_SC_LNODE761
SCL,47.6150248316176,-122.30302296699898,EPINE_SC_LNODE762
SCL,47.61501528973914,-122.30288985888545,EPINE_SC_LNODE763
SCL,47.61498123561696,-122.30276589871866,EPINE_SC_LNODE764
SCL,47.61492608707453,-122.30265994922209,EPINE_SC_LNODE765
PSE,47.529444,-122.62916766,EPO_LNODEXF1
PGE,45.49083,-122.58119266,EPRT_LNODEWR1
NWMT,45.289881999982256,-109.55236932619806,EROSBD_LNODEOAD
NWMT,45.289881999982256,-109.55249667380195,EROSBD_R_LNODEOAD
CA,36.930594,-121.76382766,ERTA_6_N001
CA,33.12543545233769,-117.11685766,ESCNDIDO_6_N001
CA,33.12552499995441,-117.11696392572938,ESCNDIDO_6_N046
CA,33.12561454766245,-117.11685766,ESCNDIDO_6_N053
CA,33.115770727187964,-117.08911966,ESCO_6_N001
CA,33.11569013639368,-117.08906344744015,ESCO_6_N004
CA,39.607876,-121.76844566,ESQUON_6_N001
PSE,48.74647853267344,-122.48514221923517,ESR_GNODEGEN1
PSE,48.746299467167006,-122.48514221971892,ESR_GNODEGEN2
PSE,48.746299467167006,-122.48541378028109,ESR_GNODEGEN3
PSE,48.74647853267344,-122.48541378076497,ESR_GNODEGEN4
PGE,45.28521999998225,-122.335294329912,ESTC_LNODEBR1
PGE,45.28521999998225,-122.33542167008801,ESTC_LNODEBR2
CA,37.653951261060854,-122.40303166,ESTGRND_1_N001
CA,37.65386986945481,-122.40297164604166,ESTGRND_1_N005
CA,37.65386986945481,-122.40309035395966,ESTGRND_1_N009
CA,37.876677,-122.18641566,ESTPRTL_1_N001
CA,39.938128,-120.91032266,ESTQNCY_6_N001
PGE,45.54187,-122.69512266,ESUB_LNODE123
PGE,45.541869999928714,-122.69499417018518,ESUB_LNODE415
PGE,45.54179246433814,-122.69505808518073,ESUB_LNODEK27
PGE,45.54179246433814,-122.69518591481926,ESUB_LNODEWR4
PGE,45.541869999928714,-122.69524982981484,ESUB_LNODEWR5
APS,33.567889,-112.30600266,ES_LNODE12A
APS,33.567888999953304,-112.30589422287305,ES_LNODE14A
APS,33.5677991967294,-112.30600266,ES_LNODE18A
APS,33.567888999953304,-112.30610977712696,ES_LNODE21A
APS,33.56797880327071,-112.30600199999999,ES_LNODER9A
IPCO,42.545347,-114.44471266,ETGT_LNODE132
CA,34.0881991507282,-117.52558266,ETIWANDA_2_N006
CA,34.075283,-117.51711666,ETIWANDA_6_GN001
CA,34.08066,-117.52069366,ETIWANDA_6_GN003
CA,34.0883812512724,-117.52557402372247,ETIWANDA_6_N001
CA,34.088117924622956,-117.52552537450832,ETIWANDA_6_N003
CA,34.0882007486314,-117.52557402395476,ETIWANDA_6_N004
CA,34.0882007486314,-117.52579197604527,ETIWANDA_6_N006
CA,34.0883812512724,-117.52579197627766,ETIWANDA_6_N008
CA,34.07872699998798,-117.51668452232897,ETIWANDA_6_N011
CA,34.128745,-117.42300366,ETIWANDA_6_N015
CA,34.070765,-117.51255566,ETIWANDA_6_N016
CA,34.07872699998798,-117.51679347767117,ETIWANDA_6_N018
CA,34.05099999998795,-117.59005444719487,ETIWANDA_6_N019
PSE,47.233333,-121.17722266,ETN_LNODEXF1
CA,34.088117924622956,-117.5256386254917,ETWPKGEN_7_B1
APS,33.349871,-112.42317166,ET_LNODE10A
APS,33.34987099995388,-112.42306368354424,ET_LNODE12A
APS,33.3497813554343,-112.42317166,ET_LNODER1A
APS,33.34987099995388,-112.42327831645576,ET_LNODER5A
APS,33.34996064456576,-112.42317166,ET_LNODER9A
BPAT,44.075592,-123.14656766,EUGENE_LNODEOOP
CA,40.793883999984665,-124.18290627263765,EUREKAA_6_N001
CA,40.793883999984665,-124.18302572736236,EUREKA_6_N001
NWMT,45.989868,-111.46697366,EUSTIS_LNODEOAD
SRP,33.44483899998843,-112.19767724543493,EVANS_SR_LNODELD1
SRP,33.44483899998843,-112.19778475456506,EVANS_SR_LNODELD2
PSE,47.415278,-122.227566,EVA_LNODEXF2
SRP,45.64999999998214,-122.5299359558373,EVERG_SR_LNODELD2
SRP,45.64999999998214,-122.53006404416271,EVERG_SR_LNODELD3
PSE,47.64638899998054,-122.12521104860762,EVE_LNODEXF1
PSE,47.64638899998054,-122.12534495139236,EVE_LNODEXF2
CA,37.303338999986465,-121.84081023756397,EVRGREEN_1_N001
CA,37.303338999986465,-121.84092376243609,EVRGREEN_1_N019
AVA,47.0575,-117.745666,EWAN_1_XF1LNODE
APS,33.413461,-112.13664566,EW_LNODEMR3
NV,36.0940925313501,-115.17938520075313,EXCALIB_LNODE-1
NV,36.09391346854797,-115.17938520100557,EXCALIB_LNODE-2
NV,36.09391346854797,-115.17960679899441,EXCALIB_LNODE-3
NV,36.0940925313501,-115.17960679924688,EXCALIB_LNODE-4
CA,37.59,-120.2966,EXCHQUER_7_B1
CA,38.08077268899996,-122.13762073271586,EXXONBH_7_B2
CA,38.08095331088854,-122.13762073299925,EXXONBH_7_N001
NWMT,45.81177612310606,-108.43404021244282,EXXON_LNODEK5L
NWMT,45.81177612310606,-108.43417378755717,EXXON_LNODEK6L
NWMT,45.710169,-110.36523466,E_AND_W_LNODEOAD
AVA,46.886,-117.355966,E_COLFAX_1_1LNODE
AVA,47.7039,-117.053366,E_FARMS_1_1LNODE
NWMT,45.691043999982114,-111.02102590266891,E_GALL_LNODEK3L
NWMT,45.691043999982114,-111.02115409733109,E_GALL_LNODEK4L
NWMT,46.591945,-111.9401166,E_HELENA_LNODEK4H
PSE,48.303611,-122.65333366,FAB_LNODEXF1
PSE,47.5827779999806,-122.16771109445703,FAC_LNODEXF1
PSE,47.5827779999806,-122.16784490554299,FAC_LNODEXF2
AVA,47.60836018572481,-117.6509221084165,FAIRCHLD_1_S_FAIRCHILDLNODE
AVA,47.64035559664132,-117.6498095570821,FAIRCHLD_1_XFMRLNODE
NWMT,47.61252,-111.98775966,FAIRFILD_LNODEOAD
TIDC,37.5006945896515,-120.86704878693367,FAIRGRND_LNODEDR1
TIDC,37.5005735349484,-120.86671866576665,FAIRGRND_LNODEDR3
TIDC,37.5005721589657,-120.86680382059566,FAIRGRND_LNODEDR4
TIDC,37.5005181954718,-120.86705133775565,FAIRGRND_LNODEDR5
TIDC,37.5005718981617,-120.86688733071466,FAIRGRND_LNODEDR7
TIDC,37.5005716373084,-120.86697083762266,FAIRGRND_LNODEDR8
CA,40.80027999998463,-124.1956542665485,FAIRHAVN_6_N001
CA,40.80027999998463,-124.19577373345153,FAIRHAVN_7_B1
NWMT,46.038756,-112.79001866,FAIRMON_LNODEOAD
NV,39.15190472573549,-119.74930966,FAIRVIW_LNODE10
NV,39.151824137116904,-119.74924900088561,FAIRVIW_LNODE11
NV,39.151824137116904,-119.74936899911438,FAIRVIW_LNODE12
BPAT,43.21331699998346,-124.07506225674055,FAIRV_BP_LNODE115
BPAT,43.21331699998346,-124.07518574325948,FAIRV_BP_LNODESS
CA,34.91059499998762,-120.44635292480474,FAIRWAY_1_N001
CA,34.91059499998762,-120.44646307519525,FAIRWAY_1_N002
SRP,33.43712882112812,-111.84666866,FAIRW_SR_LNODELD1
SRP,33.437048089423406,-111.84661214508628,FAIRW_SR_LNODELD2
SRP,33.437048089423406,-111.84672385491373,FAIRW_SR_LNODELD3
SRP,33.42680330524199,-111.67480252844588,FALCON_LNODELD1
SRP,33.42680330524199,-111.67501747155414,FALCON_LNODELD3
NV,39.460205562632794,-118.7840339960971,FALLON_LNODE01
NV,39.46002643725205,-118.78403399639562,FALLON_LNODE02
NV,39.46002643725205,-118.7842660036044,FALLON_LNODE03
NV,39.460205562632794,-118.78426600390291,FALLON_LNODESN
SRP,33.48377828609811,-111.93968120398908,FALLS_SR_LNODELD2
SRP,33.48377828609811,-111.93978879601093,FALLS_SR_LNODELD3
SRP,33.483855999953555,-111.93984259211847,FALLS_SR_LNODELD4
PSE,47.572222,-121.88833366,FAL_LNODEXF1
CA,35.60500099998741,-119.20248280260236,FAMOSO_1_N001
CA,35.60500099998741,-119.20259319739766,FAMOSO_6_N008
BPAT,45.2454369999823,-122.81690136059886,FARGO_BP_LNODE115
BPAT,45.2454369999823,-122.81702863940117,FARGO_BP_LNODERGO
CA,33.85654399998807,-116.49686777574072,FARREL_1_N001
CA,33.85654399998807,-116.49697622425927,FARREL_1_N002
LADWP,34.03809021316632,-118.37089113436087,FAR_SUB_LNODEONA
LADWP,34.0379097867377,-118.37089113459244,FAR_SUB_LNODEONB
LADWP,34.0379097867377,-118.37110886540755,FAR_SUB_LNODEONC
LADWP,34.03809021316632,-118.37110886563913,FAR_SUB_LNODEOND
NV,36.0353977228821,-115.03134466,FAULKNER_LNODE-1
NV,36.03531713854517,-115.03128646568966,FAULKNER_LNODE-2
NV,36.03531713854517,-115.03140153431036,FAULKNER_LNODE-3
CA,37.747357,-121.59825266,FAYETTE_1_B1
CA,37.97,-120.366,FBERBORD_1_N001
PSE,47.15583299998078,-122.28187750357456,FCH_LNODEXF1
PSE,47.15583299998078,-122.28201049642544,FCH_LNODEXF2
PSE,47.355556,-122.01888966,FCR_LNODEXF1
PNM,36.68590699998685,-108.48496001961314,FC_3_PNM_FCST4GNODE
PNM,36.68590699998685,-108.48507198038686,FC_5_PNM_FCST5GNODE
APS,36.68897175721251,-108.48249201586475,FC_GNODEFCST4
APS,36.68889399994754,-108.48243603184271,FC_GNODEFCST5
APS,36.68881624276124,-108.48249201597798,FC_LNODEBPS
APS,36.68881624276124,-108.48260398402203,FC_LNODEL1L
APS,36.68889399994754,-108.4826599681573,FC_LNODEL2L
APS,36.68897175721251,-108.48260398413525,FC_LNODEUXL
PSE,48.454449,-122.43613166,FD1_GNODEGEN1
PSE,48.454754,-122.43612166,FD2_GNODEGEN2
PSE,48.455082,-122.43452966,FD3_GNODEGEN3
PSE,48.455344,-122.43393166,FD4_GNODEGEN4
CA,33.093263724336374,-117.07363766,FELICITA_6_N001
CA,33.09318313781945,-117.07358146461416,FELICITA_6_N005
CA,33.09318313781945,-117.07369253538583,FELICITA_6_N009
CA,35.195188999987465,-119.58505586292793,FELLOWSG_7_N001
CA,35.195188999987465,-119.58516613707206,FELLOWSG_7_N002
NV,39.59079662028657,-119.24894670292272,FERNLEY_LNODE14
NV,39.59061737959754,-119.24894670322367,FERNLEY_LNODE15
NV,39.59061737959754,-119.24917929677646,FERNLEY_LNODE16
NV,39.59079662028657,-119.24917929707729,FERNLEY_LNODE17
BPAT,44.029031,-123.35215466,FERNR_BP_LNODEANE
BPAT,46.174678,-123.7573666,FERN_HIL_LNODEILL
SRP,33.26841699998851,-111.88078841835403,FERRI_SR_LNODELD1
SRP,33.26841699998851,-111.88089558164597,FERRI_SR_LNODELD2
PSE,48.82838672784398,-122.68611166,FER_GNODEGEN1
PSE,48.828306136056305,-122.6860403203257,FER_GNODEGEN2
PSE,48.828306136056305,-122.68618167967432,FER_GNODEGEN3
APS,33.96315599998806,-112.78397565188149,FE_LNODER2A
APS,33.96315599998806,-112.78408434811851,FE_LNODER4A
IPCO,42.821052,-114.93201366,FGWP_GNODE031
APS,32.647131110757954,-114.4304583123739,FHS_GNODEFHS
TEPC,31.56411626030489,-110.354137866,FH_7_FT_HUA_SOL_P1GNODE
TEPC,31.56403488483614,-110.35408266024426,FH_7_FT_HUA_SOL_P2GNODE
APS,32.668919,-114.4306566,FH_LNODE12A
APS,32.6689189999551,-114.43054353963869,FH_LNODE18A
APS,32.66882938127208,-114.4306566,FH_LNODE20A
APS,32.6689189999551,-114.43075646036132,FH_LNODE22A
APS,32.66900861872808,-114.4306566,FH_LNODER9A
BPAT,46.123913,-122.97623466,FIBRE89_1_G04GNODE
BPAT,46.1239129999268,-122.97610444499726,FIBRE89_1_G05GNODE
BPAT,46.123823205293085,-122.97623466,FIBRE89_1_G06GNODE
BPAT,46.1239129999268,-122.97636355500276,FIBRE89_1_G07GNODE
BPAT,46.12400279470691,-122.97623466,FIBRE89_1_G09GNODE
BPAT,48.500597,-122.69027666,FIDAL_BP_LNODESS
TPWR,47.24003,-122.3526366,FIFE_FDR1LNODE
TPWR,47.24002999992293,-122.35249681254288,FIFE_FDR2LNODE
TPWR,47.239939575160484,-122.35249681277018,FIFE_FDR3LNODE
TPWR,47.23987563526842,-122.35259099041063,FIFE_FDR4LNODE
TPWR,47.239860344231744,-122.35272225936745,FIFE_FDR5LNODE
TPWR,47.23989166292146,-122.35284720283266,FIFE_FDR6LNODE
TPWR,47.239957611326076,-122.35293832616635,FIFE_FDR7LNODE
TPWR,47.24004307051461,-122.35298185464968,FIFE_FDR8LNODE
CA,36.8220309999868,-119.85852484727553,FIGARDN_2_N001
CA,36.8220309999868,-119.85863715272448,FIGARDN_2_N101
AVA,47.53182221289902,-116.93135784765647,FIGHTCRK_1_METHANEGNODE
BPAT,45.50988799998222,-123.10076112029661,FILBERT_LNODEERT
BPAT,45.50988799998222,-123.10088887970339,FILBERT_LNODEROV
BPAT,45.879,-119.70466,FINLEY_B_7_G01GNODE
SRP,33.374934,-111.80982566,FINLEY_LNODELD1
CA,36.850688,-120.46657766,FIREBAGH_6_N001
NWMT,46.279644,-109.38208966,FISHCRK_LNODEEFC
BPAT,45.62177399998214,-122.50090899109803,FISHERS_LNODERK1
BPAT,45.62177399998214,-122.501037008902,FISHERS_LNODERK2
BANC,38.762778,-121.35694466,FIY_LNODE0LD
NV,36.114948718299296,-115.16281166,FLAMINGO_LNODE-1
NV,36.114868140836485,-115.16275341237515,FLAMINGO_LNODE-2
NV,36.114868140836485,-115.16286858762484,FLAMINGO_LNODE-3
PSE,47.4225,-122.24111166,FLC_LNODEXF1
PSE,48.009722,-122.51944466,FLD_LNODEXF1
TPWR,47.18898425987228,-122.5165366,FLETT_FDR1LNODE
TPWR,47.188902870043094,-122.51646085406783,FLETT_FDR2LNODE
TPWR,47.188902870043094,-122.51659914593219,FLETT_FDR3LNODE
CA,38.885303,-121.06675366,FLINT_1_N001
NWMT,46.6299539999812,-114.07982630033517,FLORENC_LNODEMPC
NWMT,46.6299539999812,-114.07995769966483,FLORENC_LNODEREA
BPAT,43.98275343688761,-124.08324831436452,FLORE_BP_LNODEETA
BPAT,43.9825725629746,-124.08324831474745,FLORE_BP_LNODEOOD
BPAT,43.9825725629746,-124.08349968525256,FLORE_BP_LNODEXF1
BPAT,43.98275343688761,-124.08349968563547,FLORE_BP_LNODEXF2
SRP,33.263746,-111.35494766,FLORJUNC_LNODELD3
CA,37.746099,-121.65376566,FLOWD3-6_7_N100
CA,37.731895999986165,-121.65189782594058,FLOWD3-6_7_N101
CA,37.731895999986165,-121.65201217405945,FLOWND1_1_N01
APS,34.05736599998801,-112.81659454577004,FLR_LNODER2A
APS,34.05736599998801,-112.81670345422995,FLR_LNODER4A
BPAT,48.245083683674515,-114.31248465111085,FLTHD_BP_LNODEDR4
BPAT,48.2450059999213,-114.31241730242628,FLTHD_BP_LNODEEWAY
BPAT,48.244928316286106,-114.31248465131543,FLTHD_BP_LNODESWAY
BPAT,48.244928316286106,-114.31261934868456,FLTHP_BP_LNODEDR2
BPAT,48.2450059999213,-114.31268669757371,FLTHP_BP_LNODEDR3
BPAT,48.245083683674515,-114.31261934888914,FLTHP_BP_LNODEDR4
SRP,33.446344,-111.93535366,FLUME_SR_LNODELD0
APS,33.453987,-112.07810866,FL_LNODE14A
APS,33.45398699995357,-112.07800047159671,FL_LNODE17A
APS,33.45389728590969,-112.07800047170795,FL_LNODE18A
APS,33.45383384854337,-112.07807650571547,FL_LNODE19A
APS,33.4538186777027,-112.07818248535467,FL_LNODER2A
APS,33.453849750300286,-112.07828335808787,FL_LNODER3A
APS,33.45391518044647,-112.0783569261295,FL_LNODER4A
APS,33.45399996799365,-112.07839206852877,FL_LNODER7A
APS,33.454089548051236,-112.07838619395717,FL_LNODER8A
CA,37.347699999986396,-121.92219018683775,FMC_1_N001
CA,37.347699999986396,-121.92230381316227,FMC_1_N003
PGE,44.929337,-123.04869166,FMNT_LNODEWR1
PSE,47.485278,-122.65527866,FNW_LNODEXF1
BANC,38.70678387306045,-121.1584666,FOLSOM_7_UNIT1GNODE
BANC,38.70670306345457,-121.15840021271839,FOLSOM_7_UNIT2GNODE
BANC,38.70670306345457,-121.15851978728162,FOLSOM_7_UNIT3GNODE
CA,35.27,-120.766,FOOTHILL_1_N001
SRP,33.38032099998841,-112.04526831165704,FOOTH_SR_LNODELD1
SRP,33.38032099998841,-112.04537568834297,FOOTH_SR_LNODELD2
BPAT,46.73702718461078,-123.00674566000001,FORDS_BP_LNODECL1
BPAT,46.73694590767421,-123.00667653086273,FORDS_BP_LNODECL2
BPAT,46.73694590767421,-123.00681346913727,FORDS_BP_LNODEIS4
AVA,47.904,-117.823466,FORD_1_13_1LNODE
NV,36.030676999987335,-115.1711066403506,FORD_LNODE-1
NV,36.030676999987335,-115.17121735964943,FORD_LNODE-2
BPAT,45.52463799998221,-123.088504104232,FORGR_BP_LNODEOR1
BPAT,45.52463799998221,-123.08863189576803,FORGR_BP_LNODEOR2
CA,39.812222,-121.57777866,FORKBUTT_7_B1
CA,39.01927,-120.83027166,FORSTHL_6_N001
CA,36.643363,-121.79213866,FORTORD_6_N001
CA,38.539559,-123.22371366,FORTRSS_6_N001
TEPC,31.56403488483614,-110.35419293975576,FORT_HUA_LNODEDIST
BPAT,44.994966,-120.20346366,FOSSI_BP_LNODE69
CA,38.02007534657929,-122.06127131707333,FOSTERW_7_N001
CA,38.01989465330933,-122.06127131735613,FOSTERW_7_N004
BPAT,44.41227899998265,-122.67144280783594,FOSTER_1_G01GNODE
BPAT,44.41227899998265,-122.67156919216407,FOSTER_1_G02GNODE
BPAT,47.99122990931972,-119.65359865534985,FOSTR_BP_LNODEDR1
BPAT,47.99105009052373,-119.65359865581797,FOSTR_BP_LNODEDR2
BPAT,47.99105009052373,-119.65386734418203,FOSTR_BP_LNODELAS
BPAT,47.99122990931972,-119.65386734465015,FOSTR_BP_LNODEOSS
BPAT,44.412054167633244,-122.67166,FOSTW_BP_LNODEBK1
BPAT,44.4119729161646,-122.67093432898086,FOSTW_BP_LNODEBK2
BPAT,44.4119729161646,-122.67106567101915,FOSTW_BP_LNODEURE
SRP,33.37131979464252,-111.94083966,FOUNDRY_LNODELD1
SRP,33.37123910266624,-111.94078321484437,FOUNDRY_LNODELD2
SRP,33.37123910266624,-111.94089478515563,FOUNDRY_LNODELD3
SRP,33.598537,-111.71400666,FOUNT_SR_LNODELD2
SRP,36.6870629999869,-108.48011101818497,FOUR_3_UNIT4GNODE
SRP,36.6870629999869,-108.48022298181506,FOUR_5_UNIT5GNODE
SRP,33.474246,-112.22981466,FOWLER_LNODELD1
APS,33.449995,-111.99393866,FP_LNODE10A
APS,33.4499949999536,-111.99383048002143,FP_LNODE12A
APS,33.449905288809234,-111.99383048013263,FP_LNODE13A
APS,33.44984185349313,-111.993906508183,FP_LNODE17A
APS,33.449826683142796,-111.99401247951887,FP_LNODER1A
APS,33.449857754736044,-111.99411334434879,FP_LNODER2A
APS,33.44992318276761,-111.99418690662657,FP_LNODER4A
APS,33.45000796757463,-111.99422204627237,FP_LNODER5A
APS,33.450097544737055,-111.994216172161,FP_LNODER9A
PSE,47.07972199998086,-122.36437759924327,FR1_GNODEGEN1
PSE,47.07972199998086,-122.36451040075687,FR2_GNODEGEN2
BPAT,43.32589999998336,-121.13253807314346,FR4_1_ROCKGRDN_G01GNODE
CA,38.012317,-122.26465566,FRANKLIN_6_N003
BPAT,46.231138,-119.04141466,FRANK_BP_LNODEDR1
BPAT,46.23113799992635,-119.04128405913562,FRANK_BP_LNODEDR2
BPAT,46.231048113300076,-119.04141466,FRANK_BP_LNODEDR3
BPAT,46.23113799992635,-119.04154394086437,FRANK_BP_LNODEDR4
BPAT,46.231227886699934,-119.04141466,FRANK_BP_LNODERV3
BPAT,47.110576,-122.35263566,FRANZ_BP_LNODEHOL
AVA,47.71569999998043,-117.43113300151377,FRAN_CDR_1_1LNODE
AVA,47.71569999998043,-117.4312669984863,FRAN_CDR_1_2LNODE
SRP,33.66363999998819,-111.12394600201402,FRAZI_SR_LNODELD1
SRP,33.66363999998819,-111.12405399798598,FRAZI_SR_LNODELD2
PSE,47.461389,-122.55555666,FRA_LNODEXF1
NWMT,46.947494,-114.19162866,FRCHTN_R_LNODEOAD
TPWR,47.07565831884867,-122.36945360456204,FRDRKSON_FDR1LNODE
TPWR,47.07557999992326,-122.36938720931924,FRDRKSON_FDR2LNODE
TPWR,47.07550168111301,-122.36945360475727,FRDRKSON_FDR3LNODE
TPWR,47.07550168111301,-122.36958639524279,FRDRKSON_FDR4LNODE
TPWR,47.07557999992326,-122.36965279068076,FRDRKSON_FDR5LNODE
TPWR,47.07565831884867,-122.36958639543796,FRDRKSON_FDR6LNODE
BPAT,48.543799449157945,-121.74124626338708,FRD_2_FREDCOGN_BPASHAREGNODE
CA,39.096050132760894,-121.62383096134931,FREC_7_B1
BPAT,47.086419999980826,-122.36552359053006,FREDCOGN_2_GTGNODE
BPAT,47.086419999980826,-122.36565640946996,FREDCOGN_2_STGNODE
PSE,45.269700601082505,-122.31878368412896,FREDCOGN_7_PSEGNODE
SRP,33.29156899998847,-111.76360039720184,FREESTON_LNODELD2
SRP,33.29156899998847,-111.76370760279816,FREESTON_LNODELD3
BPAT,45.95530199998193,-118.40073551023461,FREEW_BP_LNODETR1
BPAT,45.95530199998193,-118.40086448976538,FREEW_BP_LNODETR2
CA,37.54118124868743,-121.96206366,FREMNT_1_N001
CA,37.54109987564155,-121.96200374944321,FREMNT_1_N007
CA,37.54109987564155,-121.9621222505568,FREMNT_1_N013
NWMT,47.713293999980486,-111.95074700310667,FRFLD_WD_6_FRFWGNODE
NWMT,47.713293999980486,-111.95088099689333,FRFLD_WD_6_GRFWGNODE
PSE,47.069167,-122.87027866,FRG_LNODEXF2
CA,37,-119.70527866,FRIANTDM_7_B1
CA,32.77904499998872,-117.15675673371696,FRIARS_1_N001
CA,32.77904499998872,-117.15686326628304,FRIARS_1_N009
NV,36.001975999987266,-115.20512265694117,FRIAS_LNODE-2
NV,36.001975999987266,-115.20523334305885,FRIAS_LNODE-3
CA,40.68692,-122.64120466,FRNCHGLH_6_N001
CA,39.26765646965988,-120.77613866,FRNCHMD_7_B1
CA,38.056504,-120.5338166,FROGTOWN_7_N001
BPAT,44.571363,-123.04693466,FROMAN_LNODECPI
NWMT,45.391954,-108.9183166,FROMBERG_LNODEOAD
NWMT,46.755716,-109.85811466,FRONTRNG_LNODEOAD
BPAT,43.30749999998336,-120.99446189696965,FRS_1_CONNLEY_G01GNODE
BPAT,43.250563,-120.89928666,FRTRK_BP_LNODEATE
CA,40.21377199998503,-123.5965859902072,FRTSWRD_6_N001
CA,40.21377199998503,-123.59670400979287,FRTSWRD_6_N004
CA,40.28584,-123.83737266,FRUITLND_6_N001
CA,35.376774999987504,-119.09248683889676,FRUITVLE_6_N001
CA,35.376774999987504,-119.09259716110328,FRUITVLE_6_N101
PSE,47.155278,-122.29722266,FRU_LNODEXF2
PGE,44.53513699998246,-122.43128773956694,FRVW_LNODEWR1
PGE,44.53513699998246,-122.43141426043307,FRVW_LNODEWR2
TIDC,37.4895796064313,-120.83842409002766,FSTREET_LNODEDR1
TIDC,37.4896984214952,-120.83827021747966,FSTREET_LNODEDR3
TIDC,37.4896152090171,-120.83817367424166,FSTREET_LNODEDR4
TIDC,37.4894938869083,-120.8383392583766,FSTREET_LNODEDR5
NV,39.12815999994307,-119.13310356335559,FT CHUR_GNODE 1
NV,39.12808244879583,-119.13316128174135,FT CHUR_GNODE 2
NV,39.164541,-119.18146666,FT CHUR_GNODEIT
CA,38.60608399998592,-122.85282549557644,FTCHMTN_6_N001
CA,38.60608399998592,-122.85294050442357,FTCHMTN_6_N003
NV,39.12808244879583,-119.13327671825867,FTCHUR_LNODE10
NV,39.12815999994307,-119.13333443664443,FTCHUR_LNODEU1
NV,39.12823755117562,-119.13327671838577,FTCHUR_LNODEU2
TPWR,47.10564426199154,-122.5605166,FTLEW_C_BK_ELNODE
TPWR,47.105562868983526,-122.56044095969966,FTLEW_C_BK_WLNODE
TPWR,47.105562868983526,-122.56057904030102,FTLEW_S_BKLNODE
NV,40.074642,-119.97374866,FTSAGE_LNODE99
AVA,47.678199999980485,-117.45823302666666,FTWRIGHT_1_13_1LNODE
AVA,47.678199999980485,-117.45836697333334,FTWRIGHT_1_13_2LNODE
CA,38.496652983384124,-122.7594966,FULTON_1_N020
CA,38.49657200829278,-122.75943026543568,FULTON_2_N010
CA,38.49657200829278,-122.75954973456433,FULTON_2_N049
PSE,47.445,-122.15361166,FWD_LNODEXF1
PSE,47.402583,-122.29521366,FWY_LNODEXF1
PGE,45.26952139877592,-122.31878368453087,FYP1_1_GNODE6
PGE,45.26952139877592,-122.31903831546914,FYP1_1_GNODE7
PGE,45.269700601082505,-122.31903831587108,FYP1_1_GNODE8
CA,32.75497274686537,-117.12602766,F_6_N001
CA,32.75489212655523,-117.12597165333156,F_6_N002
CA,32.75489212655523,-117.12608234666845,F_6_N005
NV,38.871863999985834,-117.90358141462103,GABBS_LNODE47
NV,38.871863999985834,-117.90369658537898,GABBS_LNODE48
CA,36.731511,-121.6132566,GABILAN_6_N001
AVA,47.40693888888889,-118.05298611111117,GAFFNEY_1_IPLLNODE
NWMT,46.483582,-108.38248466,GAGE_LNODEOAD
PSE,48.460556,-122.33277866,GAG_LNODEXF1
CA,34.85946599998758,-116.86535894183865,GALE_1_N001
CA,39.939187,-120.94815766,GANSNER_6_N101
CA,35.501698,-119.44913266,GANSO_1_N001
NV,36.16399871889063,-115.15088666,GARCES_LNODE-2
NV,36.16391814054088,-115.15082837572767,GARCES_LNODE-3
NV,36.16391814054088,-115.15094362427247,GARCES_LNODE-4
CA,38.88879,-123.55031866,GARCIA_6_N001
NWMT,45.044523,-110.73035966,GARDINE_LNODEOAD
BPAT,43.74176838532104,-124.11320989276092,GARDI_BP_LNODECLP
BPAT,43.74158761454255,-124.11320989313866,GARDI_BP_LNODEDR1
BPAT,43.74158761454255,-124.11346010686135,GARDI_BP_LNODEDR2
BPAT,43.74176838532104,-124.11346010723909,GARDI_BP_LNODEINC
CA,34.98,-120.2666,GAREY_1_N002
AVA,47.0056,-117.129866,GARFIELD_1_GARFIELDLNODE
CA,32.795125,-116.99684866,GARFIELD_6_N001
NWMT,46.81376,-109.76013366,GARNEILL_LNODEK1L
CA,33.938661056114945,-116.5763896801062,GARNET_1_N106
CA,33.93858299995228,-116.57633536031197,GARNET_7_N001
CA,33.938504943861176,-116.57638968020579,GARNET_7_N003
CA,33.938504943861176,-116.57649831979421,GARNET_7_N006
CA,33.93858299995228,-116.57655263968803,GARNET_7_N008
CA,33.938661056114945,-116.57649831989383,GARNET_7_N009
PSE,47.183611,-122.2366,GAR_LNODEXF1
SRP,33.41456,-110.86266,GASCL_SR_LNODELD1
CA,38.181446,-120.0306766,GATESBK4_7_N002
CA,36.136584,-120.34403266,GATESBK4_7_N003
SRP,33.570841883410516,-112.1695366,GAUCH_SR_LNODELD2
SRP,33.570761058282166,-112.16947399399396,GAUCH_SR_LNODELD3
SRP,33.570761058282166,-112.16958600600607,GAUCH_SR_LNODELD4
PSE,48.098611,-122.57388966,GBK_LNODEXF1
APS,34.74912299998764,-112.57891398667202,GBS_LNODE10A
APS,34.74912299998764,-112.57902401332798,GBS_LNODE12A
APS,33.144616980302025,-112.6764340883551,GB_7_GB2_BESSGNODE
APS,33.14464799704058,-112.6765344234457,GB_7_GB_BESSGNODE
APS,32.940379,-112.75932166,GB_GNODEGBS1
APS,32.94037899995466,-112.75921431703226,GB_GNODEGBS2
APS,32.94028946772157,-112.75932166,GB_LNODE10A
APS,32.94037899995466,-112.75942768296775,GB_LNODE12A
APS,32.940468532278445,-112.75932166,GB_LNODE22A
BPAT,47.955251,-118.99868466,GCOUL_BP_LNODE115SYD
BPAT,47.955250999921766,-118.9985497007548,GCOUL_BP_LNODE230SYD
BPAT,47.955082250638746,-118.99877702950063,GCOUL_BP_LNODEABD7582
BPAT,47.955113402001075,-118.99890301593136,GCOUL_BP_LNODEABD7782
BPAT,47.95517899806363,-118.998994899924,GCOUL_BP_LNODEIND
BPAT,47.95526400067304,-118.99903879177343,GCOUL_BP_LNODELEM
BPAT,47.955353808012326,-118.99903145488156,GCOUL_BP_LNODEMBD7582
BPAT,47.95543607785501,-118.99897718061021,GCOUL_BP_LNODEMBD7782
BPAT,47.95550152655959,-118.99888506205387,GCOUL_BP_LNODEMP1
BPAT,47.95554410765259,-118.99876676644566,GCOUL_BP_LNODEMP2
BPAT,47.95556082022517,-118.99863480530314,GCOUL_BP_LNODEMP3
BPAT,47.95555130939317,-118.99850125824004,GCOUL_BP_LNODEMP4
BPAT,47.95551736607489,-118.99837688929237,GCOUL_BP_LNODEMP5
BPAT,47.955462396973395,-118.99827059041138,GCOUL_BP_LNODEMP6
BPAT,47.955390910742274,-118.99818908893468,GCOUL_BP_LNODENAL
BPAT,47.955308048907675,-118.99813686123005,GCOUL_BP_LNODES12
BPAT,47.955219177850175,-118.99811620146377,GCOUL_BP_LNODES34
PGE,45.59947,-123.22164266,GCRK_LNODEBR1
NV,35.840500761980365,-115.43298966,GDSPR HR_GNODEIT
NV,35.84042011899616,-115.43293156561259,GDSPRHR_LNODEHR
TIDC,37.52250334748,-120.84370974679766,GEER_LNODEDR1
TIDC,37.5224993081714,-120.84358834871166,GEER_LNODEDR2
TIDC,37.5224318250334,-120.84349686183266,GEER_LNODEDR3
TIDC,37.5224297824039,-120.84342626992466,GEER_LNODEDR4
TIDC,37.5224263420376,-120.84355732391566,GEER_LNODEDR5
TIDC,37.5224225565731,-120.84363075515967,GEER_LNODEDR7
TIDC,37.522425898329,-120.84370904283466,GEER_LNODEDR8
CA,32.87974054062765,-117.21338238008252,GENESEE_6_N001
CA,32.87956145928191,-117.21338238029793,GENESEE_6_N005
CA,32.87956145928191,-117.21359561970209,GENESEE_6_N011
CA,32.87974054062765,-117.21359561991757,GENESEE_6_N015
CA,34.3,-114.2366,GENE_2_N001
CA,38.776707,-122.74254566,GEOENGY_7_B3
NWMT,47.60041,-110.26044266,GERALDIN_LNODEOAD
CA,40.064207,-122.15611466,GERBER_6_N101
SRP,33.278609999988525,-111.59972240910356,GERMA_SR_LNODELD1
SRP,33.278609999988525,-111.59982959089643,GERMA_SR_LNODELD2
CA,38.77670699994356,-122.74242989720373,GEYSER11_7_B1
CA,38.77661726665077,-122.74242989734857,GEYSER12_7_B1
CA,38.77655381568255,-122.74251128724391,GEYSER13_7_N001
CA,38.77653864158289,-122.74262473213352,GEYSER14_7_N001
CA,38.77656972082547,-122.74273271039773,GEYSER16_7_B1
CA,38.77663516498316,-122.7428114606519,GEYSER17_7_B1
CA,38.776719970706,-122.74284907856945,GEYSER18_7_B1
CA,38.77680956998666,-122.74284279025427,GEYSER20_7_B1
CA,38.776891649196784,-122.74279627374679,GEYSER78_7_B1
CA,38.77695694622476,-122.74271732243926,GEYSER78_7_B3
NWMT,47.263133,-110.49649966,GEYSER_LNODEOAD
CA,38.7769994286318,-122.74261593587354,GEYSR5-6_7_B2
CA,38.777016102481774,-122.74250283715872,GEYSR5-6_7_B3
CA,38.777006613720275,-122.74238837921153,GEYSR5-6_7_N001
IPCO,42.95539,-115.29331566,GFRY_LNODE131
NWMT,47.502354999980625,-111.29184115692716,GF_CITY_LNODEK1L
NWMT,47.502354999980625,-111.29197484307285,GF_CITY_LNODEK2L
NWMT,47.49455299998054,-111.23167916329001,GF_EASTS_LNODEK1L
NWMT,47.49455299998054,-111.23181283670999,GF_EASTS_LNODEK2L
APS,33.45802,-112.07164166,GF_LNODE10A
APS,33.45801999995357,-112.07153346306326,GF_LNODE11A
APS,33.45793028296297,-112.07153346317453,GF_LNODE12A
APS,33.457866843512974,-112.07160950321617,GF_LNODE13A
APS,33.457851672174066,-112.07171549126582,GF_LNODE14A
APS,33.45788274579214,-112.07181637200419,GF_LNODE17A
APS,33.457948178087435,-112.07188994588425,GF_LNODE18A
APS,33.45803296841954,-112.07192509107247,GF_LNODE19A
APS,33.45812255141943,-112.07191921603474,GF_LNODE22A
APS,33.45820461569861,-112.07187575708214,GF_LNODE23A
APS,33.45826990083852,-112.07180199535648,GF_LNODE24A
APS,33.45831237550897,-112.07170727311623,GF_LNODE27A
APS,33.45832904632731,-112.07160160860853,GF_LNODE28A
APS,33.45831955930686,-112.07149467421287,GF_LNODE29A
APS,33.45828570088282,-112.07139508889577,GF_LNODE31A
APS,33.45823086922347,-112.07130997262193,GF_LNODE33A
APS,33.45815956168831,-112.07124471213254,GF_LNODE34A
APS,33.4580769069304,-112.07120289179724,GF_LNODE39A
APS,33.45798825790494,-112.07118634866947,GF_LNODE40A
APS,33.457898853431125,-112.0711953166167,GF_LNODE41A
APS,33.45781354996055,-112.07122863002793,GF_LNODER1A
APS,33.45773662112809,-112.07128396286681,GF_LNODER3A
APS,33.457671619995686,-112.07135808361987,GF_LNODER4A
APS,33.45762129728077,-112.07144711092894,GF_LNODER9A
NWMT,47.517409,-111.22148566,GF_NEAST_LNODEK1H
NWMT,47.51661199998063,-111.34472014544474,GF_NWEST_LNODEK1L
NWMT,47.51661199998063,-111.34485385455528,GF_NWEST_LNODEK2L
NWMT,47.531736911746385,-111.28099751026991,GF_RVIEW_LNODEK1H
NWMT,47.531736911746385,-111.2811364897301,GF_RVIEW_LNODEK2L
NWMT,47.480117,-111.2565766,GF_SEAST_LNODEK1L
NWMT,47.451127,-111.33854566,GF_SWEST_LNODEK1H
CA,36.545076,-120.33451966,GIFFEN_6_N001
CA,36.530228,-120.31612566,GIFFGEN_7_N002
AVA,48.257399999980414,-118.13133264142189,GIFFORD_1_13_2LNODE
AVA,48.257399999980414,-118.13146735857812,GIFFORD_1_35_1LNODE
SRP,33.30495761886568,-111.94967576954215,GILAR_SR_LNODELD1
SRP,33.30477838104225,-111.94967576976255,GILA_LNODELD2
SRP,33.30477838104225,-111.94989023023747,GILA_LNODELD3
SRP,33.30495761886568,-111.94989023045785,GILA_LNODELD4
BPAT,45.868701,-121.5133166,GILMER_LNODEMER
NV,36.228951999987174,-115.14040249999067,GILMORE_LNODEK1
NV,36.228951999987174,-115.14051350000933,GILMORE_LNODEK2
CA,37.14,-121.5866,GILROYF_1_N001
TIDC,37.5800948624588,-120.97554948755166,GILSTRAP_LNODEDR1
TIDC,37.5801662132492,-120.975767006466,GILSTRAP_LNODEDR3
TIDC,37.5799830759229,-120.97555049968966,GILSTRAP_LNODEDR5
TIDC,37.58017229934,-120.97555239564966,GILSTRAP_LNODEDR7
TIDC,37.5801700030066,-120.97564521252166,GILSTRAP_LNODEDR8
TIDC,37.5801611951015,-120.97601831592166,GILSTRAP_LNODER17
TPWR,47.13977,-122.5170866,GINKGO_BKLNODE
CA,40.51347,-122.37891666,GIRVAN_6_N001
APS,34.718401,-112.42984266,GK_GNODECHV
NWMT,45.778274,-108.48691866,GLAC_P_5_LNODEOAD
BPAT,46.3291289848374,-119.11848566,GLADE_GESQGNODE
BPAT,46.32904800756132,-119.11841729374147,GLADE_LNODECID
BPAT,46.32904800756132,-119.11855270625854,GLADE_LNODEEND
PSE,48.888611,-121.94638966,GLA_LNODEXF1
PGE,45.48694,-122.723466,GLCL_LNODEWR1
PSE,47.404444,-122.18611166,GLC_LNODEXF1
CA,35.008087,-118.16398366,GLDTGEN_7_N002
PGE,45.53249999998222,-122.53022509554948,GLDV_LNODEWR2
PGE,45.53249999998222,-122.53035290445052,GLDV_LNODEWR4
PSE,45.811943999981935,-120.83465773340414,GLD_GNODECTG
PSE,45.811943999981935,-120.83478626659587,GLD_GNODESTG
PSE,46.953741999980885,-121.47520977349127,GLD_HILL_LNODELLS
PSE,46.953741999980885,-121.47534222650873,GLD_HILL_LNODEORT
NV,39.08944973570645,-119.93380166,GLENBROK_LNODE00
NV,39.089369132131374,-119.93374104292627,GLENBROK_LNODE02
NV,39.089369132131374,-119.93386095707373,GLENBROK_LNODE05
SRP,33.625295911224526,-111.71731566,GLENB_SR_LNODELD2
SRP,33.62521504437511,-111.71725892969279,GLENB_SR_LNODELD3
CA,32.798367,-116.49831566,GLENCLIF_6_N001
NV,39.522681,-119.7693266,GLENDAL_LNODE11
NV,39.522680999942175,-119.76920386035965,GLENDAL_LNODE37
NV,39.522603415410124,-119.76926193024477,GLENDAL_LNODE38
NV,39.522603415410124,-119.76937806975532,GLENDAL_LNODE45
NV,39.522680999942175,-119.76943613964036,GLENDAL_LNODE65
NV,39.52275858456098,-119.76937806988505,GLENDAL_LNODE71
NV,39.52275858456098,-119.76926193011495,GLENDAL_LNODE74
SRP,33.541250999988385,-112.21230314117808,GLENN_SR_LNODELD3
SRP,33.541250999988385,-112.21241085882194,GLENN_SR_LNODELD4
AVA,47.6249,-117.347966,GLENROSE_1_1LNODE
NV,39.352238,-120.0862666,GLENSHIR_LNODERE
CA,37.45733023092607,-122.18696766,GLENWOOD_6_N001
CA,37.457248884522265,-122.18690783531744,GLENWOOD_6_N004
CA,37.457248884522265,-122.18702616468256,GLENWOOD_6_N005
CA,34.125226999951806,-118.15210094450056,GLNARMC1_7_B1
CA,34.12513672239534,-118.1522166,GLNARMC2_7_B1
CA,34.125226999951806,-118.15231905549946,GLNARMC3_7_B1
CA,34.1253172776047,-118.1522166,GLNARMC4_7_B1
PGE,45.519062,-122.61137466,GLNC_LNODEWR1
NWMT,47.044243,-109.54524366,GLNGRY_R_LNODEOAD
BPAT,46.018711,-121.28992466,GLNWD_BP_LNODETAT
SRP,32.977245,-112.69370566,GLRVR_SR_LNODEAUX
SRP,32.97724499995464,-112.69359827473427,GLRV_UCT1AGNODE
SRP,32.97716746437301,-112.69365163741399,GLRV_UCT1BGNODE
SRP,32.97716746437301,-112.69375836258601,GLRV_UCT4AGNODE
SRP,32.97724499995464,-112.69381172526573,GLRV_UCT4BGNODE
SRP,32.97732253560435,-112.69375836267973,GLRV_UST1CGNODE
SRP,32.97732253560435,-112.6936516373203,GLRV_UST4CGNODE
CA,37.12999999998655,-121.55994344852297,GLRYCGG1_7_B2
CA,37.12999999998655,-121.56005655147716,GLRYCGG1_7_N001
PGE,45.519139999982244,-122.44624011025428,GLSN_LNODEWR1
PGE,45.519139999982244,-122.44636788974574,GLSN_LNODEWR2
APS,33.536126749307044,-112.18529114689515,GL_LNODE17A
APS,33.536048999953366,-112.18523729388717,GL_LNODE18A
APS,33.53597125066964,-112.18529114699201,GL_LNODER1A
APS,33.53597125066964,-112.18539885300798,GL_LNODER2A
APS,33.536048999953366,-112.18545270611284,GL_LNODER4A
APS,33.536126749307044,-112.18539885310487,GL_LNODER6A
APS,33.643085867473076,-112.18704005165732,GN_LNODE10A
APS,33.642906132433204,-112.18704005188269,GN_LNODE12A
APS,33.642906132433204,-112.18725594811734,GN_LNODER1A
APS,33.643085867473076,-112.18725594834268,GN_LNODER2A
CA,33.11569013639368,-117.08917455255984,GOALLINE_6_N001
BPAT,42.40962699998405,-124.41650037068787,GOLDB_BP_LNODEOS1
BPAT,42.40962699998405,-124.41662162931216,GOLDB_BP_LNODEOS2
NWMT,45.61947,-108.9785566,GOLDEN_LNODEOAD
CA,38.658396,-121.13640366,GOLDHILL_1_N033
BPAT,45.815414999982,-120.83931472827615,GOLDN_BP_LNODEDBK
BPAT,45.815414999982,-120.83944327172385,GOLDN_BP_LNODEPUD
CA,35.32012199998752,-120.69284284611504,GOLDTREE_1_N001
CA,35.32012199998752,-120.69295315388497,GOLDTREE_1_N002
CA,34.46880142976412,-119.88423931291777,GOLETA_6_N002
CA,34.468620570137865,-119.88423931315543,GOLETA_6_N004
CA,34.468620570137865,-119.88445868684455,GOLETA_6_N100
CA,34.46880142976412,-119.88445868708224,GOLETA_6_N200
NV,39.336594720609106,-114.80731866,GONDER_LNODE04
NV,39.336514139679956,-114.80725784843231,GONDER_LNODEN1
NV,39.336514139679956,-114.80737815156769,GONDER_LNODEN2
CA,36.50885299998702,-121.44685522795734,GONZALES_6_N001
CA,36.50885299998702,-121.44696677204267,GONZALES_6_N003
CA,36.529024,-121.41428766,GONZALES_6_N004
NV,35.84042011899616,-115.43304643438742,GOODSPR_LNODE-1
CA,38.226944,-121.84361166,GOOSEHGT_7_GN001
BPAT,48.149915,-119.3218866,GOOSE_BP_LNODE115
PSE,47.542778,-122.06361166,GOO_LNODEXF1
NWMT,46.455835,-110.33255566,GORDBUTP_1_GORDGNODE
SCL,48.67463053584309,-121.24214320804245,GORGE_2_GEN21GNODE
SCL,48.67455299992049,-121.24207541629353,GORGE_2_GEN22GNODE
SCL,48.67447546411718,-121.2421432082511,GORGE_2_GEN23GNODE
SCL,48.67447546411718,-121.24227879174897,GORGE_2_GEN24GNODE
SCL,48.67455299992049,-121.24234658370646,GORGE_LNODEF10
SCL,48.67463053584309,-121.24227879195756,GORGE_LNODEF27
CA,34.8014,-118.81890866,GORMAN_6_N001
CA,35.601596,-119.57965466,GOSELKE_1_N001
CA,34.22145799998786,-118.18701737338756,GOULD_2_N001
CA,34.22145799998786,-118.18712662661245,GOULD_2_N007
TPWR,47.28959041219996,-122.4990567061972,GOVE_FDR1LNODE
TPWR,47.28940958764543,-122.4990567066529,GOVE_FDR2LNODE
TPWR,47.28940958764543,-122.49932329334716,GOVE_FDR3LNODE
TPWR,47.28959041219996,-122.49932329380283,GOVE_FDR4LNODE
IPCO,43.547496,-116.18898666,GOWN_LNODE131
APS,33.14471330956237,-112.67660759937412,GP_6_DSS_BESSGNODE
APS,33.14479794468501,-112.67664255446364,GP_GNODEDSS
APS,33.14488736370118,-112.67663671119928,GP_GNODEGSP
APS,33.14496927775879,-112.67659348730764,GP_LNODER2A
APS,33.145034443391275,-112.67652012454917,GP_LNODER4A
TPWR,47.05239043223369,-122.31171727078147,GRAHAM_FDR1LNODE
TPWR,47.05220956761308,-122.3117172712316,GRAHAM_FDR2LNODE
TPWR,47.05220956761308,-122.31198272876841,GRAHAM_FDR3LNODE
TPWR,47.05239043223369,-122.31198272921854,GRAHAM_FDR4LNODE
CA,38.23108199998597,-121.59029758372996,GRANDIS_1_N004
CA,38.23108199998597,-121.59041241627004,GRANDIS_1_N009
AVA,45.935599999981925,-116.12563554221353,GRANGEVL_1_1LNODE
AVA,45.935599999981925,-116.12576445778647,GRANGEVL_1_GRANGEVILLE2LNODE
CA,32.804473,-116.9208666,GRANITE_6_N001
CA,32.804472999954854,-116.92075344737826,GRANITE_6_N007
CA,32.80438343993102,-116.9208666,GRANITE_6_N008
CA,32.804472999954854,-116.92096655262179,GRANITE_6_N009
CA,37.67099326174171,-122.16011666,GRANTRK_6_N001
CA,37.67091186911436,-122.16005663166834,GRANT_1_N001
CA,37.67091186911436,-122.16017536833166,GRANT_1_N005
SRP,33.509412999988385,-112.2196911762312,GRASM_SR_LNODELD2
SRP,33.509412999988385,-112.21979882376881,GRASM_SR_LNODELD3
NV,40.934262,-117.74651366,GRASSVLY_LNODEKT
BPAT,46.333958,-123.62048666,GRAYS_BP_LNODEIAK
BPAT,46.969594249296016,-123.4795766,GRAYS_H_2_G01GNODE
BPAT,46.9695128753314,-123.47950115161964,GRAYS_H_2_G02GNODE
BPAT,46.9695128753314,-123.47963884838036,GRAYS_H_2_STGNODE
PSE,47.471111,-122.20861166,GRA_LNODEXF2
CA,40.10263,-123.79287366,GRBRVLLE_6_N001
CA,36.47999999998696,-119.60994425959106,GRDNEAST_1_N101
CA,36.47999999998696,-119.61005574040898,GRDNEAST_1_N102
CA,36.59,-119.5766,GRDNWEST_1_N001
CA,37.93780399998614,-122.51415869769995,GREENBRE_6_N001
CA,37.93780399998614,-122.51427330230004,GREENBRE_6_N003
TEPC,31.854394,-110.97354266,GREENVAL_LNODEGV
NV,35.98677899998736,-114.97579666535317,GREENWAY_LNODE-1
NV,35.98677899998736,-114.97590733464683,GREENWAY_LNODE-2
AVA,48.5891,-118.051966,GREENWOD_1_1LNODE
SRP,33.331336,-111.75054366,GREEN_SR_LNODELD1
SRP,33.331335999953886,-111.75043571943999,GREEN_SR_LNODELD2
SRP,33.331246366344686,-111.75054366,GREER_SR_LNODELD1
SRP,33.331335999953886,-111.75065028056002,GREER_SR_LNODELD2
NV,39.5197,-119.72357466,GREGST_LNODE27
NV,39.51969999994223,-119.72345786702945,GREGST_LNODE28
NV,39.51961041429109,-119.72345786717923,GREGST_LNODE29
NV,39.519547067722485,-119.72353998551533,GREGST_LNODE30
NV,39.51953191858889,-119.72365444573428,GREGST_LNODE31
NV,39.51956294669241,-119.72376339040359,GREGST_LNODE32
NV,39.51962828316853,-119.72384284547786,GREGST_LNODE33
NV,39.519712949355004,-119.72388080008534,GREGST_LNODE86
NV,39.519802401214825,-119.72387445549897,GREGST_LNODE87
NV,39.51988434537965,-119.72382752267266,GREGST_LNODE88
BPAT,47.833957,-117.23788366,GRENB_BP_LNODEINL
BPAT,43.415864,-123.35954566,GRENV_BP_LNODESS
NWMT,45.763469,-109.78253266,GREYCLIF_LNODEOAD
APS,33.663602999988264,-111.91991400205694,GRF_LNODER1A
APS,33.663602999988264,-111.92002199794308,GRF_LNODER2A
CA,39.370564,-121.68791966,GRIDLEY_6_N004
CA,35.27,-118.8766,GRIMWAY_1_N001
SRP,33.36490079223314,-111.8614766,GRISWOLD_LNODELD1
SRP,33.36482010387091,-111.8614142214585,GRISWOLD_LNODELD2
SRP,33.36482010387091,-111.86152577854152,GRISWOLD_LNODELD3
CA,39.71617299994167,-121.52095138956399,GRIZZLYG_7_B1
CA,37.871667,-122.272566,GRIZZLY_7_N101
PSE,47.091111,-123.01194466,GRI_LNODEXF1
AVA,47.6573,-117.164866,GRNACRES_1_13_1LNODE
BPAT,46.30398595185342,-119.87446879191394,GRNDV_BP_LNODEMRG
BPAT,46.3038060479987,-119.87446879234183,GRNDV_BP_LNODEREA
BPAT,46.3038060479987,-119.87472920765816,GRNDV_BP_LNODERV1
BPAT,46.30398595185342,-119.87472920808605,GRNDV_BP_LNODERV3
PGE,45.0629,-123.60903266,GRND_LNODEWR2
CA,39.052222,-121.692566,GRNLEAF1_7_N001
CA,39.052778000000004,-121.69583366,GRNLEAF2_7_N001
NWMT,46.195331,-114.14419666,GRNTDL_R_LNODEOAD
CA,32.80456256006898,-116.9208666,GRNTHLL_1_N001
NWMT,44.97867799992968,-110.70486905414394,GRNT_VLG_LNODEOAD
CA,36.952139010813255,-121.7601866,GRNVALY_1_N001
CA,36.95205799457908,-121.76012146857029,GRNVALY_1_N011
CA,36.95205799457908,-121.76023853142972,GRNVALY_1_N025
NV,36.068959720115956,-115.081666,GRNVAL_LNODE-1
NV,36.068879139928214,-115.08154244411544,GRNVAL_LNODE-2
NV,36.068879139928214,-115.08165755588456,GRNVAL_LNODE-3
NWMT,46.70383,-112.02215966,GRN_MDOW_1_GMSLGNODE
BPAT,44.44955799998259,-122.54925878603407,GRN_PETE_1_G01GNODE
BPAT,44.44955799998259,-122.54938521396596,GRN_PETE_1_G02GNODE
CA,37.003128,-121.53803166,GROYPKR3_7_B1
IPCO,43.937474,-117.37868766,GRSR_GNODERSR
CA,39.209514,-121.06100466,GRSSVLY_6_N101
NV,36.30715499998711,-115.1880404322794,GRTETON_LNODE-2
NV,36.30715499998711,-115.18815156772061,GRTETON_LNODEM5
NWMT,46.805925999981056,-112.25388899849855,GRT_DIVD_1_GDSLGNODE
PSE,47.148056,-122.54777866,GRV_LNODEXF1
APS,33.5566268763452,-112.05617766,GRW_LNODER2A
APS,33.5565460618148,-112.05612101055469,GRW_LNODER4A
APS,33.5565460618148,-112.05623298944532,GRW_LNODER6A
CA,40.021612,-121.06553266,GRYSFLT_6_N001
NWMT,45.214091,-109.31491766,GRZZY_PK_LNODEOAD
APS,33.35396,-111.79882966,GR_LNODE10A
APS,33.35395999995387,-111.79872167554603,GR_LNODE12A
APS,33.353870352964165,-111.79882966,GR_LNODER1A
APS,33.35395999995387,-111.79893632445399,GR_LNODER2A
APS,33.35404964703595,-111.79882966,GR_LNODER6A
NV,39.483336,-119.46574566,GSEBERRY_LNODE03
NWMT,45.881934,-112.01090666,GSUNLITE_LNODEOAD
APS,34.939409999950314,-110.30368716768504,GUADALUP_3_ARAGONNEGNODE
PNM,34.828829,-105.00130766,GUADALUP_3_ARAGONNEWFGNODE
CA,38.786699,-123.52277766,GUALALA_6_N001
BPAT,46.176706,-119.10876266,GUMST_BP_LNODE115
CA,37.253223999986524,-121.01302629664289,GUSTINE_6_N001
CA,37.253223999986524,-121.01313970335714,GUSTINE_6_N002
IPCO,43.309254,-112.1215366,GVSP_GNODEVSP
IPCO,43.024501,-116.01542766,GVSR_GNODEVSR
IPCO,42.446222,-113.89243166,GVWP_GNODEVWP
APS,33.83806902570425,-112.05517266,GV_LNODE41A
APS,33.83798798713514,-112.05511567112718,GV_LNODE42A
APS,33.83798798713514,-112.05522832887284,GV_LNODE44A
CA,38.012777999986064,-121.76966466178419,GWF#1_7_B1
CA,38.012777999986064,-121.76977933821584,GWF#2_7_B1
CA,38.013889,-121.86055666,GWF#3_7_B1
CA,38.030556,-121.8766,GWF#4_7_N001
CA,38.043333,-121.98722266,GWF#5_7_B1
CA,36.24160599998715,-119.90288548949992,GWFGT2_7_B1
CA,37.72085099998626,-121.48027483412093,GWFTRCY1_7_B1
CA,37.72085099998626,-121.48038916587907,GWFTRCY2_7_B1
PSE,47.09873799998085,-121.60140257465383,GWR_LNODER13
PSE,47.09873799998085,-121.60153542534617,GWR_LNODER16
APS,33.624624,-112.17761466,GW_LNODE10A
APS,33.624623999953194,-112.17750609402732,GW_LNODE12A
APS,33.624534148448255,-112.17750609413987,GW_LNODE13A
APS,33.62447061388257,-112.17758239512867,GW_LNODE17A
APS,33.62445541979689,-112.17768874689733,GW_LNODE18A
APS,33.624486540003424,-112.17778997382841,GW_LNODE20A
APS,33.624552070401585,-112.17786380019349,GW_LNODER1A
APS,33.62463698786082,-112.17789906599188,GW_LNODER2A
APS,33.62472670517434,-112.17789317079496,GW_LNODER5A
APS,33.62480889249472,-112.17784956270503,GW_LNODER6A
APS,33.62487427551879,-112.1777755478566,GW_LNODER9A
NV,36.34792599998713,-114.91647939430976,GYPSUM_LNODEET
CA,38.70981887157317,-122.90795766,GYSRVLLE_6_N001
CA,38.70973806419826,-122.90789721183104,GYSRVLLE_6_N003
CA,38.70973806419826,-122.90801678816895,GYSRVLLE_6_N005
APS,33.75763199998822,-112.11645189210566,GY_LNODE12A
APS,33.75763199998822,-112.11656010789567,GY_LNODE20A
BPAT,47.95512954951523,-118.99812740161867,G_COULEE_2_G01GNODE
BPAT,47.955044032509406,-118.99816900591787,G_COULEE_2_G02GNODE
BPAT,47.954966911151615,-118.99823810938757,G_COULEE_2_G03GNODE
BPAT,47.954901747376034,-118.99833067626474,G_COULEE_2_G04GNODE
BPAT,47.954851298761426,-118.99844185925285,G_COULEE_2_G05GNODE
BPAT,47.95481748510516,-118.99856630524054,G_COULEE_2_G06GNODE
BPAT,47.954801395667666,-118.99869843704755,G_COULEE_2_G07GNODE
BPAT,47.954803329318864,-118.99883270408657,G_COULEE_2_G08GNODE
BPAT,47.954822860201915,-118.99896379758789,G_COULEE_2_G09GNODE
BPAT,47.95485892210177,-118.9990868282772,G_COULEE_2_G10GNODE
BPAT,47.95490990538392,-118.99919746618366,G_COULEE_2_G11GNODE
BPAT,47.95497376111674,-118.99929204365148,G_COULEE_2_G12GNODE
BPAT,47.95504810774827,-118.9993676236731,G_COULEE_2_G13GNODE
BPAT,47.95513033646038,-118.99942203641774,G_COULEE_2_G14GNODE
BPAT,47.955217712044345,-118.99945388733846,G_COULEE_2_G15GNODE
BPAT,47.95530746680959,-118.99946254054124,G_COULEE_2_G16GNODE
BPAT,47.95539688565943,-118.99944808123436,G_COULEE_2_G17GNODE
BPAT,47.955483381015725,-118.99941126107359,G_COULEE_2_G18GNODE
BPAT,47.955564556768515,-118.99935343010972,G_COULEE_2_PG10GNODE
BPAT,47.95563826085,-118.99927645885448,G_COULEE_2_PG11GNODE
BPAT,47.95570262639465,-118.99918265372791,G_COULEE_2_PG12GNODE
BPAT,47.95575610174831,-118.99907466885787,G_COULEE_2_PG7GNODE
BPAT,47.95579746983735,-118.99895541688029,G_COULEE_2_PG8GNODE
BPAT,47.95582585759945,-118.99882798105517,G_COULEE_2_PG9GNODE
BPAT,47.955840736327104,-118.99869553067452,G_COULEE_5_G19GNODE
BPAT,47.95584191387598,-118.99856124140568,G_COULEE_5_G20GNODE
BPAT,47.95582951975964,-118.99842822189234,G_COULEE_5_G21GNODE
BPAT,47.95580398418424,-118.99829944763172,G_COULEE_5_G22GNODE
BPAT,47.9557660120839,-118.99817770286296,G_COULEE_5_G23GNODE
BPAT,47.95571655319767,-118.99806553094257,G_COULEE_5_G24GNODE
NV,39.245687,-120.02720366,H ALLEN_2_ARROWCAN_PVGNODE
NV,36.426645,-114.9080666,H ALLEN_GNODE 3
NV,36.426644999948316,-114.90794863216065,H ALLEN_GNODE 4
NV,36.430454,-114.90397866,HACC_GNODE 5
NV,36.43045399994829,-114.90386662427457,HACC_GNODE 6
NV,36.43036438951174,-114.90397866,HACC_GNODE 7
NV,36.43045399994829,-114.90408937572543,HACC_LNODE-5
NV,36.43054361048832,-114.90397866,HACC_LNODE-6
NV,36.092445,-115.08619166,HACIENDA_LNODE-1
BPAT,47.838749,-117.41027566,HALFM_BP_LNODEFMR
CA,38.90131699998584,-121.08761040262713,HALSEYF_7_B1
CA,38.90131699998584,-121.08772559737288,HALSEYF_7_N001
IPCO,43.523676,-114.30944866,HALY_LNODE131
LADWP,33.84769999998815,-118.30334578612138,HAL_SUB_LNODEON1
LADWP,33.84769999998815,-118.30345421387865,HAL_SUB_LNODEONA
AVA,47.586799999980585,-117.57233309147193,HAL_WHT_1_13_1LNODE
AVA,47.586799999980585,-117.57246690852807,HAL_WHT_1_13_2LNODE
CA,39.746242,-122.01136166,HAMILTON_6_N001
CA,38.02138220754234,-121.32036766,HAMMER_6_N001
CA,38.02130089621381,-121.32030740848893,HAMMER_6_N003
CA,38.02130089621381,-121.32042659151108,HAMMER_6_N004
CA,36.72011,-120.60328766,HAMMONDS_1_N001
BPAT,43.75834,-120.39456666,HAMPT_BP_LNODECLP
PSE,48.528611,-122.00583366,HAM_LNODEXF1
NWMT,46.23182699998163,-114.15318102831115,HAM_SS_LNODEK1L
NWMT,46.23182699998163,-114.15331097168888,HAM_SS_LNODEK2L
SRP,33.3643457920264,-111.89280466,HANGE_SR_LNODELD1
SRP,33.364265103974304,-111.8927482220287,HANGE_SR_LNODELD2
SRP,33.364265103974304,-111.89285977797131,HANGE_SR_LNODELD3
AVA,47.54918403572536,-117.39297531033577,HANGMAN_1_INLLNODE
SRP,33.469999999953515,-112.29989243758507,HANSO_SR_LNODELD2
PSE,48.862798,-122.4421766,HAN_LNODEXF1
PSE,48.716944,-122.47611166,HAP_LNODEXF1
CA,33.770089981295506,-118.24989175499216,HARBORG_7_B2
CA,33.769910018610105,-118.24989175521952,HARBORG_7_B3
CA,33.769910018610105,-118.25010824478049,HARBORG_7_B4
CA,33.770089981295506,-118.25010824500785,HARBORG_7_N101
TPWR,47.08955,-122.3699266,HARDIE_BKLNODE
CA,37.963708999986125,-121.29050568468436,HARDING_6_N001
CA,37.963708999986125,-121.29062031531565,HARDING_6_N004
NWMT,45.764432,-107.60009466,HARDIN_A_1_RMTNGNODE
NWMT,45.767547,-107.60159966,HARDIN_A_LNODEOAD
NWMT,45.73659673627439,-107.60788166,HARDIN_R_LNODEOAD
CA,36.404261,-119.6862466,HARDWICK_6_N001
BPAT,44.30230899998266,-123.16833287887867,HARIS_BP_LNODE055
BPAT,44.30230899998266,-123.16845912112133,HARIS_BP_LNODECPI
NWMT,46.436279999999996,-109.82274566,HARLOTWN_LNODEK2L
NWMT,46.430497,-109.80034666,HARLO_R_LNODEOAD
SRP,33.59675199998831,-112.19944907883088,HARMO_SR_LNODELD2
SRP,33.59675199998831,-112.19955692116913,HARMO_SR_LNODELD3
CA,40.78104299998464,-124.13194328500424,HARRIS_6_N001
CA,40.78104299998464,-124.13206271499578,HARRIS_6_N003
AVA,47.4772,-118.264666,HARRNGTN_1_13_1LNODE
CA,39.14325399998575,-121.64800727163947,HARTER_6_N001
CA,39.14325399998575,-121.64812272836066,HARTER_6_N003
CA,39.077268,-122.93232266,HARTLEY_6_N001
BPAT,45.796133,-120.25500866,HARVESTW_2_Z1GNODE
LADWP,33.77052796602419,-118.26585058805817,HAR_GS_GNODE2
LADWP,33.77061300670493,-118.26588596508614,HAR_GS_GNODE5
LADWP,33.77070285420546,-118.26588005129787,HAR_GS_LNODE10AUX
LADWP,33.770785160786886,-118.2658363056699,HAR_GS_LNODE11AUX
LADWP,33.77085063868779,-118.26576205737285,HAR_GS_LNODE12AUX
LADWP,33.770893238769126,-118.26566671029164,HAR_GS_LNODE13AUX
LADWP,33.77090995880947,-118.26556034876026,HAR_GS_LNODE14AUX
LADWP,33.770900443776654,-118.26545270896402,HAR_GS_LNODE1AUX
LADWP,33.770866485380765,-118.26535246672638,HAR_GS_LNODE2AUX
LADWP,33.77081149182394,-118.26526678898045,HAR_GS_LNODE5AUX
PSE,47.40333299998061,-122.24687724213143,HAR_LNODEXF1
PSE,47.40333299998061,-122.24701075786858,HAR_LNODEXF2
NWMT,45.677187000000004,-111.8235266,HAR_PONY_LNODEOAD
LADWP,33.77073997374512,-118.26520109800134,HAR_SUB_LNODEONA
LADWP,33.77065707494083,-118.26515900180253,HAR_SUB_LNODEONB
LADWP,33.77056816417163,-118.26514234955445,HAR_SUB_LNODEONC
BPAT,48.11085399998045,-114.64308674926805,HASKI_BP_LNODEXF1
BPAT,48.11085399998045,-114.64322125073198,HASKI_BP_LNODEXF2
BPAT,46.822058,-118.85732366,HATON_BP_LNODEFMR
CA,36.55679,-121.89716266,HATTON_6_N001
BPAT,46.46917,-116.91135166,HATWA_BP_LNODEF1A
NWMT,47.384081,-115.40107266,HAUGAN_LNODEOAD
NWMT,46.76564,-111.88691766,HAUSERNW_LNODEK1H
NWMT,46.765726,-111.88726366,HAUSER_6_HASRGNODE
BPAT,43.520449,-124.19311266,HAUSER_LNODE115
NV,36.05762672091475,-115.16847166,HAVEN_LNODE-1
NV,36.05754613952889,-115.16841345154968,HAVEN_LNODE-2
NV,36.05754613952889,-115.16852854845034,HAVEN_LNODE-3
IPCO,43.271284,-112.58979666,HAVN_LNODE131
TIDC,37.5799617816957,-120.64559833674765,HAWKINS_LNODEDR1
TIDC,37.5799481743814,-120.64531177445166,HAWKINS_LNODEDR3
TIDC,37.5798175544824,-120.64556296877267,HAWKINS_LNODEDR5
TIDC,37.5799502934699,-120.64547989909366,HAWKINS_LNODEDR7
BPAT,44.01883224,-123.137612766,HAWKI_BP_LNODEFMR
TPWR,47.21398042954345,-122.45592687082859,HAWTHORN_FDR1LNODE
TPWR,47.21379957030228,-122.45592687128261,HAWTHORN_FDR2LNODE
TPWR,47.21379957030228,-122.4561931287174,HAWTHORN_FDR3LNODE
TPWR,47.21398042954345,-122.45619312917141,HAWTHORN_FDR4LNODE
PSE,47.072778,-122.74083366,HAW_LNODEXF1
BPAT,44.07154150998277,-122.96683806799997,HAYDB_BP_LNODEXF1
BPAT,44.07154150998277,-122.96696393200017,HAYDB_BP_LNODEXF2
AVA,47.75619501907079,-116.84842351197777,HAYDEN_1_1LNODE
SRP,33.00492071838027,-110.7795266,HAYDE_SR_LNODEDAP
SRP,33.00484014079759,-110.77946452644916,HAYDE_SR_LNODELD3
SRP,33.00484014079759,-110.77957547355089,HAYDE_SR_LNODELD5
AVA,47.59048582948105,-117.54131490311097,HAYFORD_1_XFMRLNODE
CA,39.565556,-120.63388966,HAYPRES_7_B1
LADWP,33.76484384813419,-118.09941001562042,HAY_GS_GNODE2
LADWP,33.764926149857054,-118.09936627556547,HAY_GS_GNODE8
LADWP,33.764991623892776,-118.09929203672729,HAY_GS_GNODE9
LADWP,33.765034221459466,-118.09919670179296,HAY_GS_LNODE10AUX
LADWP,33.76505094051277,-118.09909035381169,HAY_GS_LNODE12AUX
LADWP,33.765041426041684,-118.09898272772844,HAY_GS_LNODE14AUX
LADWP,33.7650074696504,-118.09888249826136,HAY_GS_LNODE15AUX
LADWP,33.7649524793399,-118.09879683143039,HAY_GS_LNODE9AUX
LADWP,33.76488096548275,-118.09873114881995,HAY_LNODESS1
LADWP,33.76479807157197,-118.09868905798393,HAY_LNODESS2
NV,39.541222,-119.07518566,HAZEN_LNODE56
PSE,47.539722,-122.18527866,HAZ_LNODEXF1
IPCO,45.24364776858907,-116.70145166,HCPR_GNODE011
IPCO,45.24356711568645,-116.70138486545852,HCPR_GNODE012
IPCO,45.24356711568645,-116.70151713454149,HCPR_GNODE013
IPCO,45.243168,-116.70171366,HDHL_GNODEEN1
IPCO,43.725968,-116.24793966,HDSP_LNODEDSP
APS,34.643806,-111.93479666,HD_LNODER2A
SRP,33.417843813042374,-111.98737366,HEARD_LNODELD1
SRP,33.41776309346626,-111.98731716588358,HEARD_LNODELD2
SRP,33.41776309346626,-111.98742883411644,HEARD_LNODELD3
NWMT,47.013104,-109.28523866,HEATH_R_LNODEOAD
BPAT,45.217684,-123.84325866,HEBO_LNODEPUD
BPAT,46.17636599998171,-119.03905212884031,HEDGES_LNODEGES
BPAT,46.17636599998171,-119.03918187115968,HEDGES_LNODERON
CA,36.59125582651913,-120.17501266,HELMS1_7_B1
CA,36.59117508672632,-120.17495394221808,HELMS2_7_B1
CA,36.59117508672632,-120.17507005778192,HELMS3_7_B1
NWMT,46.600074,-112.00156366,HELNA_ES_LNODEK1H
NWMT,46.56532799998125,-111.99038841566475,HELNA_SS_LNODEK1L
NWMT,46.56532799998125,-111.99051958433526,HELNA_SS_LNODEK2L
NWMT,46.605358,-112.05323866,HELNA_WS_LNODEOAD
NWMT,46.591658,-111.98113166,HELNA_YP_LNODEOAD
NWMT,46.60463699998116,-112.03083134523055,HEL_GOLF_LNODEK1H
NWMT,46.60463699998116,-112.03096265476945,HEL_GOLF_LNODEK2L
PSE,47.126111,-122.28277866,HEM_LNODEXF1
NV,36.071827466788214,-114.99424266,HENDRSON_LNODE_1
NV,36.07191699994903,-114.99435277023997,HENDRSON_LNODE_2
NV,36.07200653321178,-114.99424266,HENDRSON_LNODE_3
CA,36.24160599998715,-119.90299651050016,HENRITTA_6_N101
CA,37.816383,-121.58617666,HERDLYN_6_N001
CA,37.794695,-121.58457866,HERDLYN_6_N007
BANC,37.75083,-120.845366,HERSHEY_LNODESLL
BANC,37.7508299999447,-120.84518562446367,HERSHEY_LNODEXF1
BANC,37.75073956547022,-120.845366,HERSHEY_LNODEXF2
BANC,37.7508299999447,-120.84541437553642,HERSHEY_LNODEXF3
BANC,37.750920434529704,-120.845366,HERSHEY_LNODEXF4
NV,39.059142569929705,-119.75857564848094,HEYBOURN_LNODE87
NV,39.058963429956634,-119.75857564877361,HEYBOURN_LNODE88
NV,39.058963429956634,-119.75880635122638,HEYBOURN_LNODE89
NV,39.059142569929705,-119.75880635151907,HEYBOURN_LNODE90
BPAT,45.7662,-122.526366,HEYEM_BP_LNODE115
APS,33.613848,-112.41233566,HE_LNODE12A
APS,33.61384799995319,-112.41222711870135,HE_LNODE13A
APS,33.61377019436662,-112.41228105939939,HE_LNODER1A
APS,33.61377019436662,-112.41238894060065,HE_LNODER2A
APS,33.61384799995319,-112.41244288129866,HE_LNODER4A
APS,33.613925805609995,-112.41238894069802,HE_LNODER5A
APS,33.613925805609995,-112.412281059302,HE_LNODER9A
APS,33.7076889248901,-112.28057490150705,HF_LNODE10A
APS,33.70750907501579,-112.28057490173343,HF_LNODER2A
APS,33.70750907501579,-112.28079109826659,HF_LNODER4A
APS,33.7076889248901,-112.28079109849294,HF_LNODER5A
BPAT,46.19636791367463,-119.19305366,HGHLD_BP_LNODEUD1
BPAT,46.19628704314281,-119.19298554653267,HGHLD_BP_LNODEUD2
BPAT,46.19628704314281,-119.19312045346747,HGHLD_BP_LNODEUD3
PGE,45.500689999982185,-122.41430413016627,HGNN_LNODEWR1
PGE,45.500689999982185,-122.41443186983373,HGNN_LNODEWR2
PGE,45.50030999998222,-122.41486813057156,HGNS_LNODEWR4
PGE,45.50030999998222,-122.41499586942845,HGNS_LNODEWR5
IPCO,44.376668,-117.30898666,HGWP_GNODEGWP
APS,33.82907903466979,-112.25910561611012,HG_LNODE10A
APS,33.82889896523542,-112.2591056163384,HG_LNODE14A
APS,33.82889896523542,-112.25932238366161,HG_LNODER2A
APS,33.82907903466979,-112.25932238388997,HG_LNODER6A
APS,33.707199,-112.20140566,HH_LNODE13A
APS,33.70719899995289,-112.20129690255588,HH_LNODER1A
APS,33.70710907542236,-112.20140566,HH_LNODER2A
APS,33.70719899995289,-112.20151309744412,HH_LNODER5A
APS,33.70728892457761,-112.20140566,HH_LNODER9A
TIDC,37.62226881742003,-120.7459314890186,HICKMAN_7_UNIT1GNODE
TIDC,37.62226881742003,-120.74604566277783,HICKMAN_7_UNIT2GNODE
CA,37.234159254320986,-121.90015163922018,HICKS_2_N001
CA,37.23397874557105,-121.90015163949167,HICKS_2_N002
CA,37.23397874557105,-121.90037836050841,HICKS_2_N007
CA,37.234159254320986,-121.90037836077984,HICKS_2_N012
BPAT,43.993341,-123.06394266,HIDEA_BP_LNODEANE
CA,34.145263999987954,-116.18586145110677,HIDESERT_2_N001
CA,34.145263999987954,-116.18597054889322,HIDESERT_2_N018
CA,39.043590575891166,-121.09071766620363,HIGGINS_1_N001
CA,39.04341142399536,-121.09071766649616,HIGGINS_1_N002
CA,39.04341142399536,-121.0909483335039,HIGGINS_1_N004
CA,39.043590575891166,-121.09094833379639,HIGGINS_1_N007
NV,35.615015,-115.35620366,HIGGINS_GNODEST
NV,35.61501499994967,-115.3560926009889,HIGGINS_GNODET1
NV,35.61493727535464,-115.3561478005481,HIGGINS_GNODET2
NV,35.61493727535464,-115.35625819945191,HIGGINS_LNODET1
NV,35.61501499994967,-115.35631339901111,HIGGINS_LNODET2
NV,35.61509272462021,-115.35625819955919,HIGGINS_LNODET3
NV,39.543041592542224,-119.83272690717125,HIGHLDN_LNODE-1
NV,39.54296399994218,-119.83266881447237,HIGHLDN_LNODE-2
NV,39.542886407428874,-119.83272690730115,HIGHLDN_LNODE-3
NV,39.542886407428874,-119.83284309269888,HIGHLDN_LNODE-4
NV,39.54296399994218,-119.83290118552763,HIGHLDN_LNODE-5
NV,39.543041592542224,-119.83284309282878,HIGHLDN_LNODE-6
CA,38.93741777608508,-122.60903466,HIGHLD_1_N001
CA,38.937337111942234,-122.60897412672412,HIGHLD_1_N004
CA,38.937337111942234,-122.60909387327588,HIGHLD_1_N005
TPWR,47.25632042106737,-122.52599677690405,HIGHLD_FDR1LNODE
TPWR,47.25613957877814,-122.52599677735904,HIGHLD_FDR2LNODE
TPWR,47.25613957877814,-122.52626322264096,HIGHLD_FDR3LNODE
TPWR,47.25632042106737,-122.52626322309595,HIGHLD_FDR4LNODE
SRP,33.349474,-111.91934466,HIGHLINE_LNODELD3
BPAT,46.792496,-124.06468266,HIGHLNDS_1_CEWGNODE
CA,38.166048151820924,-122.25361666,HIGHWAY_1_N001
CA,38.16596692407439,-122.25355635179835,HIGHWAY_1_N002
CA,38.16596692407439,-122.25367564820166,HIGHWAY_1_N003
NWMT,47.587271,-110.80970766,HIGHWD_R_LNODEOAD
CA,38.15001,-121.81201866,HIGHWNDS_7_B1
PSE,47.502778,-122.18666766,HIG_LNODEXF1
NWMT,45.725256,-108.53365566,HILLCRST_LNODEALD
CA,34.00858418970378,-117.94966020050667,HILLGEN_7_B1
CA,37.536271,-122.32239466,HILLSDLE_6_N001
CA,37.879999999986126,-122.23994272916374,HILLSIDE_1_N001
CA,37.879999999986126,-122.24005727083626,HILLSIDE_1_N004
BPAT,43.710476999982944,-122.4241204886547,HILLS_CR_1_G01GNODE
BPAT,43.710476999982944,-122.42424551134536,HILLS_CR_1_G02GNODE
IPCO,43.615831999983,-116.61260162243117,HILL_LNODE131
IPCO,43.615831999983,-116.61272637756883,HILL_LNODE132
TPWR,47.25096,-122.4565666,HILL_TOP_FDR10LNODE
TPWR,47.25095999992282,-122.45642678858006,HILL_TOP_FDR1LNODE
TPWR,47.25086957755058,-122.45642678880749,HILL_TOP_FDR2LNODE
TPWR,47.25080563934868,-122.45652098339215,HILL_TOP_FDR3LNODE
TPWR,47.25079034871623,-122.45665227596649,HILL_TOP_FDR4LNODE
TPWR,47.25082166657802,-122.45677724191114,HILL_TOP_FDR5LNODE
TPWR,47.2508876132393,-122.45686838163962,HILL_TOP_FDR6LNODE
TPWR,47.25097307016889,-122.45691191795477,HILL_TOP_FDR7LNODE
TPWR,47.25106335750563,-122.45690464048027,HILL_TOP_FDR8LNODE
TPWR,47.25114606705704,-122.45685080582427,HILL_TOP_FDR9LNODE
TIDC,37.4189785637285,-120.84930457134666,HILMAR_LNODEDR1
TIDC,37.4188603223578,-120.84907571643465,HILMAR_LNODEDR2
TIDC,37.4189333711687,-120.84907778020366,HILMAR_LNODEDR4
TIDC,37.4188652133943,-120.84914822103266,HILMAR_LNODEDR5
TIDC,37.4188555229834,-120.84922384756166,HILMAR_LNODEDR7
TIDC,37.4189123657556,-120.84930736271266,HILMAR_LNODER17
BPAT,44.02601303,-123.081173966,HILYA_BP_LNODE2KV
IPCO,43.549899,-119.08649266,HINE_LNODE132
CA,33.81885999995258,-118.2223656400578,HINSON_6_N001
CA,35.508889,-119.03083366,HISIERRA_7_B1
APS,33.441017999988354,-111.97789224944269,HKM_LNODER2A
APS,33.441017999988354,-111.97799975055733,HKM_LNODER4A
PSE,48.384444,-122.33527866,HKX_LNODEXF1
PGE,45.52144599998219,-122.99286410773334,HLBR_LNODEBR1
PGE,45.52144599998219,-122.99299189226667,HLBR_LNODEBR2
PGE,44.902958,-123.01689166,HLCR_LNODEWR1
PSE,48.3075,-122.67361166,HLC_LNODEXF2
CA,37.46874323375435,-122.4301866,HLFMNBY_6_N002
CA,37.46866188310803,-122.43012082319957,HLFMNBY_6_N004
CA,37.46866188310803,-122.43023917680044,HLFMNBY_6_N101
PGE,45.490832999982246,-122.64114114061705,HLGT_LNODEBR4
PGE,45.490832999982246,-122.64126885938296,HLGT_LNODEBR5
IPCO,42.919692,-112.43967966,HLND_LNODE131
IPCO,44.152006,-116.98701366,HLSR_GNODELSR
CA,40.78280899998469,-124.11235828329228,HMBLDTB_1_N08
CA,40.78280899998469,-124.11247771670773,HMBLTBY_6_N003
CA,40.782876999984666,-124.18064228322643,HMBUNIT1_7_GN010
CA,40.782876999984666,-124.18076171677357,HMBUNIT2_7_GN010
PGE,45.5507,-122.495166,HMLK_LNODEWR1
IPCO,42.880379,-115.03708566,HMWD_GNODEMWD
SRP,33.59080982238906,-111.34356717123866,HM_1_HYDRO1GNODE
SRP,33.59063017751739,-111.34356717146315,HM_1_HYDRO2GNODE
SRP,33.59063017751739,-111.34378282853686,HM_1_HYDRO3GNODE
SRP,33.59080982238906,-111.34378282876139,HM_1_PSH4GNODE
BPAT,46.47246499998139,-119.3317435847957,HNFO2_BP_LNODEACI
BPAT,46.47246499998139,-119.33187441520431,HNFO2_BP_LNODEPSS
APS,32.941933,-113.51020166,HN_LNODER2A
NV,39.400047,-120.14988866,HOBARTTP_LNODE19
PSE,47.408611,-121.97555666,HOB_LNODEXF1
BPAT,45.7374,-122.496266,HOCKN_BP_LNODENSN
SRP,33.394237672437775,-111.84926359535514,HOKAM_SR_LNODELD2
SRP,33.39405832746975,-111.84926359557677,HOKAM_SR_LNODELD3
SRP,33.39405832746975,-111.84947840442322,HOKAM_SR_LNODELD4
SRP,33.394237672437775,-111.84947840464487,HOKAM_SR_LNODELD5
AVA,46.4241,-117.025966,HOLBROOK_1_13_1LNODE
BPAT,44.09957631,-122.697230266,HOLDEN_C_LNODEXF2
CA,35.034432,-117.70250166,HOLGATE_1_N004
CA,36.862728962246265,-121.40586766,HOLLISTR_1_N001
CA,36.86264801886252,-121.40580858969733,HOLLISTR_1_N004
CA,36.86264801886252,-121.40592541030267,HOLLISTR_1_N101
CA,37.83,-119.9966,HOLM1_7_B1
CA,37.86,-120.066,HOLM2_7_B1
NWMT,46.990956,-112.00542266,HOLTER_1_HLT1GNODE
NWMT,46.99086,-112.00552666,HOLTER_1_HLT2GNODE
NWMT,46.990761,-112.00564866,HOLTER_1_HLT3GNODE
NWMT,46.990659,-112.00575366,HOLTER_1_HLT4GNODE
NWMT,46.99114,-112.00741266,HOLTER_LNODEOAD
PSE,47.155021,-122.56878266,HOL_LNODEXF1
CA,38.96,-122.8466,HOMEGRND_1_N001
CA,38.94,-122.8566,HOMEPROC_1_N001
CA,39.320099,-121.59528966,HONCUT_1_N001
PNM,32.169082,-107.75419966,HONDALE_1_DEMINGPVGNODE
AVA,48.02354934383099,-116.9589160125875,HOODOO_1_XFMRLNODE
BPAT,45.68813772803772,-121.52475266,HOODR_BP_LNODEOOP
BPAT,45.68805713596179,-121.52468539219386,HOODR_BP_LNODER1A
BPAT,45.68805713596179,-121.52481860780627,HOODR_BP_LNODESS
CA,41.056514,-123.68225266,HOOPA_6_N001
SRP,33.24520491127006,-111.83274020397678,HOOPE_SR_LNODE7T8
SRP,33.2452359407516,-111.83284069564979,HOOPE_SR_LNODE9T7
SRP,33.24530128010689,-111.83291398577688,HOOPE_SR_LNODEUTR
AVA,47.59473677125757,-117.25520820206347,HOPKINS_1_HOPKINSLNODE
BPAT,46.42069399998139,-117.80192068018479,HOPKRIDG_1_Z1GNODE
BPAT,46.42069399998139,-117.80205131981522,HOPKRIDG_1_Z2GNODE
BPAT,46.333196,-119.42256966,HORNR_BP_LNODEBRE
BPAT,45.648620593,-119.98732412466,HORN_BTE_1_Z1GNODE
CA,38.744281999985915,-121.16156545871567,HORSESHE_1_N001
CA,38.744281999985915,-121.16168054128434,HORSESHE_1_N002
NWMT,47.503174,-111.4359566,HORSESHU_7_HRSUGNODE
NWMT,47.503365,-111.4359566,HORSESHU_LNODEOAD
BPAT,45.933983,-119.6346166,HORSE_BP_LNODEERV
SRP,33.60518390082477,-111.32258766,HORSM_SR_LNODED4P
SRP,33.60510304957505,-111.32253095358912,HORSM_SR_LNODEDAA
SRP,33.60510304957505,-111.3226430464109,HORSM_SR_LNODENSE
SRP,33.32320411127719,-111.9117412634615,HOUST_SR_LNODELD1
SRP,33.32320411127719,-111.91185273653852,HOUST_SR_LNODELD2
PSE,47.655,-122.19777866,HOU_LNODEXF2
SRP,33.34365699998848,-111.62114734782227,HOWARD_LNODELD4
SRP,33.34365699998848,-111.62125465217774,HOWARD_LNODELD5
IPCO,43.659888,-116.33367566,HPKD_LNODE131
CA,38.972898,-123.08113466,HPLNDJT_6_N001
IPCO,43.550188,-116.51153666,HPVY_LNODE131
IPCO,43.904691,-116.24424566,HRBD_GNODE061
PGE,45.61256,-122.79682966,HRBT_LNODEWR3
NWMT,45.73651613184343,-107.60781432419553,HRDN_CTY_LNODEOAD
CA,40.858611,-121.76583366,HRIDGEGT_6_GN001
PGE,45.43029999998223,-122.60167420196285,HRMY_LNODEWR1
PGE,45.43029999998223,-122.60180179803714,HRMY_LNODEWR2
BPAT,46.3493,-119.285766,HRN_RPDS_7_G01GNODE
PGE,45.50893,-122.65749466,HRSN_LNODEWR1
APS,33.438536,-112.04916366,HR_LNODE12A
APS,33.43853599995361,-112.04905550408088,HR_LNODE13A
APS,33.43844629703507,-112.04905550419201,HR_LNODE14A
APS,33.438382867535466,-112.04913151522986,HR_LNODE18A
APS,33.43836769857622,-112.04923746285287,HR_LNODE20A
APS,33.43839876732049,-112.04933830511258,HR_LNODE21A
APS,33.43846418935285,-112.04941185092943,HR_LNODE22A
APS,33.43854896638574,-112.04944698271207,HR_LNODE26A
APS,33.43863853533465,-112.04944110991498,HR_LNODE28A
APS,33.43872058674199,-112.04939766753868,HR_LNODE29A
APS,33.43878586164188,-112.04932393394786,HR_LNODE30A
APS,33.43882832965014,-112.04922924783757,HR_LNODER9A
LADWP,34.487,-118.51466,HSK_LA_LNODEKSS
NV,36.1583027186879,-115.31517466,HUALAPAI_LNODE-1
NV,36.15822214064216,-115.31511638013167,HUALAPAI_LNODE-2
NV,36.15822214064216,-115.31523161986847,HUALAPAI_LNODE-3
PGE,45.482479999982196,-122.85118614937147,HUBR_LNODEWR1
PGE,45.482479999982196,-122.85131385062854,HUBR_LNODEWR2
AVA,47.7365,-116.850266,HUETTER_1_1LNODE
BPAT,44.958752,-123.09227866,HUGHES_LNODE103
TIDC,37.5949433309328,-120.84675567404966,HUGHSON_LNODEDR1
TIDC,37.5949478453779,-120.84663943161566,HUGHSON_LNODEDR2
TIDC,37.5948895849844,-120.84666973649466,HUGHSON_LNODEDR3
TIDC,37.5949564824944,-120.84683160457766,HUGHSON_LNODEDR4
TIDC,37.594883530932,-120.84680043235866,HUGHSON_LNODEDR5
TIDC,37.5948895004896,-120.8466984019366,HUGHSON_LNODEDR8
SRP,33.458238,-111.81138366,HUGHSR_LNODELD2
NV,41.227242,-115.93984666,HUMBOLDT_LNODE36
SRP,33.219962999988475,-111.7775904609541,HUMPH_SR_LNODELD2
SRP,33.219962999988475,-111.77769753904593,HUMPH_SR_LNODELD3
BPAT,48.342362628922984,-114.01982157023401,HUNGRY_H_2_G01GNODE
BPAT,48.34228499992115,-114.01975414067341,HUNGRY_H_2_G02GNODE
BPAT,48.342207371037574,-114.01982157043939,HUNGRY_H_2_G03GNODE
BPAT,48.342207371037574,-114.01995642956062,HUNGRY_H_2_G04GNODE
BPAT,48.34228499992115,-114.0200238593266,HUNGR_BP_LNODEXF2
BPAT,48.342362628922984,-114.01995642976598,HUNGR_BP_LNODEXF3
CA,33.646104,-117.97764266,HUNT1G_7_B1
CA,33.64610399995311,-117.97753404459905,HUNT1G_7_N002
CA,33.646014129707815,-117.97753404471173,HUNT2G_7_B1
CA,33.645950581890766,-117.97761038065147,HUNT2G_7_N002
CA,33.64593538463594,-117.97771678113635,HUNT3G_7_B1
CA,33.64596651133317,-117.97781805443614,HUNT3G_7_N002
CA,33.64603205539889,-117.97789191461878,HUNT4G_7_B1
CA,33.646116990569396,-117.97792719657157,HUNT4G_7_N002
NWMT,45.762659,-110.246466,HUNTERS_LNODEOAD
SRP,33.20576399998851,-111.58210247299665,HUNT_LNODELD2
SRP,33.20576399998851,-111.58220952700337,HUNT_LNODELD3
PNM,32.69388999998859,-108.22755676263537,HURLEY_LNODERLEY
SRP,33.414187999988414,-112.00602727728716,HURLE_SR_LNODELD1
SRP,33.414187999988414,-112.00613472271284,HURLE_SR_LNODELD4
CA,36.18146,-120.03066966,HURONGEN_7_ND002
CA,36.185797,-120.10453566,HURON_6_N001
TPWR,47.2500104225315,-122.4889367906266,HUSON_FDR1LNODE
TPWR,47.249829577314166,-122.48893679107486,HUSON_FDR2LNODE
TPWR,47.249829577314166,-122.48920320892516,HUSON_FDR3LNODE
TPWR,47.2500104225315,-122.4892032093866,HUSON_FDR4LNODE
NWMT,47.033557,-114.33932366,HUSON_R_LNODEOAD
PSE,47.733333,-122.14055666,HWD_LNODEXF2
LADWP,34.088090251059334,-118.34689102435425,HWD_SUB_LNODEONA
LADWP,34.0879097488445,-118.34689102458658,HWD_SUB_LNODEONB
LADWP,34.0879097488445,-118.34710897541342,HWD_SUB_LNODEONC
LADWP,34.088090251059334,-118.34710897564575,HWD_SUB_LNODEOND
APS,33.608357,-112.12461766,HW_LNODE13A
APS,33.60835699995319,-112.12450913124037,HW_LNODE14A
APS,33.60827919845404,-112.12456306566882,HW_LNODER2A
APS,33.60827919845404,-112.12467093433119,HW_LNODER4A
APS,33.60835699995319,-112.12472486875977,HW_LNODER5A
APS,33.60843480152251,-112.12467093442852,HW_LNODER6A
APS,33.60843480152251,-112.1245630655715,HW_LNODER9A
CA,39.54,-121.4666,HYATT1_7_B1
CA,39.55,-121.4766,HYATT2_7_B1
CA,39.51,-121.4966,HYATT3_7_B1
CA,39.51,-121.5166,HYATT4_7_B1
CA,39.54,-121.4966,HYATT5_7_B1
CA,39.53,-121.4966,HYATT6_7_B1
CA,39.54,-121.4766,HYATT_2_N212
PSE,47.392778,-121.39194466,HYA_LNODEXF1
PGE,45.625619999982156,-122.7038699863564,HYDN_LNODEWR1
PGE,45.625619999982156,-122.70399801364367,HYDN_LNODEWR2
NWMT,45.220559,-109.08822766,HYDRODYN_LNODEOAD
TPWR,47.28006041493612,-122.37470672617546,HYLEBOS_FDR1LNODE
TPWR,47.279879584909445,-122.37470672663096,HYLEBOS_FDR2LNODE
TPWR,47.279879584909445,-122.37497327336905,HYLEBOS_FDR3LNODE
TPWR,47.28006041493612,-122.37497327382455,HYLEBOS_FDR4LNODE
BPAT,44.03711538998275,-123.18467750145287,HYUND_BP_LNODEIX2
BPAT,44.03711538998275,-123.18480329854722,HYUND_BP_LNODENIX
IPCO,42.58703,-114.06728866,HZNA_GNODE131
IPCO,42.605281,-114.09250966,HZNB_GNODE131
CA,37.3299999999864,-121.7399432068908,IBM-CTLE_1_N001
CA,37.3299999999864,-121.74005679310926,IBM-CTLE_1_N002
CA,37.339999999986375,-121.7399431955302,IBM-HRRS_1_N001
CA,37.339999999986375,-121.74005680446983,IBM-HRRS_1_N101
APS,33.597453,-111.98397466,IB_LNODE10A
APS,33.59745299995321,-111.98386615606888,IB_LNODE12A
APS,33.59737520652516,-111.98392007808307,IB_LNODER1A
APS,33.59737520652516,-111.98402792191693,IB_LNODER2A
APS,33.59745299995321,-111.98408184393112,IB_LNODER5A
APS,33.597530793451455,-111.98402792201419,IB_LNODER6A
APS,33.597530793451455,-111.98392007798587,IB_LNODER9A
CA,33.88058108071875,-118.17506849526805,ICEGEN_7_B1
BPAT,46.248,-118.8866,ICEHA_BP_LNODESS
BPAT,46.248347857331865,-118.87990499817857,ICE_HARB_1_G01GNODE
BPAT,46.248269999926364,-118.87983999654169,ICE_HARB_1_G02GNODE
BPAT,46.248192142631396,-118.87990499836316,ICE_HARB_1_G03GNODE
BPAT,46.248192142631396,-118.88003500163697,ICE_HARB_1_G04GNODE
BPAT,46.248269999926364,-118.88010000345832,ICE_HARB_1_G05GNODE
BPAT,46.248347857331865,-118.88003500182144,ICE_HARB_1_G06GNODE
AVA,47.7456,-116.936666,IDAHO_RD_1_1LNODE
CA,38.277222,-120.91444466,IENERGY_7_B1
CA,38.07555099998604,-122.53988963563219,IGNACIO_1_N028
CA,38.07555099998604,-122.54000436436783,IGNACIO_1_N102
TEPC,32.07056741,-110.813346166,IHB_7_IRONHORSE_BATGNODE
CA,38.001509,-122.06673966,IMHOFF_1_N001
NV,40.66357299998468,-118.18337259324257,IMLAY_LNODE20
CA,32.58332899998902,-117.09716179037093,IMPRLBCH_6_N001
CA,32.58332899998902,-117.09726820962906,IMPRLBCH_6_N004
NV,39.23953771870403,-119.92422466,INCLINE_LNODE41
NV,39.2394571406325,-119.92416393386888,INCLINE_LNODE42
NV,39.2394571406325,-119.92428406613112,INCLINE_LNODE43
SRP,33.51627,-111.90647166,INDIANBD_LNODELD1
SRP,33.51626999995347,-111.90636333746006,INDIANBD_LNODELD2
SRP,33.516180238612044,-111.90647166,INDIANBD_LNODELD3
AVA,47.7591,-117.496866,INDIANTR_1_1LNODE
CA,39.078066,-122.53162566,INDIANV_7_B1
CA,33.75822999998817,-116.36079489140165,INDIANW_1_N001
CA,33.75822999998817,-116.36090310859835,INDIANW_1_N005
CA,33.9103771069225,-116.5452754257766,INDIGOG1_7_B1
CA,33.91019689298233,-116.54527542600617,INDIGOG2_7_B1
CA,33.91019689298233,-116.54549257399384,INDIGOG3_7_B1
CA,37.66547,-119.84133166,INDNFLT_6_N001
PGE,45.01321399998241,-123.00101950866552,INDN_LNODEWR1
PGE,45.01321399998241,-123.00114649133457,INDN_LNODEWR2
TIDC,37.4786063003132,-120.86693516896666,INDUSTRL_LNODEDR1
TIDC,37.4784258031614,-120.86683696764366,INDUSTRL_LNODEDR2
TIDC,37.4784244272802,-120.86666203442665,INDUSTRL_LNODEDR3
TIDC,37.4785292936467,-120.86693582438465,INDUSTRL_LNODEDR5
TIDC,37.4784403782944,-120.86692829063865,INDUSTRL_LNODEDR7
TIDC,37.4784247171011,-120.86674860762567,INDUSTRL_LNODEDR8
NWMT,45.935218,-112.50473366,IND_PARK_LNODEK1L
SRP,33.4727449999884,-112.00711721586019,INGLS_SR_LNODELD2
SRP,33.4727449999884,-112.00722478413982,INGLS_SR_LNODELD3
CA,37.83,-121.1766,INGRMC_1_N001
PSE,47.741111,-122.22833366,ING_LNODEXF1
CA,33.742641999988216,-117.17163390972587,INLANDG1_7_N002
CA,33.742641999988216,-117.17174209027415,INLANDG2_7_N002
BPAT,48.845573,-122.70581366,INTAL_BP_LNODEFD1
BPAT,48.84557299991993,-122.70567692335308,INTAL_BP_LNODEFD2
BPAT,48.84548344913293,-122.70567692359647,INTAL_BP_LNODEFD3
BPAT,48.84542012723743,-122.70577314419455,INTAL_BP_LNODEFD4
BPAT,48.84540498399058,-122.70590726070385,INTAL_BP_LNODEFD5
BPAT,48.845435999970256,-122.70603491451149,INTAL_BP_LNODEFD6
BPAT,48.845501310959094,-122.70612801455952,INTAL_BP_LNODEFD7
BPAT,48.84558594415964,-122.70617248731611,INTAL_BP_LNODESS1
BPAT,48.84567536121382,-122.7061650533398,INTAL_BP_LNODESS2
CA,37.059424,-121.1948266,INTLTUR_6_B1
LADWP,39.509731,-112.5801866,INT_GNODE1
LADWP,39.50973099994225,-112.58006388919469,INT_GNODE2
LADWP,39.50964141853529,-112.58006388934437,INT_LNODE1AUX
LADWP,39.50957807496767,-112.58014599200736,INT_LNODE2AUX
LADWP,39.50956292655171,-112.58026043038042,INT_LNODEBKK
LADWP,39.509593953185416,-112.58036935425653,INT_LNODEBKL
LADWP,39.50965928656619,-112.58044879416586,INT_LNODEDWP
LADWP,39.509743948741665,-112.5804867415292,INT_LNODEISO
LADWP,39.509833396363724,-112.58048039815361,INT_LNODELDL
LADWP,39.509915336646415,-112.58043347428486,INT_LNODEOSS
LADWP,39.50998052315382,-112.58035383156253,INT_LNODEURB
CA,35.65261399998741,-117.79478579202694,INYOKERN_1_N001
CA,35.65261399998741,-117.79489620797308,INYOKERN_1_N008
APS,33.492119,-112.07688866,IN_LNODE10A
APS,33.49211899995348,-112.07678039005141,IN_LNODE13A
APS,33.492029257374355,-112.07678039016295,IN_LNODE14A
APS,33.49196579983053,-112.07685648183154,IN_LNODE15A
APS,33.491950624164524,-112.07696254184118,IN_LNODE19A
APS,33.49198170664511,-112.07706349107198,IN_LNODE20A
APS,33.492047157602386,-112.0771371149049,IN_LNODE21A
APS,33.49213197211783,-112.07717228395522,IN_LNODE24A
APS,33.49222158066821,-112.0771664049291,IN_LNODE25A
APS,33.4923036683534,-112.07712291647044,IN_LNODE26A
APS,33.49236897211381,-112.07704910466445,IN_LNODE30A
APS,33.492411458898815,-112.07695431811247,IN_LNODE31A
APS,33.492428134471844,-112.07684858186367,IN_LNODE32A
APS,33.49241864474549,-112.07674157486468,IN_LNODER2A
APS,33.49238477666425,-112.07664192193467,IN_LNODER3A
APS,33.492329929365845,-112.07655674787074,IN_LNODER4A
APS,33.4922586014924,-112.07649144307322,IN_LNODER8A
APS,33.49217592315991,-112.07644959434472,IN_LNODER9A
BPAT,45.517084,-119.76862166,IONE_BP_LNODEBEC
AVA,47.34329959069224,-118.84900745528877,IRBY_1_INLLNODE
CA,34.16,-115.1266,IRONMTN_2_N001
NV,36.321838999987115,-115.20787441881086,IRONMTN_LNODE-1
NV,36.321838999987115,-115.20798558118922,IRONMTN_LNODE-2
SRP,33.363507,-112.16221266,IRVIN_SR_LNODELD2
TEPC,32.160308,-110.90653966000001,IRVNGTN_LNODE01AUX
TEPC,32.16030799995573,-110.90643266354657,IRVNGTN_LNODE02AUX
TEPC,32.1602179795422,-110.90643266365154,IRVNGTN_LNODE03AUX
TEPC,32.160154325538315,-110.90650785482637,IRVNGTN_LNODE04AUX
TEPC,32.160139102890795,-110.90661265969274,IRVNGTN_LNODE3AX
TEPC,32.160170281604465,-110.90671241425997,IRVNGTN_LNODE421L
TEPC,32.16023593519726,-110.9067851667985,IRVNGTN_LNODE422L
TEPC,32.16032101229364,-110.90681991963466,IRVNGTN_LNODE431L
TEPC,32.16041089826205,-110.90681411016912,IRVNGTN_LNODE432L
TEPC,32.16049324007855,-110.90677113636073,IRVNGTN_LNODE441L
TEPC,32.16055874600694,-110.90669819807202,IRVNGTN_LNODE442L
TEPC,32.1606013643226,-110.90660453326957,IRVNGTN_LNODE451L
TEPC,32.160618091521194,-110.90650004835865,IRVNGTN_LNODE452L
TEPC,32.16060857241929,-110.90639430773619,IRVNGTN_LNODE461L
TEPC,32.16057459949302,-110.90629583414585,IRVNGTN_LNODE46T1
TEPC,32.16051958240218,-110.90621166806568,IRVNGTN_LNODE46T2
TEPC,32.16044803371424,-110.90614713610101,IRVNGTN_LNODE471L
TEPC,32.16036509942443,-110.90610578260927,IRVNGTN_LNODEAUX00
TEPC,32.16027615059095,-110.90608942413955,IRVNGTN_LNODEC12LD
TEPC,32.160186443750355,-110.9060982919531,IRVNGTN_LNODEG4AUX
TEPC,32.16010085177805,-110.90613123345562,IRVNGTN_LNODEH16RD
TEPC,32.160023662765234,-110.90618594858084,IRVNGTN_LNODEIDC5
TEPC,32.15995844179053,-110.90625924189183,IRVNGTN_LNODEIDC7
TEPC,32.15990794887642,-110.9063472753666,IRVNGTN_LNODEIDC8
TEPC,32.15987410552742,-110.90644581043139,IRVNGTN_LNODE_13_8
TEPC,32.159858001975635,-110.90655043111576,IR_1_IRVICT_1GNODE
TEPC,32.159859937361176,-110.90665674246685,IR_1_IRVICT_2GNODE
TEPC,32.15987948545215,-110.90676054100541,IR_1_SUNDT_3GNODE
TEPC,32.159915579086594,-110.90685795541087,IR_1_SUNDT_4GNODE
TEPC,32.159966607202286,-110.90694555722784,IR_7_RICE_10GNODE
TEPC,32.16003051904922,-110.90702044243403,IR_7_RICE_1GNODE
TEPC,32.160104930965396,-110.90708028554675,IR_7_RICE_2GNODE
TEPC,32.16018723182573,-110.9071233685447,IR_7_RICE_3GNODE
TEPC,32.160274684009224,-110.90714858728283,IR_7_RICE_4GNODE
TEPC,32.1603645173927,-110.90715543831881,IR_7_RICE_5GNODE
TEPC,32.16045401449981,-110.9071439891741,IR_7_RICE_6GNODE
TEPC,32.16054058549197,-110.90711483505251,IR_7_RICE_7GNODE
TEPC,32.16062183217356,-110.90706904495157,IR_7_RICE_8GNODE
TEPC,32.16069560061115,-110.90700809995009,IR_7_RICE_9GNODE
SRP,33.40005380581674,-112.1866,ISAAC_SR_LNODELD2
SRP,33.39997309707915,-112.17994418481284,ISAAC_SR_LNODELD3
SRP,33.39997309707915,-112.18005581518716,ISAAC_SR_LNODELD4
PGE,45.43134299998227,-122.64013620094674,ISLD_LNODEWR1
PGE,45.43134299998227,-122.64026379905327,ISLD_LNODEWR2
CA,37.665987,-121.83101166,IUKA_6_N001
PNM,32.78246999998868,-108.09847673240466,IVANHOE_LNODENHOE
NWMT,46.717542,-107.83206266,IVANHOE_LNODEOAD
APS,32.683785,-114.58616566,IV_LNODE10A
APS,32.68378499995502,-114.58605853122104,IV_LNODE12A
APS,32.68369538910032,-114.58616566,IV_LNODER1A
APS,32.68378499995502,-114.58627146877897,IV_LNODER5A
APS,32.68387461090025,-114.58616566,IV_LNODER6A
CA,39.582923,-122.01064566,JACINTO_6_N001
BPAT,47.90852998395626,-121.81439575881457,JACKSN_1_GEN1GNODE
BPAT,47.90835001588734,-121.81439575928138,JACKSN_1_GEN2GNODE
BPAT,47.90835001588734,-121.81466424071864,JACKSN_1_GEN3GNODE
BPAT,47.90852998395626,-121.81466424118544,JACKSN_1_GEN4GNODE
CA,32.74419958253376,-116.95713249275732,JAMACHA_6_CN7
CA,32.744020417376156,-116.95713249297157,JAMACHA_6_N001
CA,32.744020417376156,-116.95734550702849,JAMACHA_6_N006
CA,32.74419958253376,-116.95734550724269,JAMACHA_6_N015
CA,38.205743,-122.14753966,JAMESON_1_N001
CA,40.905394259900845,-124.07257366,JANSCRK_6_N001
CA,40.90531287003298,-124.07251082627286,JANSCRK_6_N003
CA,33.37433999998846,-117.55464431763252,JAPMESA_6_N001
CA,33.37433999998846,-117.55475168236748,JAPMESA_6_N007
PNM,32.69388999998859,-108.22766323736465,JARALES_1_RIOCOMMPVGNODE
CA,37.59572442721241,-122.01803387245576,JARVIS_1_N014
CA,37.595543572677634,-122.01803387273314,JARVIS_1_N016
CA,37.595543572677634,-122.01826212726688,JARVIS_1_N017
CA,37.59572442721241,-122.01826212754426,JARVIS_1_N101
BANC,38.8340749999859,-120.5317354289445,JAY_GNODE1
BANC,38.8340749999859,-120.53185057105557,JAY_GNODE2
CA,40.99222199998452,-121.97494010570267,JBBLACK1_7_B1
CA,40.99222199998452,-121.97505989429746,JBBLACK2_7_B1
CA,36.22245499998718,-119.7797765053063,JCBSCRNR_6_N001
CA,36.22245499998718,-119.77988749469371,JCBSCRNR_6_N003
BPAT,44.16353,-123.20023566,JCTCI_BP_LNODE115
NV,35.784574,-115.33472366,JEAN_LNODEET
BPAT,44.043533099982746,-123.10231929510871,JEFFR_BP_LNODEXF1
BPAT,44.043533099982746,-123.1024451048913,JEFFR_BP_LNODEXF2
NWMT,47.084324,-109.55590166,JENNI_LNODEOAD
CA,37.769999999986226,-122.25994279875593,JENNY_1_N001
CA,37.769999999986226,-122.26005720124408,JENNY_1_N008
NWMT,46.20459,-108.92680466,JENSEN_LNODEOAD
SRP,33.409297,-112.02046266,JEPSE_SR_LNODELD4
NV,40.181825,-117.4750666,JERSEYV_GNODEIT
BPAT,44.09105729,-123.171792966,JESSEN_LNODE2KV
CA,40.470902,-122.33118866,JESSUP_1_GN001
CA,40.462102,-122.32806166,JESSUP_1_N001
BANC,38.850279,-120.38190166,JFK_GNODET
PSE,47.041944,-122.84388966,JHO_LNODEXF1
BPAT,48.21245,-121.93084366,JIMCR_BP_LNODESEC
NWMT,46.591723,-108.30388566,JIM_COUL_LNODEOAD
IPCO,42.841518,-114.90359966,JKPT_3_G001GNODE
PGE,45.39113199998224,-122.61221823910104,JLDG_LNODEWR1
PGE,45.39113199998224,-122.61234576089896,JLDG_LNODEWR2
CA,38.19,-122.4766,JMSCNPMP_1_N001
NWMT,45.658058,-108.82216866,JOE_WOLD_LNODEOAD
CA,33.71362395818503,-117.85257666,JOHANNA_2_N001
CA,33.71354302089469,-117.85251982319096,JOHANNA_2_N007
CA,33.71354302089469,-117.85263217680905,JOHANNA_2_N013
BPAT,45.67784,-120.73783566,JOHN_DAY_5_G01GNODE
BPAT,45.67783999992839,-120.73770684003351,JOHN_DAY_5_G02GNODE
BPAT,45.677750455580224,-120.73770684023867,JOHN_DAY_5_G03GNODE
BPAT,45.67768713822983,-120.73779746291744,JOHN_DAY_5_G04GNODE
BPAT,45.677671996075155,-120.73792377682673,JOHN_DAY_5_G05GNODE
BPAT,45.67770300984315,-120.73804400400749,JOHN_DAY_5_G06GNODE
BPAT,45.67776831615866,-120.73813168765639,JOHN_DAY_5_G07GNODE
BPAT,45.67785294328774,-120.73817357301877,JOHN_DAY_5_G08GNODE
BPAT,45.677942353910296,-120.73816657147566,JOHN_DAY_5_G09GNODE
BPAT,45.678024260322026,-120.73811477823898,JOHN_DAY_5_G10GNODE
BPAT,45.67808941989766,-120.73802687074334,JOHN_DAY_5_G11GNODE
BPAT,45.678131812881226,-120.73791398287102,JOHN_DAY_5_G12GNODE
BPAT,45.67814845162607,-120.73778805418402,JOHN_DAY_5_G13GNODE
BPAT,45.67813898281806,-120.73766061207388,JOHN_DAY_5_G14GNODE
BPAT,45.678105189462265,-120.73754192849715,JOHN_DAY_5_G15GNODE
BPAT,45.67805046320795,-120.7374404889106,JOHN_DAY_5_G16GNODE
CA,36.013308,-121.16763566,JOLON_6_N001
SRP,33.27679476261828,-111.88124566,JONES_SR_LNODELD1
SRP,33.2767141186785,-111.88118930849424,JONES_SR_LNODELD2
SRP,33.2767141186785,-111.88130069150577,JONES_SR_LNODELD3
NWMT,45.793975,-108.41534466,JONSN_LN_LNODEOAD
BPAT,46.138316,-118.82685266,JOSO_LNODEFMR
NWMT,45.67033399998211,-111.19215192977573,JRABBIT_LNODEK1L
NWMT,45.67033399998211,-111.19228007022427,JRABBIT_LNODEK2L
CA,37.36244,-120.62829566,JRWDGEN_1_N001
CA,37.37,-120.6466,JRWOOD_1_N001
APS,33.444732,-112.00807866,JS_LNODE11A
APS,33.444731999953575,-112.00797049109461,JS_LNODE13A
APS,33.44464229260533,-112.00797049120587,JS_LNODE14A
APS,33.444578859973426,-112.00804651142624,JS_LNODE17A
APS,33.444563690265035,-112.00815247184846,JS_LNODE18A
APS,33.44459476054357,-112.00825332629067,JS_LNODE19A
APS,33.44466018580661,-112.00832688099231,JS_LNODE22A
APS,33.44474496702599,-112.00836201701918,JS_LNODE25A
APS,33.44483454039801,-112.00835614351277,JS_LNODE26A
APS,33.444916595857315,-112.00831269588832,JS_LNODE29A
APS,33.444981873980666,-112.00823895338996,JS_LNODE30A
APS,33.445024344086185,-112.00814425584086,JS_LNODER9A
PSE,47.71777799998046,-122.19548900014007,JUA_LNODEXF1
PSE,47.71777799998046,-122.19562299985995,JUA_LNODEXF2
NWMT,46.690589,-109.56903666,JUDGAP_P_LNODEOAD
NWMT,46.572748,-109.75138566,JUDGAP_S_7_INVGGNODE
NWMT,46.572748,-109.75327966,JUD_GAP_LNODEOAD
AVA,46.5715,-116.709266,JULIAETA_1_XF1LNODE
AVA,47.70998,-116.8000666,JULIA_ST_1_1LNODE
CA,37.801185,-121.6416166,JVENTER_2_N001
APS,33.625744,-112.41008766,JV_LNODE10A
APS,33.625743999953116,-112.40997909145794,JV_LNODE12A
APS,33.625666185461185,-112.4100330457777,JV_LNODE13A
APS,33.625666185461185,-112.41014095422237,JV_LNODER1A
APS,33.625743999953116,-112.41019490854208,JV_LNODER2A
APS,33.625821814515405,-112.41014095431977,JV_LNODER4A
APS,33.625821814515405,-112.41003304568025,JV_LNODER9A
APS,33.72614696495864,-111.96223266,JX_LNODE10A
APS,33.726066017507925,-111.96217580794247,JX_LNODE13A
APS,33.726066017507925,-111.96228819205767,JX_LNODER9A
AVA,47.68743809641826,-117.20388302035549,KAISER_7_XF1AFD2LNODE
AVA,47.687359999922,-117.20381604091156,KAISER_7_XF1FDR5LNODE
AVA,47.68728190354274,-117.20388302055606,KAISER_7_XF2AFD3LNODE
AVA,47.68728190354274,-117.20401697944395,KAISER_7_XF2FDR1LNODE
AVA,47.687359999922,-117.20408395908845,KAISER_7_XF3AFD4LNODE
AVA,47.68743809641826,-117.20401697964452,KAISER_7_XF3FDR6LNODE
BPAT,46.0211,-122.853466,KALAMA_LNODEFMR
BPAT,48.216884,-114.21638166,KALIS_BP_LNODEDR1
BPAT,48.2168839999214,-114.21624634584829,KALIS_BP_LNODEDR2
BPAT,48.21679427814144,-114.21624634608426,KALIS_BP_LNODEDR3
BPAT,48.216730835334324,-114.21634156083006,KALIS_BP_LNODEDR4
BPAT,48.21671566317281,-114.2164742753434,KALIS_BP_LNODEDR5
BPAT,48.216746738379534,-114.21660059471085,KALIS_BP_LNODEEAD
BPAT,48.216812174080886,-114.21669272152215,KALIS_BP_LNODEEEN
BPAT,48.2168969688871,-114.21673672936613,KALIS_BP_LNODERES
BPAT,48.216986556678414,-114.21672937308945,KALIS_BP_LNODERV1
BPAT,48.217068625400536,-114.21667495539239,KALIS_BP_LNODERV2
AVA,46.2344,-116.032866,KAMIAH_1_13_1LNODE
CA,36.58,-120.5266,KAMM_1_N001
CA,39.439999999985574,-121.38994201903364,KANAKA_1_N001
CA,39.439999999985574,-121.39005798096639,KANAKA_1_N003
CA,36.22624,-119.83415266,KANSASGN_7_N002
TEPC,31.69770214,-111.035481766,KANTOR_LNODEDIST
PSE,46.983889,-122.242566,KAP_LNODEXF1
SRP,33.42019,-112.15312266,KAY_SR_LNODELD2
APS,35.108254,-111.68849966,KA_LNODEMR3
IPCO,42.546111,-114.38556166,KBLY_LNODE131
IPCO,43.68517499998298,-114.35847052358326,KCHM_LNODE131
IPCO,43.68517499998298,-114.35859547641672,KCHM_LNODE132
PSE,47.294167,-122.31305666,KCR_LNODEXF1
CA,36.217013537372516,-121.12668201946029,KCTYPKER_7_B1
APS,35.83242099998727,-110.26722173683697,KC_LNODER3A
APS,35.83242099998727,-110.26733226316304,KC_LNODER5A
CA,36.704357999986875,-119.88278399673257,KEARNEY_6_N001
CA,36.704357999986875,-119.88289600326743,KEARNEY_6_N099
CA,32.832849999988746,-117.13199871171015,KEARNEY_7_N001
CA,32.832849999988746,-117.13210528828985,KEARNEY_7_N003
SRP,33.053467,-110.8995766,KEARN_SR_LNODELD3
NV,35.96849799998725,-115.1667256751344,KEEHN_LNODE-1
NV,35.96849799998725,-115.16683632486561,KEEHN_LNODE-2
BPAT,45.550195,-122.89756466,KEELR_BP_LNODECC1
BPAT,45.550194999928685,-122.89743615140479,KEELR_BP_LNODECC2
BPAT,45.55010546958521,-122.89743615160846,KEELR_BP_LNODECC5
BPAT,45.550042162137366,-122.89752655411526,KEELR_BP_LNODECR1
BPAT,45.55002702235107,-122.89765256114006,KEELR_BP_LNODECR2
BPAT,45.5500580312692,-122.89777249622378,KEELR_BP_LNODEDR1
BPAT,45.5501233273718,-122.8978599668401,KEELR_BP_LNODEDR2
BPAT,45.550207941265725,-122.89790175043777,KEELR_BP_LNODESS1
BPAT,45.5502973379044,-122.89789476590215,KEELR_BP_LNODESS2
BPAT,45.55037923150535,-122.89784309849902,KEELR_BP_LNODESS3
BPAT,45.550444380889154,-122.89775540457948,KEELR_BP_LNODESS4
BPAT,45.55048676724188,-122.89764279097615,KEELR_BP_LNODESS5
NWMT,46.299688,-109.32013766,KEFREKLD_LNODEOAD
BPAT,48.069105,-118.6791966,KELLE_BP_LNODEYCO
CA,37.797722,-121.60159166,KELSO_2_N001
SRP,33.377562797016736,-111.76644566,KEMPT_SR_LNODELD1
SRP,33.37748210147918,-111.76638920837797,KEMPT_SR_LNODELD2
SRP,33.37748210147918,-111.76650079162205,KEMPT_SR_LNODELD3
BPAT,46.197851914449515,-119.11897666,KENNW_BP_LNODEXF1
BPAT,46.1977710427554,-119.11890854374157,KENNW_BP_LNODEXF2
BPAT,46.1977710427554,-119.11904345625857,KENNW_BP_LNODEXF3
PSE,48.9175,-122.13166766,KEN_LNODEXF1
CA,37.07981813101436,-119.48565702496887,KERCK1G1_7_B2
CA,37.07963786887853,-119.48565702523743,KERCK1G2_7_B1
CA,37.07963786887853,-119.48588297476257,KERCK1G3_7_B1
CA,37.07981813101436,-119.4858829750312,KERCKHOF_7_B1
CA,36.69205999998684,-120.05918901200307,KERMAN_6_N001
CA,36.69205999998684,-120.05930098799692,KERMAN_6_N002
CA,35.515556,-119.0466,KERNFRNT_7_B1
CA,35.44070999998741,-119.02061483035584,KERNOIL_1_N001
CA,35.44070999998741,-119.02072516964418,KERNOIL_1_N012
CA,35.37980096994444,-119.09798466,KERNPWR_1_N002
CA,35.37972001501422,-119.09792667452028,KERNPWR_1_N201
CA,35.48320899998747,-119.76358482417542,KERNRDGE_1_N001
CA,35.48320899998747,-119.76369517582458,KERNRDGE_1_N003
CA,35.37972001501422,-119.09804132547974,KERNRV_1_N001
CA,35.400666,-119.03560366,KERNWATR_1_N001
BPAT,47.67775099998051,-114.24507802697228,KERRB_BP_LNODEIA1
BPAT,47.67775099998051,-114.24521197302772,KERRB_BP_LNODEIA2
NWMT,47.67805,-114.2378866,KERR_1_SKQ1GNODE
NWMT,47.67816,-114.237866,KERR_1_SKQ2GNODE
NWMT,47.677912,-114.23798766,KERR_1_SKQ3GNODE
CA,40.623725,-122.46202766,KESWICK_6_N001
BANC,40.611874234125864,-122.4466466,KESWIK_7_UNIT 1GNODE
BANC,40.611792882920504,-122.44657812960061,KESWIK_7_UNIT 2GNODE
BANC,40.611792882920504,-122.4467018703994,KESWIK_7_UNIT 3GNODE
AVA,48.6213,-118.111266,KETTLEFL_1_1LNODE
AVA,48.62039999998022,-118.11093227741263,KETTLEFL_1_CTGNODE
AVA,48.62039999998022,-118.11106772258736,KETTLEFL_1_STGNODE
CA,36.044075,-120.11269666,KETTLEMN_6_N001
CA,32.733172,-117.17377466,KETTNER_6_N001
NV,35.29501,-114.83648766,KIDWELL_LNODE-1
BANC,37.71047,-121.013966,KIERNAN_LNODETUB
NV,39.24568699994282,-120.02708739280564,KING BCH_GNODE 1
NV,39.24559746913319,-120.02720366,KING BCH_GNODE 2
NV,38.958066,-119.88649866,KINGBRY_LNODERY
CA,36.21683446252504,-121.1266820197143,KINGCTY_6_N001
CA,36.21683446252504,-121.12690398028576,KINGCTY_6_N002
CA,36.217013537372516,-121.12690398053972,KINGCTY_6_N005
CA,36.48869063297857,-119.58234525016938,KINGSBRG_1_N001
CA,36.48861299994815,-119.58228950045047,KINGSBRG_1_N008
CA,36.488535366995606,-119.58234525028112,KINGSBRG_7_N002
CA,36.488535366995606,-119.5824567497189,KINGSBRG_7_N003
CA,36.48861299994815,-119.58251249954952,KINGSBUR_7_B1
CA,36.48869063297857,-119.58245674983064,KINGSRIV_7_B1
NWMT,45.754420999981974,-108.57672681624298,KING_AVE_LNODEK1L
NWMT,45.754420999981974,-108.57685518375703,KING_AVE_LNODEK2L
PSE,47.815509,-122.54232166,KIN_LNODEXF2
CA,38.0212542075842,-121.90584466,KIRKER_1_N001
CA,38.02117289619287,-121.90578440854696,KIRKER_1_N005
CA,38.02117289619287,-121.90590359145304,KIRKER_1_N006
SRP,33.467128,-111.66771766,KIRK_SR_LNODELD2
BPAT,47.13718,-120.7041366,KITASVLY_2_Z1GNODE
BPAT,47.53174,-122.7034766,KITSAP_LNODESSA
PSE,46.983056,-120.41972266,KIT_LNODEXF2
APS,34.36553299998781,-112.66888723984366,KJ_LNODE10A
APS,34.36553299998781,-112.668996760157,KJ_LNODE12A
PSE,47.566111,-122.002566,KLA_LNODEXF1
PGE,45.50564199998226,-122.5631761248668,KLBT_LNODEWR1
PGE,45.50564199998226,-122.56330387513323,KLBT_LNODEWR2
BANC,38.466952,-121.17631666,KLG_GNODEDIL
BANC,38.515178,-121.19261766,KLG_GNODEPL
PGE,45.63950699998213,-122.76071596907016,KLPT_LNODEWR1
PGE,45.63950699998213,-122.76084403092986,KLPT_LNODEWR2
APS,32.736143,-114.51288766,KM_LNODEFMR
BANC,40.654722,-122.38916766,KNA_LNODENA2
PGE,45.267503602225176,-122.72169566,KNBR_LNODECS1
PGE,45.39565299998226,-122.80040423491509,KNGC_LNODEWR1
PGE,45.39565299998226,-122.80053176508491,KNGC_LNODEWR2
CA,38.809281,-121.7451566,KNGHTSLD_1_N001
NWMT,46.84263,-110.69182566,KNGS_HIL_LNODEOAD
PSE,47.762778,-122.2566,KNM_LNODEXF2
TPWR,47.07177043440678,-122.34034721933332,KNOBLE_FDR1LNODE
TPWR,47.071589565439886,-122.34034721978395,KNOBLE_FDR2LNODE
TPWR,47.071589565439886,-122.34061278021606,KNOBLE_FDR3LNODE
TPWR,47.07177043440678,-122.34061278066667,KNOBLE_FDR4LNODE
SRP,33.15680999998853,-110.98294651293119,KNOLL_SR_LNODELD1
SRP,33.15680999998853,-110.98305348706887,KNOLL_SR_LNODELD2
PSE,47.119167,-122.16611166,KNO_LNODEXF1
PSE,47.380277999980684,-122.24132226343852,KNT_LNODEXF2
PSE,47.380277999980684,-122.24145573656149,KNT_LNODEXF3
NWMT,47.069719,-109.79877166,KOLIN_R_LNODEOAD
CA,38.9325,-122.74108566,KONOCTI6_6_N001
AVA,46.139,-115.983466,KOOSKIA_1_1LNODE
CA,34.99008799998758,-117.54259890248717,KRAMER_1_N001
IPCO,43.608156,-116.56272866,KRCH_LNODE131
CA,32.699023999988746,-116.35384023891211,KUMEYAAY_7_N001
PSE,47.631667,-122.10972266,KWH_LNODEXF2
CA,32.819776,-117.14036266,KYOCERA_6_N001
SRP,33.353953,-111.93582566,KYRENE_LNODEDAU
SRP,33.35417963667357,-111.93593733758604,KYRENE_LNODEDU7
SRP,33.354101999953826,-111.93588367526776,KY_2_UNIT5GNODE
SRP,33.35402436330341,-111.93593733768175,KY_2_UNIT6GNODE
SRP,33.35402436330341,-111.93604466231825,KY_6_UNIT4GNODE
SRP,33.354101999953826,-111.93609832473224,KY_U7AGNODE
SRP,33.35417963667357,-111.93604466241399,KY_U7SGNODE
PSE,48.823056,-122.562566,LAB_LNODEXF2
TPWR,46.98009041820785,-122.36911747092874,LACAMAS_FDR1LNODE
TPWR,46.97990958163931,-122.36911747137766,LACAMAS_FDR2LNODE
TPWR,46.97990958163931,-122.36938252862366,LACAMAS_FDR3LNODE
TPWR,46.98009041820785,-122.36938252907126,LACAMAS_FDR4LNODE
BPAT,45.623143,-122.46466766,LACAM_BP_LNODEFMR
TEPC,32.368918999989084,-110.99653881966186,LACANADA_LNODEDIST1
TEPC,32.368918999989084,-110.99664518033813,LACANADA_LNODEDIST2
BPAT,48.177122999980384,-116.75930770250451,LACLE_BP_LNODE8KV
BPAT,48.177122999980384,-116.75944229749548,LACLE_BP_LNODEEDE
SRP,33.347247999988475,-111.75490734432996,LACY_SR_LNODELD1
SRP,33.347247999988475,-111.75501465567002,LACY_SR_LNODELD2
PSE,47.035897,-122.81579266,LAC_LNODEXF1
CA,33.86979104273171,-118.3331966,LAFRESA_6_N001
CA,33.869709978621295,-118.33313363244312,LAFRESA_6_N003
CA,33.869709978621295,-118.33324636755688,LAFRESA_6_N007
CA,33.49498074466377,-117.70295838393929,LAGNANL_1_N001
CA,33.494801255243225,-117.7029583841624,LAGNANL_1_N002
CA,33.494801255243225,-117.70317361583761,LAGNANL_1_N005
CA,33.49498074466377,-117.70317361606071,LAGNANL_1_N006
TPWR,46.83302825597714,-122.32037395797097,LAGNDTPW_BKLNODE
TPWR,46.83294999992399,-122.32030791613424,LAGRANDE_7_G01GNODE
TPWR,46.832871743984754,-122.3203739581633,LAGRANDE_7_G02GNODE
TPWR,46.832871743984754,-122.32050604183672,LAGRANDE_7_G03GNODE
TPWR,46.83294999992399,-122.32057208386577,LAGRANDE_7_G04GNODE
TPWR,46.83302825597714,-122.32050604202905,LAGRANDE_7_G05GNODE
TIDC,37.67001648079934,-120.44401229269438,LAGRANGE_6_UNIT1GNODE
TIDC,37.67001648079934,-120.44412654566284,LAGRANGE_6_UNIT2GNODE
TIDC,37.6697612035926,-120.44380870152666,LAGRANG_LNODEOAD
BPAT,45.31194658192838,-118.07175361649844,LAGRA_BP_LNODEGIN
BPAT,45.31176741793004,-118.07175361690113,LAGRA_BP_LNODEKER
BPAT,45.31176741793004,-118.07200838309886,LAGRA_BP_LNODENDE
BPAT,45.31194658192838,-118.07200838350155,LAGRA_BP_LNODEXF1
CA,33.975996097823064,-118.1479466,LAGUBELL_6_N001
CA,33.97591495107552,-118.14788350459531,LAGUBELL_6_N005
CA,33.97591495107552,-118.14799649540468,LAGUBELL_6_N210
CA,36.748942999986895,-121.60530194075191,LAGUNATP_6_N001
CA,36.748942999986895,-121.60541405924809,LAGUNITS_6_N001
NV,39.467557999985544,-119.06313999027037,LAHONTAN_GNODEIT
NV,39.467557999985544,-119.06325600972964,LAHONTAN_LNODESS
CA,32.840121999988746,-117.27517670850456,LAJOLLA_6_N001
CA,32.840121999988746,-117.27528329149547,LAJOLLA_6_N007
PNM,32.78246999998868,-108.09858326759534,LAJOYA_3_LJOYA1GNODE
PNM,34.634478,-106.70757866,LAJOYA_3_LJOYA2GNODE
AVA,47.9656,-116.445966,LAKEVIEW_2_XF1LNODE
CA,35.093678,-119.1013966,LAKEVIEW_6_N101
CA,38.251505,-122.58069266,LAKEVLLE_1_N001
CA,37.909008286572075,-122.05701271293043,LAKEWOOD_1_N001
CA,37.90892999994441,-122.05695542598275,LAKEWOOD_1_N003
CA,37.90885171340006,-122.05701271305233,LAKEWOOD_1_N004
CA,37.90885171340006,-122.05712728694769,LAKEWOOD_1_N006
CA,37.90892999994441,-122.05718457401727,LAKEWOOD_1_N007
CA,37.909008286572075,-122.05712728706959,LAKEWOOD_1_N009
NWMT,44.978600232915326,-110.70493252715806,LAKE_LNODEOAD
CA,38.221667,-121.86777866,LAMBGT1_7_B1
IPCO,42.768261,-112.91450866,LAMB_IP_LNODE131
NV,36.114297,-115.08367566,LAMB_LNODE-1
CA,35.296667999987505,-118.86162984910736,LAMONT_1_N001
CA,35.296667999987505,-118.86174015089267,LAMONT_1_N002
AVA,47.78626805624785,-116.92140966,LANCASTR_2_GTGNODE
AVA,47.78618697185501,-116.92133932573,LANCASTR_2_STGNODE
AVA,47.78618697185501,-116.9214786742766,LANCASTR_7_SSLNODE
BPAT,44.050754,-123.2322766,LANE_LNODEF1A
BPAT,42.911699999983675,-124.45190673694108,LANGL_BP_LNODEDON
BPAT,42.911699999983675,-124.45202926305893,LANGL_BP_LNODERRY
BPAT,43.661112999982976,-121.45421755737881,LAPIN_BP_LNODEHST
BPAT,43.661112999982976,-121.45434244262118,LAPIN_BP_LNODEVER
CA,35.295166,-119.59203566,LAPLMG1_7_B2
CA,35.29516599994997,-119.59192469860038,LAPLMG1_7_N001
CA,35.29507597345422,-119.59192469872306,LAPLMG2_7_B2
CA,35.2950123151544,-119.59200269352938,LAPLMG2_7_N001
CA,35.29499709147608,-119.59211140620917,LAPLMG3_7_B2
CA,35.29502827228419,-119.59221488028865,LAPLMG3_7_N001
CA,35.29509393029799,-119.59229034554535,LAPLMG4_7_B2
CA,35.29517901313358,-119.59232639423358,LAPLMG4_7_N001
BPAT,47.733189,-118.16254566,LAREN_BP_LNODEFMR
CA,32.600973,-115.6276166,LAROA1_2_N001
CA,36.8,-119.6966,LASPALMS_1_N001
CA,33.31288499998846,-117.46694237728786,LASPLGS_6_N001
CA,33.31288499998846,-117.46704962271215,LASPULGS_6_N001
CA,40.297222,-121.01722266,LASSEN_6_N003
SRP,33.38591480023994,-111.96027766,LASSE_SR_LNODELD1
SRP,33.385834099867594,-111.96022119967584,LASSE_SR_LNODELD2
SRP,33.385834099867594,-111.96033280032418,LASSE_SR_LNODELD3
NV,40.8404334368949,-115.73711345879451,LASTCHCE_LNODE11
NV,40.84025256298183,-115.73711345912072,LASTCHCE_LNODE12
NV,40.84025256298183,-115.7373525408793,LASTCHCE_LNODE18
NV,40.8404334368949,-115.73735254120557,LASTCHCE_LNODE21
AVA,47.3327,-117.152266,LATAHJCT_1_1LNODE
BPAT,43.766049999982954,-123.07295441423595,LATHA_BP_LNODEXF1
BPAT,43.766049999982954,-123.07307958576406,LATHA_BP_LNODEXF2
PSE,47.322222,-122.352566,LAT_LNODEXF1
CA,36.47781599998705,-121.72689226195537,LAURELES_6_N001
NWMT,45.66790399998214,-108.76543493291913,LAURELNW_LNODEK1H
NWMT,45.66790399998214,-108.76556306708089,LAURELNW_LNODEK2H
BPAT,44.0377136,-123.049936966,LAUREL_LNODE2KV
NWMT,45.657518,-108.76039566,LAUREL_P_LNODEOAD
NWMT,45.350331,-112.11619566,LAURIN_LNODEOAD
PSE,48.828333,-122.48694466,LAU_LNODEXF1
NWMT,46.292319964851636,-108.93180666,LAVINA_LNODEMPC
NWMT,46.292239017554195,-108.93173836430887,LAVINA_LNODEREA
NWMT,46.198396,-108.88251866,LAVINA_P_LNODEOAD
CA,37.39729735662451,-122.01001226415195,LAWRENCE_1_N001
CA,37.39711664326654,-122.0100122644262,LAWRENCE_1_N003
CA,37.39711664326654,-122.01023973557386,LAWRENCE_1_N004
CA,37.39729735662451,-122.01023973584806,LAWRENCE_1_N006
NWMT,45.100238,-110.78828666,LA_DUKE_LNODEOAD
CA,33.818769974370746,-118.22236564017184,LBEACH1G_7_N001
CA,33.8187063167147,-118.22244226216476,LBEACH2G_7_N001
CA,33.818691093192,-118.22254906136247,LBEACH2G_7_N002
CA,33.818722273689396,-118.22265071416254,LBEACH3G_7_N001
CA,33.81878793104394,-118.22272485112205,LBEACH4G_7_N001
PGE,45.19051,-122.58369466,LBRL_LNODEBR1
PGE,44.89746999998243,-123.05347956787895,LBRT_LNODEWR1
PGE,44.89746999998243,-123.05360643212104,LBRT_LNODEWR2
CA,34.000751,-118.37840866,LCIENEGA_6_N001
IPCO,43.053059,-114.13617666,LCNS_LNODE131
IPCO,43.647778203432694,-116.37259966,LCST_LNODE131
IPCO,43.64769689826524,-116.37253412754242,LCST_LNODE132
IPCO,43.64769689826524,-116.3726638724576,LCST_LNODE133
BPAT,44.10100999998277,-122.68960704048736,LEABURGS_6_G01GNODE
BPAT,44.10100999998277,-122.68973295951265,LEABURGS_6_G02GNODE
NV,36.21454872222484,-115.16050866,LEAVITT_LNODE-1
NV,36.21446813887374,-115.16045033494228,LEAVITT_LNODE-2
NV,36.21446813887374,-115.16056566505773,LEAVITT_LNODE-3
PSE,47.322222,-122.17833366,LEA_LNODEXF1
BPAT,44.504391,-122.86539766,LEBAN_BP_LNODECPI
CA,37.25,-121.7766,LECEFGT1_7_B1
CA,37.43085,-121.95299966,LECEFST1_7_B1
BPAT,46.271776999981526,-119.34891395517586,LEDBE_BP_LNODEEA1
BPAT,46.271776999981526,-119.34904404482415,LEDBE_BP_LNODEEA2
NV,40.933608,-116.33293266,LEEVILLE_LNODE48
AVA,46.841299999980976,-119.15313394479706,LEE_REYN_1_13_1LNODE
AVA,46.841299999980976,-119.15326605520293,LEE_REYN_1_13_2LNODE
CA,37.184412,-120.27346366,LEGRAND_1_N001
SRP,33.43773199998839,-111.76259925288166,LEHI_SR_LNODELD2
SRP,33.43773199998839,-111.76270674711967,LEHI_SR_LNODELD3
PSE,48.767952,-122.52359966,LEH_LNODEXF1
SRP,33.39233999998846,-111.70574629956229,LEISU_SR_LNODELD1
SRP,33.39233999998846,-111.70585370043771,LEISU_SR_LNODELD2
CA,36.30998799998711,-119.79822042969917,LEMOORE_6_N002
CA,36.30998799998711,-119.79833157030086,LEMOORE_6_N101
NV,36.385664,-114.91992966,LENZIE_GNODE101
NV,36.38566399994842,-114.91981771519056,LENZIE_GNODE111
NV,36.38557441097481,-114.91981771531874,LENZIE_GNODE121
NV,36.385511062051236,-114.91989640549805,LENZIE_GNODE201
NV,36.38549591235815,-114.92000608741526,LENZIE_GNODE211
NV,36.38552694162597,-114.9201104840292,LENZIE_GNODE221
NV,36.38559228054181,-114.92018662211137,LENZIE_LNODE11
NV,36.38567694987828,-114.92022299220741,LENZIE_LNODE12
NV,36.38576640505387,-114.92021691244679,LENZIE_LNODE21
NV,36.385848352245866,-114.92017193888466,LENZIE_LNODE22
AVA,46.5325,-117.039866,LEONJCT_1_XF1LNODE
CA,37.748396,-121.4157666,LEPRINO_1_N001
CA,35.50010399998744,-119.15188082156193,LERDO_1_N001
CA,35.50010399998744,-119.15199117843808,LERDO_1_N004
NV,40.88192199998456,-118.67689019296564,LEWIS_LNODE-2
NV,40.88192199998456,-118.67700980703438,LEWIS_LNODEK1
AVA,46.4243,-116.978566,LEWMILRD_1_13_1LNODE
BPAT,45.9288,-122.722766,LEWSR_BP_LNODEFMR
APS,36.807302,-111.45466466,LEX_LNODEIE1
APS,33.53786586716233,-112.35862766,LFN_GNODELUK
APS,33.53778506640623,-112.35857103225058,LFN_LNODE10A
APS,33.53778506640623,-112.35868296774943,LFN_LNODER2A
IPCO,43.90399999998289,-116.81993724423266,LGPR_GNODEPLT
IPCO,43.90399999998289,-116.82006275576866,LGPR_GNODESTG
PSE,47.993333,-122.39777866,LGY_LNODEXF1
APS,32.600600658745414,-114.73592557334409,LG_LNODE13A
APS,32.60042134116471,-114.73592557355717,LG_LNODER1A
APS,32.60042134116471,-114.73613842644289,LG_LNODER5A
APS,32.600600658745414,-114.73613842665591,LG_LNODER9A
PSE,47.616667,-122.122566,LHL_LNODEXF2
APS,33.485125,-112.36023266,LH_LNODE10A
APS,33.48512499995357,-112.36012440514888,LH_LNODE12A
APS,33.485035262718135,-112.36012440526036,LH_LNODE13A
APS,33.48497180895296,-112.36020048625346,LH_LNODE14A
APS,33.48495663419057,-112.36030653138313,LH_LNODER1A
APS,33.48498771482039,-112.36040746645098,LH_LNODER2A
APS,33.4850531618804,-112.36048107995458,LH_LNODER4A
APS,33.485137971345516,-112.36051624407068,LH_LNODER6A
BPAT,48.394558,-115.30725766,LIBBY_2_G01GNODE
BPAT,48.39455799992115,-115.30712204543657,LIBBY_2_G02GNODE
BPAT,48.39446839054285,-115.30725766,LIBBY_2_G03GNODE
BPAT,48.39455799992115,-115.30739195456357,LIBBY_2_G04GNODE
BPAT,48.39464760945719,-115.30725699999999,LIBBY_2_G05GNODE
AVA,47.67259999998052,-117.10733303048643,LIBRTYLK_1_1LNODE
AVA,47.67259999998052,-117.10746696951358,LIBRTYLK_1_2LNODE
BPAT,48.40325860503022,-115.54866402890246,LIBYP_BP_LNODEXF1
BPAT,48.40307939481189,-115.54866402937866,LIBYP_BP_LNODEXF2
BPAT,48.40307939481189,-115.548933970622,LIBYP_BP_LNODEXF3
BPAT,48.40325860503022,-115.54893397109754,LIBYT_BP_LNODESS
TPWR,47.22393042783744,-122.35541684835519,LIDFORD_FDR1LNODE
TPWR,47.223749572008295,-122.35541684880945,LIDFORD_FDR2LNODE
TPWR,47.223749572008295,-122.35568315119056,LIDFORD_FDR3LNODE
TPWR,47.22393042783744,-122.35568315164481,LIDFORD_FDR4LNODE
PNM,31.763441,-108.53858966,LIGHTDOC_1_LIGHTNINGDGEOGNODE
CA,33.25325899998847,-117.08580343192693,LILAC_6_N001
CA,33.25325899998847,-117.08591056807307,LILAC_6_N010
CA,38.63382790998426,-120.97966266,LIMESTNE_6_N001
CA,38.63374704499266,-120.9796022326773,LIMESTNE_6_N005
TPWR,47.25632830698488,-122.40190338844566,LINCOLNT_BK3LNODE
TPWR,47.25624999992279,-122.40183677708822,LINCOLNT_FDR1LNODE
TPWR,47.25617169297655,-122.40190338864262,LINCOLNT_FDR2LNODE
TPWR,47.25617169297655,-122.40203661135737,LINCOLNT_FDR3LNODE
TPWR,47.25624999992279,-122.40210322291179,LINCOLNT_FDR4LNODE
NV,36.21717299998714,-115.08374450959239,LINCOLN_LNODEK1
NV,36.21717299998714,-115.08385549040764,LINCOLN_LNODEK2
NV,36.14400971833436,-115.21533566,LINDELL_LNODE-1
NV,36.14392914081906,-115.2152773910111,LINDELL_LNODE-2
NV,36.14392914081906,-115.21539260898892,LINDELL_LNODE-3
CA,38.016891,-121.09587566,LINDEN_6_N101
BPAT,45.777135,-120.8000166,LINDEN_C_2_Z1GNODE
TPWR,47.25632830698488,-122.4020366115544,LINDETPW_BKLNODE
AVA,46.9781,-118.61366,LIND_7_F711LNODE
SRP,33.35992236018247,-111.81994633188789,LINOX_SR_LNODED21
SRP,33.35992236018247,-111.82005366811212,LINOX_SR_LNODED22
SRP,33.35999999995379,-111.82010733631999,LINOX_SR_LNODED23
SRP,33.36007763979444,-111.82005366820786,LINOX_SR_LNODELD1
AVA,46.9811,-118.61485966,LIN_SOLR_1_SOLARGNODE
BPAT,48.10204988773989,-114.25228966,LIONM_BP_LNODEMTN
BPAT,48.10196905610893,-114.25221911730432,LIONM_BP_LNODERES
BPAT,48.10196905610893,-114.25235888269567,LION_MTN_2_G01GNODE
PSE,47.40333299998061,-122.23271124213143,LIQ_LNODEXF1
PSE,47.40333299998061,-122.23284475786859,LIQ_LNODEXF2
CA,33.88040091918611,-118.17506849549717,LITEHIPE_6_N001
CA,33.88040091918611,-118.17528550450285,LITEHIPE_6_N006
CA,33.88058108071875,-118.17528550473196,LITEHIPE_6_N008
BPAT,46.581893,-118.05294466,LITGO_BP_LNODEITA
BPAT,46.58189299992499,-118.05281277176553,LITGO_BP_LNODERIA
AVA,47.82969005513843,-117.91836585683903,LITTLEFL_1_1GNODE
AVA,47.829509944705315,-117.91836585730456,LITTLEFL_1_2GNODE
AVA,47.829509944705315,-117.91863414269545,LITTLEFL_1_3GNODE
AVA,47.82969005513843,-117.91863414316097,LITTLEFL_1_4GNODE
AVA,47.83,-117.919466,LITTLEFL_1_XF3LNODE
CA,34.616705,-117.91577766,LITTLERK_6_N016
BPAT,46.58180280451629,-118.05281277198382,LIT_GOOS_5_G01GNODE
BPAT,46.581739026799696,-118.05290556424917,LIT_GOOS_5_G02GNODE
BPAT,46.58172377454808,-118.05303490221516,LIT_GOOS_5_G03GNODE
BPAT,46.58175501380522,-118.05315800773577,LIT_GOOS_5_G04GNODE
BPAT,46.58182079494335,-118.05324779061756,LIT_GOOS_5_G05GNODE
BPAT,46.58190603737599,-118.05329067877278,LIT_GOOS_5_G06GNODE
CA,37.68013099998621,-121.78059286544908,LIVERMRE_6_N001
CA,37.68013099998621,-121.78070713455092,LIVERMRE_6_N003
CA,37.36332499998639,-120.76036816934959,LIVNGSTN_1_N001
CA,37.36332499998639,-120.76048183065043,LIVNGSTN_6_N001
NWMT,45.675124,-110.55026266,LIV_NS_LNODEK1L
NWMT,45.65674399998212,-110.57320694725469,LIV_WS_LNODEK2L
NWMT,45.65674399998212,-110.57333505274532,LIV_WS_LNODEK3L
APS,33.643679,-112.0606566,LK_LNODE10A
APS,33.6436789999531,-112.06054205019467,LK_LNODE12A
APS,33.643589131834624,-112.06054205030736,LK_LNODE13A
APS,33.64352558552153,-112.0606183822904,LK_LNODE14A
APS,33.64351038862641,-112.06072477726026,LK_LNODER1A
APS,33.64354151458699,-112.06082604531076,LK_LNODER2A
APS,33.643607057101605,-112.06089990166505,LK_LNODER4A
APS,33.643691990261935,-112.06093518178902,LK_LNODER6A
CA,37.006958040367174,-121.55739166,LLAGAS_1_N001
CA,37.00687697980194,-121.55733239433584,LLAGAS_1_N003
CA,37.00687697980194,-121.55744960566416,LLAGAS_1_N005
PGE,45.037,-122.79466,LLDD_LNODEDLD
BANC,37.68718,-121.7059266,LLL_LNODELNL
PGE,45.29139,-122.564266,LLND_LNODEBR1
PSE,48.718611,-122.35416766,LLS_LNODEXF1
PSE,47.768333,-122.11527866,LLT_LNODEXF1
NV,36.0847589999873,-114.93928860655184,LLV_LNODE-1
NV,36.0847589999873,-114.93939939344817,LLV_LNODE-2
APS,33.441673,-112.07830466,LL_LNODE10A
APS,33.44167299995366,-112.07819649751279,LL_LNODE11A
APS,33.44158329479773,-112.07819649762396,LL_LNODE12A
APS,33.44151986371602,-112.07827251330609,LL_LNODE15A
APS,33.441504694378324,-112.07837846740257,LL_LNODE16A
APS,33.44153576389758,-112.07847931582381,LL_LNODE17A
APS,33.44160118756172,-112.07855286613437,LL_LNODE23A
APS,33.44168596670917,-112.07858800006363,LL_LNODE24A
APS,33.4417755378921,-112.07858212690773,LL_LNODE25A
APS,33.44185759134604,-112.07853868187712,LL_LNODE41A
APS,33.44192286787411,-112.07846494378111,LL_LNODE42A
APS,33.4419653369416,-112.07837025188546,LL_LNODE43A
APS,33.441982005560874,-112.07826462122776,LL_LNODE48A
APS,33.44197251979194,-112.07815772108887,LL_LNODE49A
APS,33.44193866583428,-112.07805816767417,LL_LNODE50A
APS,33.441883841408,-112.07797307866744,LL_LNODE54A
APS,33.44181254327915,-112.07790783908419,LL_LNODE55A
APS,33.44172989942434,-112.07786603214582,LL_LNODE56A
APS,33.441641262092716,-112.07784949431729,LL_LNODE61A
APS,33.441551869412265,-112.0778584593913,LL_LNODE62A
APS,33.44146657719401,-112.07789176213029,LL_LNODE63A
APS,33.44138965850921,-112.07794707724317,LL_LNODER2A
APS,33.441324665950944,-112.07802117425146,LL_LNODER3A
APS,33.44127434987402,-112.07811017304081,LL_LNODER4A
APS,33.44124062505165,-112.07820978858096,LL_LNODER9A
PSE,47.484444,-122.07611166,LMC_LNODEXF2
PSE,47.388333,-122.162566,LMD_LNODEXF1
CA,38.030625,-121.89678366,LMEC1_1_N001
CA,38.03062499994427,-121.89666830800388,LMEC1_1_N101
CA,38.0305346591732,-121.89666830814532,LMEC1_1_N601
CA,38.03047077865233,-121.89674940756282,LMEC1_1_N801
CA,38.03045550182725,-121.89686244757443,LMECCT1_7_B1
CA,38.0304867914731,-121.89697004046927,LMECCT1_7_N001
CA,38.030552678679065,-121.89704850966315,LMECCT2_7_B1
CA,38.03063805852326,-121.89708599331652,LMECCT2_7_N001
CA,38.03072826437463,-121.89707972743696,LMECST1_7_B1
CA,38.03081089924409,-121.89703337694176,LMECST1_7_N001
CA,34.6,-120.3966,LMPC-CTY_1_N001
IPCO,42.865304,-114.90603466,LMPR_GNODE001
IPCO,44.400408,-117.2682266,LMWP_GNODEMWP
NWMT,46.977871,-112.55231366,LNDRS_FK_LNODEK1L
PSE,48.465556,-122.55388966,LND_LNODE1
BPAT,46.139336,-122.99387466,LNGVW_BP_LNODEISS
BANC,38.984727,-120.32793166,LNL_GNODET
NV,36.073522,-114.95637966,LNQUIST_LNODE-1
PGE,45.47642999998223,-122.55827015565404,LNTS_LNODEBK1
PGE,45.47642999998223,-122.55839784434596,LNTS_LNODEWR3
APS,33.442483,-112.07705266,LN_LNODE33A
APS,33.44248299995365,-112.07694449581467,LN_LNODE34A
APS,33.44239329421817,-112.07694449592577,LN_LNODE36A
APS,33.44232986272668,-112.0770205128087,LN_LNODE37A
APS,33.44231469329102,-112.07712646857892,LN_LNODE38A
APS,33.44234576301103,-112.07722731859324,LN_LNODE41A
APS,33.44241118709779,-112.07730087006567,LN_LNODE42A
APS,33.44249596679287,-112.07733600454992,LN_LNODE44A
APS,33.44258553855449,-112.07733013130128,LN_LNODE45A
APS,33.442667592538534,-112.07728668558438,LN_LNODE46A
CA,38.136356,-121.14877566,LOCKFORD_7_N003
CA,37.409054,-122.0321366,LOCKHD1_1_N001
CA,37.416224,-122.03065566,LOCKHD2_1_N001
NWMT,45.811977,-108.41439466,LOCKWD_R_LNODEOAD
AVA,47.67370933320181,-117.27746972719227,LOCUST_1_1LNODE
CA,38.72860599998584,-121.3029965366268,LODI25CT_7_B1
CA,39.53955399998549,-122.2627729111241,LOGANCR_2_N001
CA,39.53955399998549,-122.26288908887592,LOGANCR_2_N010
AVA,46.3571,-116.915466,LOLO_1_3LNODE
NWMT,46.759176,-114.07521566,LOLO_LNODEK1L
PSE,47.504722,-122.58916766,LOL_LNODEXF2
PNM,34.65052168608005,-104.01445496306003,LONEMESA_7_CASAMEBATTGNODE
PNM,34.65059999995065,-104.01450992622392,LONEMESA_7_CASAMESAWFGNODE
NV,40.203164,-118.51835366,LONEMTN_LNODE-2
NV,36.220392,-115.30901266,LONEMT_LNODE18
CA,37.511676999986356,-122.20756301431467,LONESTAR_1_N001
NWMT,45.293055,-111.4058866,LONE_MTN_LNODEK1L
NWMT,45.29319,-111.40597166,LONE_MTN_LNODEK2L
AVA,47.8359,-117.842266,LONGLAKE_1_1GNODE
AVA,47.835899999921864,-117.84206584919697,LONGLAKE_1_2GNODE
AVA,47.83580995042976,-117.842266,LONGLAKE_1_3GNODE
AVA,47.835899999921864,-117.84233415080304,LONGLAKE_1_4GNODE
AVA,47.83599004957028,-117.842266,LONGLK13_1_1LNODE
PSE,46.917778,-122.56555666,LON_LNODEXF2
BPAT,43.91560743284403,-122.75755546188526,LOOKOTPT_1_G01GNODE
BPAT,43.91542656701854,-122.75755546226678,LOOKOTPT_1_G02GNODE
BPAT,43.91542656701854,-122.75780653773323,LOOKOTPT_1_G03GNODE
BPAT,43.91560743284403,-122.75780653811479,LOOKO_BP_LNODESS
AVA,48.0903,-117.629366,LOONLAKE_1_BPAT_LOONLAKELNODE
BPAT,48.090346,-117.62952666,LOONL_BP_LNODEAKE
BPAT,48.492403,-122.86505766,LOPEZ_BP_LNODE113
BPAT,48.49240299992087,-122.86492184947002,LOPEZ_BP_LNODEAYH
BPAT,48.49231343312881,-122.86505766,LOPEZ_BP_LNODEPEZ
BPAT,48.49240299992087,-122.86519215052999,LOPEZ_BP_LNODESS1
BPAT,48.49249256687113,-122.86505766,LOPEZ_BP_LNODEWIS
PNM,32.35682099998887,-106.78949782062456,LORDBURG_1_GEN1GTGNODE
PNM,32.35682099998887,-106.78960417937557,LORDBURG_1_GEN2GTGNODE
NV,36.23645472452126,-115.24143866,LORENZI_LNODE-1
NV,36.23637413772554,-115.24138031632324,LORENZI_LNODE-2
NV,36.23637413772554,-115.24149568367676,LORENZI_LNODE-3
CA,37.3939352129738,-122.11473566,LOSALTS_6_N004
CA,37.393853893498445,-122.11467590496157,LOSALTS_6_N005
CA,37.393853893498445,-122.11479409503846,LOSALTS_6_N101
CA,32.85981772690813,-116.89926366,LOSCCHS_6_N001
CA,32.85973713653372,-116.89920760858072,LOSCOCHS_6_N001
CA,32.85973713653372,-116.89931839141927,LOSCOCHS_6_N034
CA,37.226423999986494,-121.97722832893687,LOSGATS_6_N002
CA,37.226423999986494,-121.97734167106313,LOSGATS_6_N201
PNM,34.83299,-106.77430766,LOSMORRO_1_FACEBOOK1PVGNODE
PNM,34.830545,-106.77122366,LOSMORRO_1_LOSLUNASPVGNODE
CA,36.293864,-121.2000766,LOSOSTS_6_N001
TEPC,32.11660799998905,-110.75674983404144,LOSREALS_LNODEDIST1
TEPC,32.11660799998905,-110.75685616595855,LOSREALS_LNODEDIST2
PNM,35.077253999987555,-106.86276188301626,LOSTHORZ_1_FACEBOOK2PVGNODE
PNM,35.077253999987555,-106.86287211698375,LOSTHORZ_1_FACEBOOK3PVGNODE
PNM,35.01279,-106.85633666,LOSTHORZ_1_SANTOLINAPVGNODE
CA,32.796957,-116.79225866,LOVELAND_6_N001
NV,40.17494,-118.48116466,LOVELOCK_LNODELN
NWMT,46.3703,-110.70679566,LOWETH_LNODEOAD
CA,40.4327289999849,-123.47220368717633,LOWGAP_7_N001
CA,40.4327289999849,-123.47232231282366,LOWGAP_7_N002
BPAT,46.652,-117.4266,LOW_GRAN_5_G01GNODE
BPAT,46.651762,-117.42014866,LOW_GRAN_5_G02GNODE
BPAT,46.65176199992465,-117.42001652398035,LOW_GRAN_5_G03GNODE
BPAT,46.6516717508066,-117.42014866,LOW_GRAN_5_G04GNODE
BPAT,46.65176199992465,-117.42027947601964,LOW_GRAN_5_G05GNODE
BPAT,46.651852249193276,-117.42014866,LOW_GRAN_5_G06GNODE
BPAT,46.550517089303874,-118.54447744245422,LOW_MON_5_G01GNODE
BPAT,46.55043899992512,-118.54441188509709,LOW_MON_5_G02GNODE
BPAT,46.55036091065873,-118.54447744264287,LOW_MON_5_G03GNODE
BPAT,46.55036091065873,-118.54460855735715,LOW_MON_5_G04GNODE
BPAT,46.55043899992512,-118.54467411490293,LOW_MON_5_G05GNODE
BPAT,46.550517089303874,-118.54460855754577,LOW_MON_5_G06GNODE
NV,39.6680639999855,-120.24293975654949,LOYALTON_GNODEIT
NV,39.6680639999855,-120.24305624345052,LOYALTON_LNODETY
CA,37.360660999986344,-122.0999341723168,LOYOLA_6_N001
CA,37.360660999986344,-122.10004782768324,LOYOLA_6_N004
CA,40.90531287003298,-124.07263517372719,LPFLKBD_6_N001
CA,40.82,-124.18472266,LPSAMOA_7_N002
APS,33.65591787875324,-112.05569202201157,LP_LNODE10A
APS,33.65573812115287,-112.05569202223712,LP_LNODE12A
APS,33.65573812115287,-112.05590797776287,LP_LNODE13A
APS,33.65591787875324,-112.05590797798844,LP_LNODER9A
APS,33.36383999998848,-112.72827632805216,LR_LNODEM11
APS,33.36383999998848,-112.72838367194785,LR_LNODEMR3
CA,38.022339207228725,-122.53797866,LSGLLNS_1_N001
CA,38.0222578963706,-122.53791840805536,LSGLLNS_1_N002
CA,38.0222578963706,-122.53803759194464,LSGLLNS_1_N003
IPCO,42.8415179999349,-114.90347668260169,LSPR_GNODE011
IPCO,42.84142831231726,-114.90359966,LSPR_GNODE012
IPCO,42.8415179999349,-114.90372131739832,LSPR_GNODE013
IPCO,42.84160768768271,-114.90359966,LSPR_GNODE014
CA,37.700982436898656,-121.73360569835381,LSPSTAS_2_N001
CA,37.70080156299109,-121.73360569863273,LSPSTAS_2_N002
CA,37.70080156299109,-121.73383430136737,LSPSTAS_2_N010
CA,37.700982436898656,-121.73383430164618,LSPSTAS_2_N011
BPAT,42.671559999983856,-122.67672907511017,LSTCR_PH_1_G01GNODE
BPAT,42.671559999983856,-122.67685092488982,LSTCR_PH_1_G02GNODE
CA,35.785755,-119.86613866,LSTHLLS_6_N001
PSE,47.226111,-122.14361166,LTA_LNODEXF1
NWMT,46.623745,-108.15499866,LTLWAL_P_LNODEOAD
CA,39.110189,-122.8129866,LUCERNE_1_N001
CA,39.11,-122.8166,LUCERNE_1_N004
AVA,47.4714,-115.785466,LUCKYFRI_1_1LNODE
PSE,47.096944,-122.73888966,LUH_LNODEXF1
CA,36.65,-120.7366,LUIS#3_1_N001
CA,36.72,-120.7566,LUIS#5_1_N001
PNM,35.171641135599224,-106.60192473289774,LUNA_3_LEFGNODE
SRP,33.35479935235367,-111.59733967383549,LUNA_LNODELD1
SRP,33.35473596196978,-111.59741556491717,LUNA_LNODELD2
SRP,33.35472080236499,-111.59752134534028,LUNA_LNODELD3
SRP,33.35475185195012,-111.59762202845688,LUNA_LNODELD4
NWMT,45.2299,-109.35158366,LUTHER_R_LNODEOAD
CA,35.34,-117.1366,LUZ8G_7_B1
CA,35.35,-117.0966,LUZ9G_7_B1
NV,36.231958724008216,-115.12196966,LVCOGEN_GNODE 1
NV,36.23187813798197,-115.12191132019096,LVCOGEN_GNODE 2
NV,36.23187813798197,-115.12202667980917,LVCOGEN_GNODE 3
APS,33.610354,-112.14647866,LV_LNODE10A
APS,33.61035399995317,-112.14637012668278,LV_LNODE12A
APS,33.61026416076516,-112.14637012679526,LV_LNODE14A
APS,33.610200634908956,-112.14644640469312,LV_LNODE18A
APS,33.610185442906086,-112.14655272427687,LV_LNODE20A
APS,33.61021655884672,-112.14665392057385,LV_LNODE21A
APS,33.61028208026194,-112.14672772459697,LV_LNODE22A
APS,33.610366986080614,-112.14676297972268,LV_LNODER9A
NWMT,45.782424,-110.17150966,LWR_DK_C_LNODEOAD
NWMT,46.65,-114.03622366,LWR_WD_C_LNODEOAD
PSE,47.386389,-122.06138966,LWS_LNODEXF1
NWMT,47.07050699998088,-109.42435661132292,LWTWN_BD_LNODEK1L
NWMT,47.07050699998088,-109.42448938867716,LWTWN_BD_LNODEK2L
NWMT,47.058652,-109.41328766,LWTWN_N1_LNODEOAD
APS,35.302875,-111.09490866,LW_LNODEQ1L
APS,34.92397199998755,-110.16634892070807,LX_LNODER3A
APS,34.92397199998755,-110.16645907929191,LX_LNODER5A
BPAT,46.87649499998095,-122.28607988967188,LYNCH_BP_LNODEHOP
BPAT,46.87649499998095,-122.28621211032815,LYNCH_BP_LNODEVLE
NV,36.14074599998724,-115.14910156802429,LYNNWOOD_LNODE-1
NV,36.14074599998724,-115.14921243197574,LYNNWOOD_LNODE-2
PSE,48.94511299997991,-122.44643879931347,LYN_LNODEXF1
PSE,48.94511299997991,-122.44657520068655,LYN_LNODEXF2
AVA,47.7189999999805,-117.40013299933318,LYON_STD_1_1LNODE
AVA,47.7189999999805,-117.40026700066683,LYON_STD_1_2LNODE
CA,37.721862,-121.39085866,LYOTH-SP_6_N001
PSE,47.420833,-122.10416766,LYO_LNODEXF1
IPCO,43.52835415740669,-116.05865766,LYPK_GNODEN31
IPCO,43.52827292127847,-116.05859231110199,LYPK_GNODEN32
IPCO,43.52827292127847,-116.05872168889803,LYPK_GNODEN33
CA,39.684962,-123.47697966,LYTNVLLE_6_N001
APS,34.61768443363389,-112.30670611183255,LY_LNODE10A
APS,34.61750356626761,-112.30670611207202,LY_LNODE14A
APS,34.61750356626761,-112.30692588792797,LY_LNODER2A
APS,34.61768443363389,-112.30692588816744,LY_LNODER6A
BPAT,46.199536,-119.97202766,MABTON_LNODENRE
CA,37.36089599998639,-121.8639551720548,MABURY_1_N001
CA,37.36089599998639,-121.86406882794523,MABURY_6_N001
NV,39.544936,-115.97374866,MACHACEK_LNODE60
BPAT,45.62924,-122.62404166,MACHG_BP_LNODEMAC
TPWR,47.1119,-122.5629466,MADIGAN_BKLNODE
NWMT,45.487869,-111.63374666,MADISON_1_MDSNGNODE
CA,38.67073989103906,-121.96913866,MADISON_1_N002
CA,38.67065905446531,-121.96907822288887,MADISON_1_N201
SRP,33.48991025899839,-111.94989239474351,MADIS_SR_LNODELD1
SRP,33.489846802603005,-111.94996848317318,MADIS_SR_LNODELD3
NV,40.787842,-116.17073166,MAGGIECR_LNODE49
NWMT,46.292239017554195,-108.93187363569113,MAGPIE_7_MPSLGNODE
CA,35.36215899998747,-118.92373215922744,MAGUNDEN_1_N002
NV,36.032425,-114.94126266,MAG_PDS3_LNODE-1
CA,38.385820999985995,-121.77582145519018,MAINE-PR_6_N001
PGE,45.52272871870385,-122.95900766,MAIN_PGE_LNODEBR1
PGE,45.52264814062883,-122.95894059984114,MAIN_PGE_LNODEBR2
PGE,45.52264814062883,-122.95907340015887,MAIN_PGE_LNODEBR3
CA,36.69415479048744,-119.72474601890697,MALAGA_1_N001
CA,36.69397520940774,-119.72474601916853,MALAGA_1_N004
CA,36.69397520940774,-119.72496998083147,MALAGA_1_N005
CA,36.69415479048744,-119.72496998109304,MALAGA_1_N206
CA,41.135,-121.12777866,MALCHA_7_B1
BPAT,42.00672199998421,-121.3173266616812,MALIN_BP_LNODESS1
BPAT,42.00672199998421,-121.31744733831887,MALIN_BP_LNODESS2
NWMT,47.518754,-111.18067666,MALMSTRM_LNODEOAD
NWMT,44.978600232915326,-110.70505947284195,MAMMOTH_LNODEOAD
CA,37.23,-119.3566,MAMOTH1G_7_B1
CA,37.23,-119.3366,MAMOTH2G_7_B1
CA,36.78803392229639,-119.78748866,MANCHSTR_1_N001
CA,36.787953038837564,-119.78742968988868,MANCHSTR_1_N002
CA,36.787953038837564,-119.78754631011132,MANCHSTR_1_N005
CA,34.20752222819712,-119.2489613872941,MANDLY1G_7_B1
CA,34.207443999951565,-119.24890677468957,MANDLY1G_7_N002
CA,34.20736577177866,-119.24896138739548,MANDLY2G_7_B1
CA,34.20736577177866,-119.24907061260454,MANDLY2G_7_N002
CA,34.207443999951565,-119.24912522531045,MANDLY3G_7_B1
CA,34.20752222819712,-119.24907061270592,MANDLY3G_7_N001
NWMT,45.855859,-111.32908966,MANHATTN_LNODEOAD
SRP,33.331415999988515,-111.87579835964317,MANOR_SR_LNODELD2
SRP,33.331415999988515,-111.87590564035683,MANOR_SR_LNODELD3
CA,37.80151542742815,-121.22356755493874,MANTECA_1_N001
CA,37.80133457246114,-121.22356755521896,MANTECA_1_N002
CA,37.80133457246114,-121.22379644478104,MANTECA_1_N012
CA,37.80151542742815,-121.22379644506128,MANTECA_1_N013
CA,34.53,-120.4366,MANVILLE_1_N001
PSE,47.55,-122.56805666,MAN_LNODEXF1
BPAT,44.02250499998278,-123.86312711608042,MAPLT_BP_LNODEBLC
BPAT,44.02250499998278,-123.86325288391957,MAPLT_BP_LNODECLP
PSE,47.488056,-122.13416766,MAP_LNODEXF1
BPAT,44.170207999982715,-122.87763097987767,MARCO_BP_LNODEDR1
BPAT,44.170207999982715,-122.87775702012367,MARCO_BP_LNODEDR2
SRP,33.367813793322476,-111.92818766,MARCO_SR_LNODELD2
SRP,33.36773310332622,-111.92813121846133,MARCO_SR_LNODELD3
SRP,33.36773310332622,-111.9282427815387,MARCO_SR_LNODELD4
AVA,47.0191,-118.192766,MARENGO_1_BIG_BENDLNODE
CA,33.55007578845692,-117.62798626281774,MARGARTA_1_N001
CA,33.54989621144975,-117.62798626304166,MARGARTA_1_N002
CA,33.54989621144975,-117.62820173695833,MARGARTA_1_N008
CA,33.55007578845692,-117.62820173718225,MARGARTA_1_N009
CA,35.107547,-119.39815166,MARICOPA_6_N001
NV,40.751727,-117.14928266,MARIGLD_LNODE20
CA,37.50445799998627,-120.00773602136583,MARIPOS2_6_N001
CA,37.50445799998627,-120.00784997863418,MARIPOS2_6_N003
SRP,33.53035999998831,-112.09494915323219,MARLE_SR_LNODELD2
SRP,33.53035999998831,-112.09505684676783,MARLE_SR_LNODELD3
SRP,33.294083,-112.09987366,MARLY_SR_LNODELD2
PNM,35.25692,-107.25097666,MARQUEZ_1_CIBOLAPVGNODE
TIDC,37.43587720766,-121.13252767458866,MARSHALL_LNODEDR1
TIDC,37.4358760484777,-121.1322004395166,MARSHALL_LNODEDR2
TIDC,37.4358798082574,-121.13268287526365,MARSHALL_LNODEDR3
TIDC,37.4358789493306,-121.13204605933267,MARSHALL_LNODEDR4
TIDC,37.4358787251639,-121.13189554449866,MARSHALL_LNODEDR5
TIDC,37.435876146414,-121.13237430897766,MARSHALL_LNODER8C
CA,38.369191999986,-120.79669245138386,MARTELL_6_N001
CA,38.02,-122.1666,MARTINEZ_1_N001
SRP,33.50991099998833,-112.17705517568734,MARYV_SR_LNODELD3
SRP,33.50991099998833,-112.17716282431267,MARYV_SR_LNODELD4
SCL,47.588708,-122.3359566,MASCH_SC_LNODE344
SCL,47.5887079999222,-122.33581618012026,MASCH_SC_LNODE346
SCL,47.588617745383914,-122.33581618035103,MASCH_SC_LNODE348
SCL,47.58855392585887,-122.33591080518006,MASCH_SC_LNODE349
SCL,47.588538663607196,-122.33604269744549,MASCH_SC_LNODE350
SCL,47.58856992333789,-122.33616823418498,MASCH_SC_LNODE351
SCL,47.58863574759299,-122.33625979020702,MASCH_SC_LNODE352
SCL,47.58872104590385,-122.33630352538476,MASCH_SC_LNODE353
SCL,47.5888111656576,-122.33629621467547,MASCH_SC_LNODE354
SCL,47.588893721692706,-122.33624213412646,MASCH_SC_LNODE355
SCL,47.58895939807318,-122.33615034437727,MASCH_SC_LNODE356
SCL,47.5890021272925,-122.33603247101547,MASCH_SC_LNODE357
SCL,47.58901889800328,-122.33590098090059,MASCH_SC_LNODE358
SCL,47.589009354086976,-122.33576791052529,MASCH_SC_LNODE359
BPAT,47.20992,-123.10021766,MASON_BP_LNODENPD
BPAT,45.193916,-121.03570266,MAUPIN_LNODESSA
IPCO,43.0667,-115.387566,MAWP_GNODEAWP
NV,36.159844531179054,-115.13386110811332,MAYFAIR_LNODE-1
NV,36.159665468718636,-115.1338611083666,MAYFAIR_LNODE-2
NV,36.159665468718636,-115.13408289163341,MAYFAIR_LNODE-3
NV,36.159844531179054,-115.13408289188669,MAYFAIR_LNODE-4
TPWR,46.50492013127107,-122.59179905076823,MAYFIELD_7_G41GNODE
TPWR,46.50473986857953,-122.59179905120244,MAYFIELD_7_G42GNODE
TPWR,46.50473986857953,-122.59206094879758,MAYFIELD_7_G43GNODE
TPWR,46.50492013127107,-122.5920609492318,MAYFIELD_7_G44GNODE
NWMT,45.79301,-112.00137166,MAYFLOWR_LNODEOAD
BPAT,46.550254,-117.66198666,MAYVI_BP_LNODEIEW
APS,32.661026615833734,-114.58017677194844,MA_LNODE10A
APS,32.66094899995533,-114.58012354398934,MA_LNODE12A
APS,32.66087138414339,-114.5801767720409,MA_LNODE14A
APS,32.66087138414339,-114.58028322795917,MA_LNODER2A
APS,32.66094899995533,-114.58033645601067,MA_LNODER4A
APS,32.661026615833734,-114.58028322805157,MA_LNODER6A
IPCO,44.91267499998244,-116.12468856046206,MCAL_LNODE131
IPCO,44.91267499998244,-116.12481543953794,MCAL_LNODE33A
SCL,47.615719,-119.29933966,MCANLSCL_1_GEN160GNODE
TPWR,47.61639,-119.2988166,MCANLTP_7_GENGNODE
CA,41.05270199998445,-121.40878106361407,MCARTHR_6_N001
CA,41.05270199998445,-121.40890093638593,MCARTHR_6_N002
CA,41.0299999999845,-121.42594007894823,MCARTHR_6_N003
PSE,47.026389,-122.72444466,MCA_LNODEXF1
CA,36.61141783540495,-119.63969766,MCCALL_1_N026
CA,36.61133708228342,-119.63963891745578,MCCALL_1_N030
CA,36.61133708228342,-119.63975508254421,MCCALL_1_N093
TPWR,47.14444,-122.4984766,MCCHORD_BKLNODE
BANC,37.62878413398629,-120.93128156256864,MCCLURE_1_MGSUNIT1GNODE
BANC,37.62878413398629,-120.93139574743138,MCCLURE_1_MGSUNIT2GNODE
PGE,44.95609688994023,-123.03136466,MCCL_LNODEBR1
PGE,44.95601605501092,-123.03129804918076,MCCL_LNODEBR2
PGE,44.95601605501092,-123.03142995081924,MCCL_LNODEBR3
SRP,33.393922,-111.63660866,MCCOY_SR_LNODELD2
BANC,38.652701,-121.39314366,MCC_GNODEPKR
CA,37.93693288402067,-121.52832945017715,MCDISLE_6_N001
NV,36.090873999987274,-115.2126766025196,MCDONLD_LNODE-3
NV,36.090873999987274,-115.21278739748041,MCDONLD_LNODE-4
CA,35.688444,-119.27683566,MCFRLND_6_N001
NV,39.591332,-116.91282466,MCG HILL_GNODE 1
CA,35.765833,-117.38138966,MCGEN_7_B1
SRP,33.354817233638286,-111.59769545820758,MCGIN_SR_LNODELD2
SRP,33.35490195839084,-111.59773053454623,MCGIN_SR_LNODELD3
SRP,33.35499147210398,-111.5977246710162,MCGIN_SR_LNODELD4
SRP,33.3550734729113,-111.59768129719767,MCGIN_SR_LNODELD5
SRP,33.35513870755678,-111.59760767996914,MCGIN_SR_LNODELD6
SRP,33.35518114937532,-111.59751314328817,MCGIN_SR_LNODELD7
PGE,45.519139999982244,-122.42311611025427,MCGL_LNODEWR1
PGE,45.519139999982244,-122.42324388974573,MCGL_LNODEWR2
BANC,37.736285251,-120.99463714966,MCHENRY_6_SOLARGNODE
NV,36.185088719946734,-115.21560966,MCHLWAY_LNODE-1
NV,36.18500814001281,-115.21555135908287,MCHLWAY_LNODE-2
NV,36.18500814001281,-115.21566664091722,MCHLWAY_LNODE-3
NWMT,45.291298,-109.59811166,MCKAY_LNODEOAD
CA,37.366407204044364,-121.84378966,MCKEE_1_N001
CA,37.36632589796316,-121.8437299363796,MCKEE_1_N005
CA,37.36632589796316,-121.84384806362041,MCKEE_1_N101
NWMT,46.106416,-112.87697766,MCK_GEN_7_DGGS1GNODE
NWMT,46.106416,-112.87638466,MCK_GEN_7_DGGS2GNODE
NWMT,46.106416,-112.87582766,MCK_GEN_7_DGGS3GNODE
PSE,48.719722,-122.50138966,MCK_LNODEXF1
BPAT,45.21226399998231,-123.18055738485658,MCMIN_BP_LNODEDR2
BPAT,45.21226399998231,-123.18068461514342,MCMIN_BP_LNODEDR3
CA,36.592775,-119.98906566,MCMULLN1_2_N001
APS,33.694078,-112.42415966,MCM_LNODE10A
APS,33.69407799995301,-112.42405093321238,MCM_LNODE12A
APS,33.69400013321386,-112.42410496665515,MCM_LNODE13A
APS,33.69400013321386,-112.42421303334484,MCM_LNODER1A
APS,33.69407799995301,-112.42426706678762,MCM_LNODER2A
APS,33.69415586676269,-112.42421303344278,MCM_LNODER4A
APS,33.69415586676269,-112.42410496655722,MCM_LNODER9A
BPAT,45.92419,-119.31361366,MCNARYPH_1_G13GNODE
BPAT,45.92418999992753,-119.31348412110722,MCNARYPH_1_G14GNODE
BPAT,45.92410035053958,-119.31348412131557,MCNARYPH_2_G01GNODE
BPAT,45.92403695891564,-119.31357525235039,MCNARYPH_2_G02GNODE
BPAT,45.92402179899818,-119.31370227482668,MCNARYPH_2_G03GNODE
BPAT,45.924052849145156,-119.31382317643154,MCNARYPH_2_G04GNODE
BPAT,45.92411823206627,-119.31391135195203,MCNARYPH_2_G05GNODE
BPAT,45.92420295846585,-119.31395347227908,MCNARYPH_2_G06GNODE
BPAT,45.924292473971605,-119.3139464314647,MCNARYPH_2_G07GNODE
BPAT,45.92437447646479,-119.31389434769238,MCNARYPH_2_G08GNODE
BPAT,45.924439712477465,-119.31380594707012,MCNARYPH_2_G09GNODE
BPAT,45.92448215519136,-119.3136924259375,MCNARYPH_2_G10GNODE
BPAT,45.92449881345448,-119.31356579083416,MCNARYPH_2_G11GNODE
BPAT,45.92448933353779,-119.31343763381798,MCNARYPH_2_G12GNODE
BPAT,45.924455500538414,-119.31331828446926,MCNARYPH_LNODEAY2
BPAT,45.92440071008464,-119.31321627584613,MCNARYPH_LNODESS
BPAT,45.9243294561734,-119.31313806376603,MCNARY_1_G01FGNODE
BPAT,45.92424686361802,-119.31308794393456,MCNAR_BP_LNODEERV
BPAT,45.924158281357215,-119.31306811793625,MCNAR_BP_LNODEESS
BPAT,45.92406894426868,-119.31307886598417,MCNAR_BP_LNODETTE
TPWR,47.179990434033655,-122.57512694947391,MCNEIL_FDR1LNODE
TPWR,47.17980956581235,-122.57512694992715,MCNEIL_FDR2LNODE
TPWR,47.17980956581235,-122.57539305007283,MCNEIL_FDR3LNODE
TPWR,47.179990434033655,-122.5753930505261,MCNEIL_FDR4LNODE
SRP,33.320298,-111.59282366,MCPHERSN_LNODELD3
SRP,33.39278,-112.12440766,MCREY_SR_LNODELD2
PGE,44.882736,-122.97995866,MCRK_LNODEWR1
IPCO,43.52762426172858,-116.14450950825278,MCRN_LNODE131
IPCO,43.527443738136405,-116.14450950862536,MCRN_LNODE132
IPCO,43.527443738136405,-116.14475849137466,MCRN_LNODE133
IPCO,43.52762426172858,-116.14475849174724,MCRN_LNODE134
APS,33.631014,-112.13426866,MCR_LNODE14A
APS,33.63101399995311,-112.13416007935606,MCR_LNODER1A
APS,33.63092414294405,-112.13426866,MCR_LNODER5A
APS,33.63101399995311,-112.13437592064393,MCR_LNODER6A
APS,33.631103857055955,-112.13426866,MCR_LNODER9A
CA,37.53549999998638,-121.85614999142507,MCSNCK1_7_B1
CA,37.53549999998638,-121.85626400857495,MCSNCK2_7_B1
BPAT,47.116474,-122.43146566,MCULG_BP_LNODELGH
PSE,47.621667,-122.62944466,MCW_LNODEXF1
APS,33.552474,-111.92318366,MC_LNODE10A
APS,33.55247399995336,-111.92307525738208,MC_LNODE13A
APS,33.552384209412104,-111.92307525749406,MC_LNODE14A
APS,33.55232071795422,-111.92315144297383,MC_LNODER1A
APS,33.55230553417759,-111.92325763374134,MC_LNODER2A
APS,33.55233663326966,-111.92335870742927,MC_LNODER5A
APS,33.55240211920624,-111.92343242203118,MC_LNODER6A
APS,33.55248697904975,-111.92346763444115,MC_LNODER9A
PNM,32.77,-108.1566,MD1_LNODEMINE
PGE,44.97006199998244,-122.97294353155547,MDGR_LNODEWR1
PGE,44.97006199998244,-122.97307046844466,MDGR_LNODEWR2
NWMT,44.97867799992968,-110.70512294585606,MDISN_JT_LNODEOAD
NWMT,45.040856,-111.63806166,MDISN_VA_LNODEOAD
CA,37.93693288402067,-121.52844854982285,MDLRIVR_6_N001
NWMT,45.270492,-111.27811966,MDOW_VLG_LNODEK1L
IPCO,42.67038299998386,-113.48171707662327,MDPO_GNODE007
IPCO,42.67038299998386,-113.48183892337674,MDPO_GNODE009
IPCO,43.568242,-116.61165566,MDWP_GNODEDWP
CA,35.4028789574524,-119.45502766,MDWYPS_6_N001
PGE,45.50411599998217,-122.52064212650336,MDWY_LNODEWR1
PGE,45.50411599998217,-122.52076987349663,MDWY_LNODEWR2
APS,33.464887701511664,-112.11608722427499,MD_LNODE13A
APS,33.464809999953545,-112.11603344864636,MD_LNODE14A
APS,33.46473229846505,-112.11608722437138,MD_LNODE17A
APS,33.46473229846505,-112.11619477562861,MD_LNODE18A
APS,33.464809999953545,-112.11624855135365,MD_LNODE20A
APS,33.464887701511664,-112.11619477572502,MD_LNODER9A
AVA,47.7756,-117.366266,MEAD_1_BPAT_MEADLNODE
CA,37.2400902586168,-121.77988662490466,MECCTG1_7_B1
CA,37.239909741275135,-121.77988662517619,MECCTG1_7_N100
CA,37.239909741275135,-121.78011337482384,MECCTG2_7_B2
CA,37.2400902586168,-121.78011337509535,MECCTG2_7_N100
CA,37.24,-121.7766,MECSTG3_7_B1
CA,37.963141225082815,-122.05236166,MEDWLNE_1_N001
CA,37.963059887443606,-122.05230143651556,MEDWLNE_1_N002
CA,37.963059887443606,-122.05242056348443,MEDWLNE_1_N006
PSE,47.633333,-122.22888966,MED_LNODEXF3
BPAT,46.0184,-122.848166,MEEKE_BP_LNODEFMR
SRP,33.345360785101235,-112.86257166,MEE_UCT1GNODE
SRP,33.34528010743693,-112.86251524137239,MEE_UCT2GNODE
SRP,33.34528010743693,-112.86262675862761,MEE_UST3GNODE
BANC,37.946419999986084,-120.5301826932981,MELONP_7_UNIT1GNODE
BANC,37.946419999986084,-120.53029730670191,MELONP_7_UNIT2GNODE
CA,33.206560573300976,-117.25285494469412,MELROSE_6_N001
CA,33.20638142660739,-117.25285494491321,MELROSE_6_N004
CA,33.20638142660739,-117.25306905508678,MELROSE_6_N005
CA,33.206560573300976,-117.2530690553059,MELROSE_6_N009
NWMT,46.596341,-107.87008366,MELSTONE_LNODEOAD
NWMT,45.84453099998197,-109.94183968469784,MELVILLE_LNODENWE
NWMT,45.84453099998197,-109.94196831530216,MELVILLE_LNODEREA
SRP,33.358,-111.8366,MEMOR_SR_LNODELD1
CA,37.4330313740754,-122.20260718789906,MENLO_6_N001
CA,37.43285062581547,-122.20260718817397,MENLO_6_N002
CA,37.43285062581547,-122.2028348118261,MENLO_6_N003
CA,37.4330313740754,-122.20283481210093,MENLO_6_N004
TPWR,47.228210427049376,-122.5388268387643,MENLO_TP_FDR1LNODE
TPWR,47.22802957279638,-122.53882683921864,MENLO_TP_FDR2LNODE
TPWR,47.22802957279638,-122.53909316078136,MENLO_TP_FDR3LNODE
TPWR,47.228210427049376,-122.53909316123571,MENLO_TP_FDR4LNODE
CA,37.27292328168154,-120.48675154649396,MERCEDFL_7_N001
CA,37.27274271821013,-120.48675154676607,MERCEDFL_7_N002
CA,37.27274271821013,-120.48697845323396,MERCED_1_N001
CA,37.27292328168154,-120.48697845350604,MERCED_1_N002
CA,37.225299,-121.74418266,MERIDIAN_6_N101
NWMT,45.786086999982,-108.62332677114571,MERIDIA_LNODEK1H
NWMT,45.786086999982,-108.62345522885437,MERIDIA_LNODEK2L
NWMT,47.246645,-110.36200166,MERINO_LNODEOAD
PSE,47.582222,-122.23305666,MER_LNODEXF1
CA,35.008543,-120.45314266,MESA-PGE_1_N036
CA,34.037454,-118.10926566,MESACAL_6_N001
CA,34.035509,-118.11118566,MESACAL_6_N004
CA,32.829628731503114,-117.15726366,MESAHGTS_6_N001
CA,32.82954813423625,-117.15720762268286,MESAHGTS_6_N007
CA,32.82954813423625,-117.15731837731715,MESAHGTS_6_N011
CA,32.90498753633711,-117.17294735480385,MESARIM_6_N001
CA,32.90480846357245,-117.17294735501956,MESARIM_6_N007
CA,32.90480846357245,-117.17316064498057,MESARIM_6_N008
CA,32.90498753633711,-117.17316064519616,MESARIM_6_N012
BPAT,46.586356,-119.06773666,MESA_BP_LNODEBEC
AVA,48.86724983382372,-117.38292712758427,METALINE_1_1LNODE
CA,37.22435199998651,-121.74197733145253,METCALF_1_N018
CA,37.22435199998651,-121.74209066854746,METCALF_1_N044
PSE,47.46722199998057,-122.23937718603557,METPSE_LNODEXF1
PSE,47.46722199998057,-122.23951081396457,METPSE_LNODEXF2
AVA,47.65519999998047,-117.42373304247006,METRO_1_1LNODE
AVA,47.65519999998047,-117.42386695752995,METRO_1_2LNODE
CA,38.078067,-121.286766,METTLER_6_N001
APS,33.485018,-112.0676566,MET_LNODE10A
APS,33.48501799995355,-112.06754240537938,MET_LNODE13A
APS,33.48492826279953,-112.06754240549085,MET_LNODE14A
APS,33.48486480909188,-112.06761848632098,MET_LNODE15A
APS,33.4848496343433,-112.06772453122346,MET_LNODE19A
APS,33.48488071494487,-112.06782546607509,MET_LNODE20A
APS,33.48494616194559,-112.06789907942166,MET_LNODE24A
APS,33.48503097133374,-112.06793424346175,MET_LNODE25A
APS,33.485120574466976,-112.06792836527296,MET_LNODE30A
APS,33.485202657189845,-112.06788488300874,MET_LNODE31A
APS,33.48526795700234,-112.06781108171654,MET_LNODE32A
APS,33.485310441218836,-112.06771630866605,MET_LNODER3A
APS,33.48532711578386,-112.06761058747844,MET_LNODER4A
APS,33.48531762663121,-112.06750359572166,MET_LNODER5A
APS,33.48528376059743,-112.06740395698564,MET_LNODER8A
APS,33.48522891661473,-112.0673187950546,MET_LNODER9A
NV,38.877195,-119.98612566,MEYERS_LNODE31
NV,38.87719499994345,-119.98600982501118,MEYERS_LNODE32
NV,38.87710533707398,-119.98612566,MEYERS_LNODE33
NV,38.87719499994345,-119.98624017498885,MEYERS_LNODE34
NV,38.87728466292607,-119.98612566,MEYERS_LNODE35
APS,33.501363,-112.05814166,ME_LNODE10A
APS,33.501362999953464,-112.05803337000421,ME_LNODE13A
APS,33.50127325023912,-112.0580333701158,ME_LNODE14A
APS,33.50120978765011,-112.05810947595988,ME_LNODE18A
APS,33.50119461077746,-112.05821555572788,ME_LNODE21A
APS,33.501225695729275,-112.05831652376497,ME_LNODE22A
APS,33.50129115189032,-112.05839016131368,ME_LNODER1A
APS,33.501375973149024,-112.05842533691593,ME_LNODER2A
APS,33.50146558882384,-112.05841945679477,ME_LNODER5A
APS,33.50154768303565,-112.05837596023444,ME_LNODER6A
APS,33.50161299198815,-112.05830213467766,ME_LNODER9A
SRP,33.55349099998832,-111.44466612755636,MF_1_HYDRO1GNODE
SRP,33.55349099998832,-111.44477387244369,MF_1_PSH2GNODE
NV,36.10478453078973,-115.1702971863685,MGM_LNODE-1
NV,36.10460546910819,-115.17029718662107,MGM_LNODE-2
NV,36.10460546910819,-115.17051881337893,MGM_LNODE-3
NV,36.10478453078973,-115.17051881363156,MGM_LNODE-4
APS,32.733803999988766,-111.56612574995374,MGT_LNODER2A
APS,32.733803999988766,-111.56623225004628,MGT_LNODER4A
APS,34.64627199998768,-111.82460003932533,MG_LNODE10A
APS,34.64627199998768,-111.82470996067468,MG_LNODE14A
NWMT,45.930545,-112.51895866,MHD_7_BSN1GNODE
NWMT,45.93054499992757,-112.51882910071059,MHD_7_BSN2GNODE
NWMT,45.93045534662329,-112.51882910091895,MHD_7_BSN3GNODE
NWMT,45.93039195223007,-112.51892024637647,MHD_7_BSN4GNODE
NWMT,45.930376791650325,-112.51904728895542,MHD_7_BSN5GNODE
NWMT,45.93040784315378,-112.51916820969437,MHD_7_BSN6GNODE
NWMT,45.93047322893109,-112.51925639916973,MHD_7_BSN7GNODE
NWMT,45.93055795903186,-112.51929852616298,MHD_7_BSN8GNODE
NWMT,45.93064747844805,-112.51929148423444,MHD_7_BSN9GNODE
NWMT,45.9307294845236,-112.51923939221933,MHD_LNODEOAD
IPCO,43.052516,-115.86704466,MHSR_GNODEHSR
PSE,47.431667,-122.32805666,MHT_LNODEXF1
CA,34.307807,-117.32308966,MHVSPHN_1_N101
CA,38.052745,-120.21726866,MI-WUK_1_N001
SRP,33.399629,-110.86772366,MIAMI_SR_LNODE121
AVA,47.5429825051876,-117.21652393903257,MICA_1_MICALNODE
SRP,33.376759661113525,-112.08427263050555,MICCH_SR_LNODELD1
SRP,33.37658033879401,-112.08427263072691,MICCH_SR_LNODELD2
SRP,33.28425199998849,-111.58422640394114,MICRM_SR_LNODELD2
SRP,33.28425199998849,-111.58433359605885,MICRM_SR_LNODELD3
SRP,33.42342381535539,-111.91098866,MICRO_SR_LNODELD1
AVA,46.87499999998102,-119.97093389198642,MIDCCHPD_2_AVAGNODE
AVA,47.94799999998044,-119.86593285490973,MIDCDOPD_2_AVAGNODE
AVA,46.64499999998114,-119.90793427384581,MIDCGCPD_2_AVAGNODE
CA,38.7527889999859,-122.60852945612646,MIDDLTWN_6_N002
CA,38.7527889999859,-122.60864454387355,MIDDLTWN_6_N101
CA,39.02999999998579,-120.60994234065528,MIDLFORK_7_B1
CA,39.02999999998579,-120.61005765934473,MIDLFORK_7_B3
BPAT,45.459903722909445,-121.6578666,MIDLFRK_2_G01GNODE
BPAT,45.45982313852605,-121.65779366867457,MIDLFRK_2_G02GNODE
BPAT,45.45982313852605,-121.65792633132557,MIDLFRK_2_G03GNODE
TEPC,32.14906099998906,-111.01069983233738,MIDVALE_TEP_LNODEDIST1
TEPC,32.14906099998906,-111.01080616766265,MIDVALE_TEP_LNODEDIST2
CA,35.402798021260196,-119.4549696713865,MIDWAY_1_N002
CA,35.402798021260196,-119.45508432861352,MIDWAY_1_N047
BPAT,46.62053399998119,-119.78248031699394,MIDWA_BP_LNODEERG
BPAT,46.62053399998119,-119.78261168300608,MIDWA_BP_LNODESS
AVA,47.95899999998042,-117.35783284803055,MILAN_1_2LNODE
AVA,47.95899999998042,-117.35796715196946,MILAN_1_BPAT_MILANLNODE
CA,37.605189,-122.39104566,MILLBRAE_1_N001
CA,37.60518899994505,-122.39093085578821,MILLBRAE_1_N004
CA,37.605098571030894,-122.39104566,MILLBRAE_1_N007
CA,37.60518899994505,-122.39115914421187,MILLBRAE_1_N201
CA,37.6052794289691,-122.39104566,MILLBRAE_6_N001
NV,38.13126116664445,-117.45926566,MILLERN_LNODE-3
NV,38.13117991666274,-117.45920536391732,MILLERN_LNODE-4
NV,38.13117991666274,-117.45932463608268,MILLERS_LNODE05
CA,37.81,-121.166,MILLER_1_N001
SRP,33.30381899998845,-111.87561538580823,MILLE_SR_LNODELD1
SRP,33.30381899998845,-111.87572261419177,MILLE_SR_LNODELD2
AVA,47.685490179525154,-117.27636604333027,MILLWOOD_1_1LNODE
AVA,47.685309820318864,-117.27636604379344,MILLWOOD_1_2LNODE
AVA,47.685309820318864,-117.27663395620655,MILLWOOD_1_3LNODE
AVA,47.685490179525154,-117.27663395666974,MILLWOOD_1_I_E_PAPERLNODE
CA,37.415395,-121.88856466,MILPITAS_1_N001
CA,37.41539499994551,-121.88845022518517,MILPITAS_1_N003
CA,37.41530463419468,-121.88856466,MILPITAS_1_N005
CA,37.41539499994551,-121.88867777481492,MILPITAS_1_N006
CA,37.41548536580532,-121.88856466,MILPITAS_1_N008
BPAT,45.921543,-118.38245266,MILTN_BP_LNODETON
TPWR,47.24030042464753,-122.42476681191853,MILWAUKE_FDR1LNODE
TPWR,47.240119575198094,-122.42476681237316,MILWAUKE_FDR2LNODE
TPWR,47.240119575198094,-122.42503318762685,MILWAUKE_FDR3LNODE
TPWR,47.24030042464753,-122.42503318808147,MILWAUKE_FDR4LNODE
PSE,47.771528000000004,-122.56037766,MIL_LNODEXF2
LADWP,38.5357,-112.93566,MIL_PP_GNODE1
LADWP,38.535699999943795,-112.9348850234894,MIL_PP_GNODE2
LADWP,38.535610063003055,-112.93488502363314,MIL_PP_GNODE3
LADWP,38.53554646803376,-112.93496632423167,MIL_PP_GNODE4
LADWP,38.53553125949699,-112.93507964465617,MIL_PP_GNODE5
LADWP,38.53556240927405,-112.93518750445254,MIL_PP_GNODE6
LADWP,38.53562800195696,-112.93526616830486,MIL_PP_GNODE7
LADWP,38.535713000145314,-112.93530374494766,MIL_PP_LNODESS1
NV,38.955108,-119.76342266,MINDEN_LNODE35
BPAT,46.137971,-122.98541266,MINTF_BP_LNODEFMR
CA,38.489406,-122.89426166,MIRABEL_6_N001
NV,39.45546173667598,-119.71773366,MIRALMA_LNODE90
NV,39.455381131646504,-119.71767272783373,MIRALMA_LNODE91
NV,39.455381131646504,-119.71779327216629,MIRALMA_LNODE92
CA,34.004371186293284,-117.565067210018,MIRALOMA_6_N001
CA,34.00419081361097,-117.56506721024904,MIRALOMA_6_N002
CA,34.00419081361097,-117.56528478975099,MIRALOMA_6_N007
CA,32.89408253805123,-117.13552936589245,MIRAMAR_6_N001
CA,32.89390346185827,-117.13552936610866,MIRAMAR_6_N004
CA,32.89390346185827,-117.13574263389266,MIRAMAR_6_N017
CA,32.89408253805123,-117.13574263410757,MIRAMREF_7_B1
PSE,47.476389,-122.02638966,MIR_LNODEXF1
AVA,47.5713,-116.405566,MISSION_1_XFMRLNODE
CA,32.78426956725102,-117.13747273169393,MISSION_2_N035
CA,32.784191999954906,-117.13741946348074,MISSION_6_N001
CA,32.78411443272647,-117.13747273178681,MISSION_6_N031
CA,32.78411443272647,-117.1375792682132,MISSION_6_N040
CA,32.784191999954906,-117.13763253651926,MISSION_6_N049
NV,35.997457545716884,-114.94622231891219,MISSION_LNODE-1
NV,35.99727845418138,-114.94622231916351,MISSION_LNODE-2
NV,35.99727845418138,-114.94644368083648,MISSION_LNODE-3
NV,35.997457545716884,-114.94644368108781,MISSION_LNODE-4
NWMT,47.318311,-111.72989866,MISSION__LNODEOAD
CA,32.78426956725102,-117.13757926830608,MISSON_1_N015
BPAT,45.996261,-123.25651266,MIST_LNODEWOE
PSE,47.034237,-122.86730466,MKI_LNODEXF1
LADWP,34.0434902173762,-118.24599112234871,MKT_SUB_LNODEONA
LADWP,34.04330978252786,-118.24599112258036,MKT_SUB_LNODEONB
LADWP,34.04330978252786,-118.24620887741963,MKT_SUB_LNODEONC
LADWP,34.0434902173762,-118.24620887765128,MKT_SUB_LNODEOND
PSE,47.616667,-122.15305666,MLK_LNODEXF1
PGE,45.223064,-122.57045766,MLNO_LNODEBR1
IPCO,42.527030542280244,-114.03702249744498,MLPR_GNODE011
IPCO,42.52685145759147,-114.0370224977933,MLPR_GNODE012
APS,33.612242804355624,-112.06352406122484,ML_LNODE10A
APS,33.612164999953244,-112.06347012254706,ML_LNODE14A
APS,33.61208719562106,-112.06352406132221,ML_LNODER1A
APS,33.61208719562106,-112.0636319386778,ML_LNODER5A
APS,33.612164999953244,-112.06368587745295,ML_LNODER6A
APS,33.612242804355624,-112.06363193877516,ML_LNODER9A
APS,33.53175474625909,-111.94578115172952,MM_LNODE11A
APS,33.531676999953376,-111.94572730355588,MM_LNODE12A
APS,33.53159925371756,-111.94578115182638,MM_LNODE24A
APS,33.53159925371756,-111.94588884817365,MM_LNODE25A
APS,33.531676999953376,-111.94594269644412,MM_LNODE26A
APS,33.53175474625909,-111.9458888482705,MM_LNODER9A
IPCO,42.604494,-113.75165966,MNCO_LNODEFMR
CA,39.251247,-123.19658266,MNDCTP_6_N001
AVA,47.729543309079,-117.07261915519652,MOAB_1_XFMRLNODE
LADWP,36.52986033125865,-114.77019640887097,MOA_PP_GNODE2
LADWP,36.52979692596782,-114.77027531574181,MOA_PP_GNODE3
LADWP,36.52978176279448,-114.77038529969256,MOA_PP_GNODE4
LADWP,36.5298128196713,-114.77048998378622,MOA_PP_GNODE5
LADWP,36.52987821672448,-114.77056633153303,MOA_PP_GNODE6
LADWP,36.52996296139872,-114.77060280178446,MOA_PP_GNODE7
LADWP,36.53005249617121,-114.77059670528382,MOA_PP_GNODE8
LADWP,36.530134516279986,-114.77055160787765,MOA_PP_GNODE9
CA,38.76,-121.7666,MOBILCHE_1_N001
NWMT,47.051919,-109.90340866,MOCCASIN_LNODEOAD
CA,37.41,-122.0466,MOFTFLD_1_N002
PGE,45.146922999982344,-122.60978442933997,MOLA_LNODEBR1
PGE,45.146922999982344,-122.60991157066016,MOLA_LNODEBR2
CA,38.42527299998595,-122.83215753598293,MOLINO_6_N002
CA,38.42527299998595,-122.83227246401708,MOLINO_6_N101
NWMT,47.083627,-110.82700566,MONARCH_LNODEOAD
BPAT,44.864367896189066,-123.20758116737683,MONMO_BP_LNODE1E1
BPAT,44.86418810367047,-123.20758116777294,MONMO_BP_LNODE1E2
BPAT,44.86418810367047,-123.20783483222706,MONMO_BP_LNODECPI
BPAT,44.864367896189066,-123.20783483262319,MONMO_BP_LNODETY2
CA,34.92999999998754,-118.41994491890897,MONOLITH_6_N029
CA,34.92999999998754,-118.42005508109112,MONOLITH_6_N101
AVA,47.6605,-117.42666,MONROEST_1_1GNODE
CA,38.45321800700051,-122.74366866,MONROE_1_N001
CA,38.45313699648462,-122.74360827529611,MONROE_1_N002
CA,38.45313699648462,-122.7437277247039,MONROE_1_N101
BPAT,44.027496879982756,-123.10445691105373,MONRW_BP_LNODEXF1
BPAT,44.027496879982756,-123.10458268894628,MONRW_BP_LNODEXF2
CA,33.32908099998846,-117.23541536188321,MONSRATE_6_N001
CA,33.32908099998846,-117.23552263811679,MONSRATE_6_N007
CA,37.40375521599691,-121.90567566,MONTAGUE_1_N001
CA,37.403673891986756,-121.90561589392183,MONTAGUE_1_N006
CA,37.403673891986756,-121.9057341060782,MONTAGUE_1_N007
CA,38.48,-122.3266,MONTCLLO_1_N008
CA,36.599917,-121.89034166,MONTEREY_6_N001
CA,38.47145299998595,-123.01207452586034,MONTERO_6_N001
CA,38.47145299998595,-123.01218947413966,MONTERO_6_N004
CA,32.631633999988686,-117.09951777952129,MONTGMRY_6_N001
CA,32.631633999988686,-117.09962422047876,MONTGMRY_6_N002
TIDC,37.5513950204046,-120.77121094236865,MONTPELR_LNODEDR3
TIDC,37.5513208784333,-120.7713255415466,MONTPELR_LNODEDR4
TIDC,37.5513203022304,-120.77121722424965,MONTPELR_LNODEDR5
TIDC,37.551320342333,-120.77155769681465,MONTPELR_LNODEDR7
TIDC,37.5513195014288,-120.77144558117966,MONTPELR_LNODEDR8
NWMT,45.974978,-106.65643866,MONT_1_7_MON1GNODE
NWMT,45.99366499998184,-112.53818044688448,MONT_ST_LNODEK1L
NWMT,45.99366499998184,-112.53830955311552,MONT_ST_LNODEK3H
SRP,33.392547,-112.25379266,MONUM_SR_LNODELD1
SRP,33.29062399998849,-111.70296739807503,MOODY_SR_LNODELD1
SRP,33.29062399998849,-111.70307460192498,MOODY_SR_LNODELD2
SRP,33.41952381373649,-110.87366,MOONS_SR_LNODEDTN
SRP,33.41944309311925,-110.87294416408315,MOONS_SR_LNODELD1
SRP,33.41944309311925,-110.87305583591687,MOONS_SR_LNODELD2
IPCO,43.339338,-114.44048266,MOON_LNODE132
NWMT,46.978756,-109.69710666,MOORE_NW_LNODEOAD
SRP,33.559518999988306,-112.25445712081982,MOORE_SR_LNODELD2
SRP,33.559518999988306,-112.25456487918018,MOORE_SR_LNODELD3
CA,34.148414,-118.71180966,MOORPARK_6_GN010
CA,34.28245799998789,-118.900732314555,MOORPARK_6_N001
CA,34.28245799998789,-118.90084168544503,MOORPARK_6_N005
CA,37.848008,-122.16073266,MORAGA_1_N001
IPCO,43.50682899998314,-116.33346678595947,MORA_IP_LNODE131
IPCO,43.50682899998314,-116.33359121404052,MORA_IP_LNODE132
SRP,33.216345,-111.63515466,MORCOM_LNODELD2
CA,37.12745917114046,-121.65871690356438,MORGAN_1_N001
CA,37.968746,-121.18589866,MORMON_6_N001
CA,33.252187,-117.30030566,MOROHILL_6_N001
NWMT,47.58162999998059,-111.06078309531135,MORONY_1_MRY1GNODE
NWMT,47.58162999998059,-111.06091690468868,MORONY_1_MRY2GNODE
SRP,33.1468,-110.9756166,MORRI_SR_LNODELD1
SRP,33.146628,-110.97589266,MORRI_SR_LNODELD2
CA,35.37305797360381,-120.85518766,MORROBAY_2_N001
CA,35.372977013184595,-120.85512967542381,MORROBAY_2_N015
CA,35.372977013184595,-120.85524432457619,MORROBY_1_N001
BPAT,46.555,-122.28466,MORTON_LNODETON
CA,34.87,-118.2466,MORWIND_6_N001
AVA,46.7221,-116.93966,MOSCOW23_1_24_1LNODE
AVA,46.723899999981164,-116.99633413760526,MOSCOW_1_1LNODE
AVA,46.723899999981164,-116.99646586239477,MOSCOW_1_2LNODE
BPAT,46.532328,-122.50705666,MOSRK_BP_LNODEFMR
CA,36.804150842399494,-121.78373687034717,MOSSLD_1_N001
CA,36.80407299994722,-121.78368074080845,MOSSLD_1_N055
CA,36.80399515757413,-121.78373687046128,MOSSLND6_7_B2
CA,36.80399515757413,-121.78384912953872,MOSSLND6_7_ND001
CA,36.80407299994722,-121.78390525919157,MOSSLND7_7_B2
CA,36.804150842399494,-121.78384912965285,MOSSLND7_7_ND001
NWMT,45.696882,-108.68315166,MOSSMN_R_LNODEOAD
TPWR,46.53320999998122,-122.43133447378267,MOSSYRK_7_G51GNODE
TPWR,46.53320999998122,-122.4314655262174,MOSSYRK_7_G52GNODE
PSE,47.025,-122.95566,MOT_LNODEXF1
TPWR,47.01925042695577,-122.36783736092751,MOUNTAIN_FDR1LNODE
TPWR,47.01906957289099,-122.3678373613768,MOUNTAIN_FDR2LNODE
TPWR,47.01906957289099,-122.36810263862321,MOUNTAIN_FDR3LNODE
TPWR,47.01925042695577,-122.36810263907249,MOUNTAIN_FDR4LNODE
BPAT,46.59247111874773,-120.38807636698493,MOXEE_LNODEERV
BPAT,46.59239299992491,-120.38801073415905,MOXEE_LNODELD1
BPAT,46.59231488121473,-120.38807636717412,MOXEE_LNODELD2
BPAT,46.59231488121473,-120.38820763282588,MOXEE_LNODELD3
BPAT,46.59239299992491,-120.38827326584095,MOXEE_LNODELD4
BPAT,46.59247111874773,-120.38820763301507,MOXEE_LNODELD5
BPAT,48.721803,-116.19917266,MOYIE_BP_G01GNODE
CA,40.767881,-123.8736566,MPLECRK_6_N001
APS,33.834460999988124,-112.60428980167757,MQ_LNODER2A
APS,33.834460999988124,-112.60439819832257,MQ_LNODER6A
IPCO,43.60496899998313,-116.39045863830654,MRDN_IP_LNODE131
IPCO,43.60496899998313,-116.39058336169347,MRDN_IP_LNODE132
PGE,45.3766177349505,-122.74399666,MRDN_LNODEWR1
PGE,45.37653713250563,-122.74392975159543,MRDN_LNODEWR2
PGE,45.37653713250563,-122.74406224840457,MRDN_LNODEWR3
CA,38.12,-122.3366,MREIS-Q_1_N001
CA,37.12727882875214,-121.65871690383386,MRGNHIL_1_N001
CA,37.12727882875214,-121.65894309616614,MRGNHIL_1_N004
CA,37.12745917114046,-121.65894309643562,MRGNHIL_1_N007
CA,32.877637,-117.16789166,MRGT_6_NODE1
PGE,45.4381679999823,-122.82802319426254,MRHL_LNODEWR1
PGE,45.4381679999823,-122.8281508057375,MRHL_LNODEWR2
NV,39.303129718798665,-119.5462666,MRKTWAIN_LNODE18
NV,39.303049140585166,-119.54619987922787,MRKTWAIN_LNODE20
NV,39.303049140585166,-119.54632012077215,MRKTWAIN_LNODECK
PGE,44.94989,-123.00167866,MRKT_LNODEWR1
CA,34.004371186293284,-117.56528478998203,MRLPKGEN_7_B1
SRP,33.55379199998835,-111.44630912722036,MRMNF_SR_LNODEDMS
SRP,33.55379199998835,-111.44641687277965,MRMNF_SR_LNODEDU2
BPAT,43.741862,-123.11361766,MRTIN_BP_LNODEERV
NWMT,46.502043,-110.27287166,MRTNDALE_LNODEOAD
NV,39.329538,-120.17003166,MRTSVAL_LNODE32
CA,39.13944599998575,-121.58327227419691,MRYSVLLE_6_N001
CA,39.13944599998575,-121.58338772580309,MRYSVLLE_6_N003
APS,33.595169,-112.28082366,MR_LNODE10A
APS,33.595168999953245,-112.28071516125722,MR_LNODE13A
APS,33.595079173742334,-112.28071516136951,MR_LNODE14A
APS,33.59501565706227,-112.28079141481966,MR_LNODE17A
APS,33.595000467253776,-112.28089770032713,MR_LNODE18A
APS,33.5950315786999,-112.28099886418984,MR_LNODE19A
APS,33.59509709065077,-112.28107264455792,MR_LNODE21A
APS,33.59518198420511,-112.28110788838391,MR_LNODE22A
APS,33.59527167626225,-112.28110199685953,MR_LNODER9A
CA,38.02150699998609,-121.28089465794244,MSHR60V_6_N001
CA,38.02150699998609,-121.28100934205757,MSHR60V_6_N006
PSE,47.524127,-121.85922766,MSIDIST_LNODEXF2
NWMT,46.868573999980974,-113.99472190196269,MSLA_1_LNODEK3L
NWMT,46.868573999980974,-113.99485409803732,MSLA_1_LNODEK4L
NWMT,46.85407422344885,-114.02174166,MSLA_2_LNODEK1L
NWMT,46.853992888255085,-114.02167233259136,MSLA_2_LNODEK2L
NWMT,46.853992888255085,-114.02180966740863,MSLA_2_LNODEK3L
NWMT,46.892707233556855,-114.02820966,MSLA_3_LNODEK1L
NWMT,46.89262588320102,-114.0281402703321,MSLA_3_LNODEK2L
NWMT,46.89262588320102,-114.02827772966792,MSLA_3_LNODEK3L
NWMT,46.805145,-114.04610666,MSLA_5_LNODEK2L
NWMT,46.857226999980966,-114.06832491968741,MSLA_7_LNODEK1L
NWMT,46.857226999980966,-114.06845708031258,MSLA_7_LNODEK2L
NWMT,46.27122499998153,-109.48809395618963,MSSHL100_1_MSG1GNODE
NWMT,46.27122499998153,-109.48822404381039,MSSHL100_1_MSG2GNODE
NWMT,46.515925,-108.08902666,MSSHL_50_LNODEOAD
PSE,47.2975,-122.21277866,MST_LNODEXF2
APS,34.71005799998773,-112.16033400538916,MS_LNODER1A
APS,34.71005799998773,-112.16044399461084,MS_LNODER2A
PGE,45.06655,-122.79765366,MTAN_LNODEBR1
CA,37.63264525976642,-122.1012466,MTEDEN_1_N001
CA,37.632563870101905,-122.10118066447778,MTEDEN_1_N005
CA,37.632563870101905,-122.10129933552224,MTEDEN_1_N009
PSE,46.13855199998172,-122.98498519651936,MTF_GNODECTG
PSE,46.13855199998172,-122.98511480348064,MTF_GNODESTG
PSE,47.340833,-122.22305666,MTH_LNODEXF1
NV,36.34792599998713,-114.9165906056903,MTN VIEW_GNODEIT
NV,36.00752299998726,-115.24420665380671,MTNEDGE_LNODE-2
NV,36.00752299998726,-115.24431734619328,MTNEDGE_LNODE-3
CA,35.508179,-115.5312566,MTNPASS_1_N001
CA,38.914515,-121.01569466,MTNQUAR_6_N001
PGE,45.341964999982245,-122.60164328296116,MTPL_LNODEWR1
PGE,45.341964999982245,-122.60177071703886,MTPL_LNODEWR2
CA,35.553885,-119.0966566,MTPOSO_7_N001
NV,39.47832499998559,-119.85730697879826,MTROSE_LNODE01
NV,39.47832499998559,-119.85742302120174,MTROSE_LNODE02
BPAT,46.139986884799725,-122.993866,MTSOL_BP_GCFNAGNODE
BPAT,46.139906057580426,-122.99373265172646,MTSOL_BP_GCFNBGNODE
BPAT,46.139906057580426,-122.99386734827355,MTSOL_BP_GINDGNODE
NWMT,46.518594,-107.92334666000001,MTST_MIN_LNODEOAD
NWMT,47.56995426797013,-111.12178220802198,MTSUN_SL_2_MSNSGNODE
BPAT,44.031466,-122.93269566,MTVER_BP_LNODE115
CA,34.07927114678052,-117.24037666,MTVIEW_1_N001
CA,34.079189926596804,-117.24031938460595,MTVIEW_1_N004
CA,34.079189926596804,-117.24043261539407,MTVIEW_1_N005
BPAT,47.22742599998077,-123.12250842027177,MTVIE_BP_LNODEIEW
BPAT,47.22742599998077,-123.12264157972825,MTVIE_BP_LNODERIE
PSE,48.433333,-122.31944466,MTV_LNODEXF1
CA,33.904473,-116.55575266,MTWND3_7_N001
CA,38.151417,-121.81080366,MTZUMA2_7_B1
NWMT,45.663212,-110.95780566,MT_ELS_R_LNODEOAD
APS,32.737056,-114.51298666,MT_LNODEMR2
NWMT,46.572919,-112.86055366,MT_PHOSP_LNODEOAD
NWMT,47.521711999980646,-111.29438114138189,MT_REFIN_LNODELD1
NWMT,47.521711999980646,-111.29451485861814,MT_REFIN_LNODELD2
NWMT,45.796211,-111.77008266,MT_TALC_LNODEOAD
NWMT,46.375467,-112.11497966,MT_TUNNL_LNODEOAD
BPAT,44.823744,-120.48664866,MUDCR_BP_LNODE69
NWMT,45.665272,-110.79589366,MUIR_NW_LNODEOAD
NV,38.976633999985864,-119.79468236834688,MULLER_LNODE95
NV,38.976633999985864,-119.79479763165311,MULLER_LNODE96
PGE,45.465861999982216,-122.71152216651141,MULT_LNODEWR1
PGE,45.465861999982216,-122.7116498334886,MULT_LNODEWR2
CA,32.79087756459772,-117.02293345822872,MURRAY_6_N001
CA,32.790698435312095,-117.02293345844329,MURRAY_6_N004
CA,32.790698435312095,-117.02314654155671,MURRAY_6_N005
CA,32.79087756459772,-117.02314654177137,MURRAY_6_N015
PSE,47.65,-122.52416766,MUR_LNODEXF1
CA,36.264507,-119.90735766,MUSLSLGH_6_N001
PSE,47.339444,-122.31111166,MVW_LNODEXF1
PSE,47.566944,-122.2266,MWD_LNODEXF1
APS,33.638835,-112.27260566,MW_LNODE10A
APS,33.63883499995308,-112.27249706136071,MW_LNODE12A
APS,33.63874513607484,-112.27249706147337,MW_LNODE13A
APS,33.638681592760086,-112.27257338556083,MW_LNODE14A
APS,33.63866639658196,-112.27267976952552,MW_LNODER1A
APS,33.63869752107394,-112.27278102710117,MW_LNODER2A
APS,33.63876306049607,-112.27285487581592,MW_LNODER4A
APS,33.63884798964908,-112.27289015229057,MW_LNODER5A
APS,33.63893771931735,-112.2728842553092,MW_LNODER6A
APS,33.63901991795565,-112.27284063401787,MW_LNODER9A
APS,32.769565,-112.81725966,MX_LNODEMR1
NWMT,45.24347399998234,-109.73226636206732,MYSTIC_7_MYS1GNODE
NWMT,45.24347399998234,-109.7323936379327,MYSTIC_7_MYS2GNODE
NV,40.8785,-117.15232966,N VALMY_GNODE 1
NV,40.87849999993822,-117.15220939179069,N VALMY_GNODE 2
APS,35.23001708480456,-111.82448571579955,"NAD_LNODER1A"
APS,35.22983691509546,-111.82448571604446,"NAD_LNODER2A"
APS,35.22983691509546,-111.82470628395555,"NAD_LNODER4A"
APS,35.23001708480456,-111.82470628420046,"NAD_LNODER6A"
BPAT,46.622762,-122.91739966,"NAPAVITP_LNODEINE"
CA,38.29535,-122.27863766,"NAPA_6_N003"
CA,33.137302550634665,-116.29437805632017,"NARROWS1_7_B1"
CA,33.13712344927391,-116.29437805653842,"NARROWS1_7_N001"
CA,33.13712344927391,-116.29459194346167,"NARROWS2_7_B1"
CA,33.137302550634665,-116.29459194367983,"NARROWS_6_N010"
BPAT,47.289227,-122.56096166,"NARRO_BP_LNODESU1"
BPAT,46.376215,-123.80552966,"NASLP_BP_LNODEFMR"
CA,32.67305199998863,-117.10726576866912,"NATNLCTY_6_N001"
CA,32.67305199998863,-117.10737223133088,"NATNLCTY_6_N005"
SRP,36.904006999986755,-111.39038874082956,"NAVAJ_SR_LNODEDMS"
SRP,36.904006999986755,-111.39050125917043,"NAVAJ_SR_LNODERSS"
CA,32.67041199998878,-117.1146387694056,"NAVSTMTR_6_N001"
CA,32.67041199998878,-117.11474523059442,"NAVSTMTR_6_N011"
CA,35.29,-119.4566,"NAVY35R_1_N001"
CA,35.373056,-119.02166766,"NAVY35R_7_B1"
BPAT,48.734676999980074,-116.29595912629163,NBENC_BP_LNODECH1
BPAT,48.734676999980074,-116.29609487370837,NBENC_BP_LNODECH2
PSE,47.491944,-121.77444466,NBE_LNODEXF1
BPAT,45.648127,-121.96059466,NBONN_BP_LNODENIA
PSE,47.769722,-122.20833366,NBO_LNODEXF2
CA,38.199837,-120.71950666,NBRANCH_6_N001
PGE,45.298599999982265,-122.97503631918512,NBRG_LNODEWR1
PGE,45.298599999982265,-122.97516368081487,NBRG_LNODEWR2
BPAT,42.082035,-124.31254466,NBRKN_BP_LNODEOOK
BPAT,44.420465,-122.67176266,NBUTT_BP_LNODECPI
NV,36.34337,-114.9211366,NCA1_GNODEIT
NV,36.225352,-114.87808566,NCA2_GNODEIT
BPAT,45.604,-122.3766,NCAMA_BP_LNODEMAS
NWMT,47.301915,-110.7569966,NCENEX_LNODEOAD
CA,33.089572,-117.20323666,NCMETER_1_N001
CA,38.329999999986036,-122.62994255786647,NCPA1GY1_7_B2
CA,38.329999999986036,-122.63005744213352,NCPA1GY1_7_N001
CA,38.33999999998601,-122.63994255546396,NCPA1GY2_7_B2
CA,38.33999999998601,-122.64005744453604,NCPA1GY2_7_N001
CA,38.34999999998599,-122.64994255309186,NCPA2GY1_7_B2
CA,38.34999999998599,-122.65005744690819,NCPA2GY1_7_N001
CA,38.329999999986036,-122.67994255786648,NCPA2GY2_7_B2
CA,38.329999999986036,-122.68005744213353,NCPA2GY2_7_N001
BPAT,48.5439785506836,-121.74124626386573,NCW_1_NINECNYN_BPASHAREGNODE
CA,37.86,-121.8866,NDUBLIN_2_N002
SRP,33.33134899998845,-111.80628835970752,NEELY_SR_LNODELD2
SRP,33.33134899998845,-111.8063956402925,NEELY_SR_LNODELD3
CA,34.312271,-118.48163466,NEENACH_6_N008
NV,36.24586954271601,-115.04633297187216,NELLIS_LNODE-1
NV,36.24569045718144,-115.04633297212652,NELLIS_LNODE-2
NV,36.24569045718144,-115.04655502787348,NELLIS_LNODE-3
NV,36.24586954271601,-115.04655502812788,NELLIS_LNODEFB
AVA,47.65278867422467,-117.26886276613996,NELSON_1_1LNODE
NV,35.707808,-114.82487666,NELSON_LNODE-1
CA,40.18276709746204,-122.24461006978278,NEORBLF_7_B1
BPAT,48.128802,-118.97517166,NESPE_BP_LNODEYEL
CA,37.50049924095103,-121.98709166,NEWARKD_1_N001
CA,37.500417879509776,-121.98703179018517,NEWARKD_1_N012
CA,37.500417879509776,-121.98715020981484,NEWARKD_1_N126
NWMT,47.134815,-113.59717666,NEWBERG_LNODEOAD
CA,40.59455299998477,-124.13512748525541,NEWBURG_6_N001
CA,40.59455299998477,-124.13524651474458,NEWBURG_6_N003
CA,36.86718099998678,-120.32825478878493,NEWHALL_1_N001
CA,36.86718099998678,-120.32836721121508,NEWHALL_1_N002
CA,37.31543099998646,-121.01505122358405,NEWMAN_6_B2
CA,37.31543099998646,-121.01516477641594,NEWMAN_6_N001
NV,40.74769799998461,-116.53021631799568,NEWMONT_LNODE43
NWMT,45.234248,-108.70937166,NEWMONT_LNODEOAD
BPAT,48.182,-117.03766,NEWPO_BP_LNODEINL
NWMT,45.23620499998237,-112.74224336746846,NEW_DEPT_LNODEOAD
AVA,46.2522,-116.242766,NEZPERCE_1_1LNODE
TPWR,47.25703042089828,-122.37023677536689,NE_FDR1LNODE
TPWR,47.25684957894727,-122.37023677582188,NE_FDR2LNODE
TPWR,47.25684957894727,-122.37050322417815,NE_FDR3LNODE
TPWR,47.25703042089828,-122.37050322463314,NE_FDR4LNODE
TPWR,47.399539999980675,-123.19206324559697,NFORK_7_G34GNODE
TPWR,47.399539999980675,-123.19219675440317,NFORK_7_G35GNODE
PGE,45.24336799998235,-122.2801473621465,NFP1_1_GNODE1
PGE,45.24336799998235,-122.28027463785352,NFP1_1_GNODE2
PGE,45.243233,-122.28000666,NFP1_LNODE105
NV,39.79573299998535,-119.01098358869575,NGHTGALE_GNODEIT
NV,39.79573299998535,-119.01110041130427,NGHTGALE_LNODE18
PSE,47.743611,-122.19361166,NHL_LNODEXF1
IPCO,44.0228,-117.466166,NHTS_GNODE011
NWMT,46.26550899998153,-106.79532896668249,NICKLS_P_LNODELD1
NWMT,46.26550899998153,-106.79545903331754,NICKLS_P_LNODELD2
NWMT,46.256027,-106.79844766,NICKLS_R_LNODEOAD
NWMT,46.53878599998132,-109.76652746366001,NIHILL_LNODEMPC
NWMT,46.53878599998132,-109.76665853634,NIHILL_LNODEREA
BPAT,48.004271,-119.4078966,NILLE_BP_LNODEFMR
BANC,38.63761999998592,-121.22034248788917,NIMBUS_1_UNIT 1GNODE
BANC,38.63761999998592,-121.22045751211084,NIMBUS_1_UNIT 2GNODE
BPAT,46.110009869970334,-119.09369466,NINECNYN_1_Z1GNODE
BPAT,46.10992906499509,-119.09362670688891,NINECNYN_1_Z2GNODE
BPAT,46.10992906499509,-119.0937612931111,NINECNYN_1_Z3GNODE
BPAT,46.037287,-118.806362,NINEMILE_1_G04GNODE
BPAT,46.037286999927126,-118.8062327464569,NINEMILE_1_G07GNODE
BPAT,46.03719727339832,-118.80623274666678,NINEMILE_1_G09GNODE
BPAT,46.03713382722793,-118.80632414261866,NINEMILE_1_G11GNODE
BPAT,46.037118654265605,-118.80645153434686,NINEMILE_2_G05GNODE
BPAT,46.037149731129716,-118.80657278741094,NINEMILE_2_G06GNODE
BPAT,46.03721517031013,-118.80666121925789,NINEMILE_2_G08GNODE
BPAT,46.03729996961378,-118.80670346203081,NINEMILE_2_G10GNODE
AVA,47.77489010367912,-117.54426592604251,NINE_MI_1_1GNODE
AVA,47.77470989616467,-117.54426592650718,NINE_MI_1_2GNODE
AVA,47.77470989616467,-117.54453407349284,NINE_MI_1_3GNODE
AVA,47.77489010367912,-117.5445340739575,NINE_MI_1_4GNODE
TPWR,47.23914,-122.4364666,NISQ_FDR10LNODE
TPWR,47.23913999992292,-122.43632681450714,NISQ_FDR11LNODE
TPWR,47.23904957497512,-122.43632681473444,NISQ_FDR12LNODE
TPWR,47.23898563495196,-122.43642099098595,NISQ_FDR1LNODE
TPWR,47.238970343884,-122.43655225800684,NISQ_FDR2LNODE
TPWR,47.23900166263789,-122.43667719962937,NISQ_FDR3LNODE
TPWR,47.239067611177724,-122.43676832161918,NISQ_FDR4LNODE
TPWR,47.23915307054141,-122.43681184946054,NISQ_FDR5LNODE
TPWR,47.239243360449876,-122.43680457340237,NISQ_FDR6LNODE
TPWR,47.23932607235717,-122.43675074922406,NISQ_FDR7LNODE
TPWR,47.23939187273906,-122.43665939461435,NISQ_FDR8LNODE
TPWR,47.23943468263388,-122.43654208004841,NISQ_FDR9LNODE
AVA,46.431,-117.02666,NLEWISTN_1_13_1LNODE
PSE,48.509167,-122.21055666,NLM_LNODEXF1
IPCO,44.542,-117.42266,NLSN_LNODELSN
TEPC,32.401146999955124,-111.12619963364342,NL_7_NORTHLOOP_1GNODE
TEPC,32.40105719301135,-111.12619963374922,NL_7_NORTHLOOP_2GNODE
TEPC,32.400993689952614,-111.12627484606837,NL_7_NORTHLOOP_3GNODE
TEPC,32.40097850340316,-111.12637968040579,NL_7_NORTHLOOP_4GNODE
IPCO,43.591211182996354,-116.57372866,NMPA_LNODE132
IPCO,43.59112990848357,-116.57366321298248,NMPA_LNODE133
IPCO,43.59112990848357,-116.57379278701752,NMPA_LNODE134
PGE,45.163559796558474,-122.83206266,NMRN_LNODEBR1
PGE,45.16347910170171,-122.83199592414131,NMRN_LNODEBR2
PGE,45.16347910170171,-122.83212807585869,NMRN_LNODEBR3
PSE,47.4475,-122.33055666,NNO_LNODEXF1
NWMT,46.020491,-112.49122766,NO1_TLGS_LNODEOAD
NWMT,46.030761,-112.49330766,NO2_TLGS_LNODEOAD
SRP,33.422981,-111.65610266,NOACK_SR_LNODELD2
SRP,33.46182599998841,-111.9009702274949,NOBLE_SR_LNODELD1
SRP,33.46182599998841,-111.90107777250516,NOBLE_SR_LNODELD2
PSE,47.623346999980505,-122.18419206489234,NOB_LNODEXF1
PSE,47.623346999980505,-122.18432593510768,NOB_LNODEXF2
CA,32.70248360152014,-117.18205952001078,NOISLMTR_6_N004
CA,32.70230439838948,-117.18205952022467,NOISLMTR_6_N009
CA,32.70230439838948,-117.18227247977542,NOISLMTR_6_N015
CA,32.70248360152014,-117.18227247998922,NOISLMTR_6_N101
PSE,47.431944,-122.227566,NOP_LNODEXF2
CA,35.28535,-119.30889366,NORCO_1_N001
CA,39.759998999985385,-121.90689363690683,NORD1_1_N001
CA,39.759998999985385,-121.90701036309319,NORD1_1_N003
NWMT,44.97875576704952,-110.70505947301413,NORIS_JT_LNODEOAD
CA,37.46,-121.7666,NORTECH_1_N001
CA,35.068401,-118.39578966,NORTHWND_6_N002
SCL,47.684052,-122.31947366,NORTH_SC_LNODE605
SCL,47.684051999922055,-122.31933904538701,NORTH_SC_LNODE606
SCL,47.68396181921723,-122.31933904561859,NORTH_SC_LNODE608
SCL,47.683898051900506,-122.31943376571803,NORTH_SC_LNODE609
SCL,47.683882802134214,-122.31956579077487,NORTH_SC_LNODE610
SCL,47.6839140362922,-122.31969145390724,NORTH_SC_LNODE611
SCL,47.683979806698595,-122.31978310211056,NORTH_SC_LNODE612
SCL,47.68406503523019,-122.31982688132332,NORTH_SC_LNODE613
SCL,47.68415508126083,-122.31981956325491,NORTH_SC_LNODE614
SCL,47.68423756976055,-122.31976542825714,NORTH_SC_LNODE615
SRP,33.55368387489379,-112.14555466,NORTH_SR_LNODELD1
SRP,33.553603062540574,-112.14549801397048,NORTH_SR_LNODELD3
SRP,33.553603062540574,-112.14560998602954,NORTH_SR_LNODELD4
BPAT,43.107894999983486,-124.16180042834125,NORWAY_LNODEFMR
BPAT,43.107894999983486,-124.16192357165876,NORWAY_LNODEILE
TEPC,32.269822,-110.91646166,NOR_EAST_LNODE2_TER
TEPC,32.26982199995521,-110.91635465254228,NOR_EAST_LNODE4C715
TEPC,32.269732078590046,-110.91635465264767,NOR_EAST_LNODE4C716
TEPC,32.26966849462279,-110.91642985160348,NOR_EAST_LNODE4C717
TEPC,32.269653288724555,-110.91653466731499,NOR_EAST_LNODE4C718
TEPC,32.269684433132376,-110.91663443220493,NOR_EAST_LNODE4C719
TEPC,32.26975001448779,-110.91670719227245,NOR_EAST_LNODE4C720
TEPC,32.26983499797548,-110.91674194870512,NOR_EAST_LNODEDIST1
TEPC,32.269924785044495,-110.91673613863989,NOR_EAST_LNODEDIST2
PSE,47.680278,-122.19555666,NOR_LNODEXF2
TEPC,32.40100960818063,-111.12647946302431,NOR_LOOP_LNODEAUX
TEPC,32.40107510608589,-111.12655223602219,NOR_LOOP_LNODEC503L
TEPC,32.401159981434674,-111.12658699863226,NOR_LOOP_LNODEC504L
TEPC,32.40124965425361,-111.12658118753555,NOR_LOOP_LNODEC511L
TEPC,32.401331800810105,-111.12653820164354,NOR_LOOP_LNODEDIST1
TEPC,32.40139715140276,-111.12646524284348,NOR_LOOP_LNODEDIST2
TEPC,32.401439668656124,-111.12637155169979,NOR_LOOP_LNODESOLNET
CA,38.10860199998601,-122.56828762317218,NOVATO_6_N001
CA,38.10860199998601,-122.56840237682783,NOVATO_6_N002
AVA,47.9606,-115.734166,NOXON_2_1GNODE
AVA,47.9605999999217,-115.73396569405642,NOXON_2_2GNODE
AVA,47.960510063169295,-115.734166,NOXON_2_3GNODE
AVA,47.9605999999217,-115.7342343059436,NOXON_2_4GNODE
AVA,47.96068993683069,-115.734166,NOXON_2_5GNODE
BPAT,47.959422000000004,-115.73814166,NOXON_BP_LNODEAMP
BPAT,46.300389,-119.13602666,NPASC_BP_LNODEFMR
PGE,45.600037,-122.9919266,NPLN_LNODEBR1
PSE,48.494721999980186,-122.57021042226428,NPT_LNODEXF1
PSE,48.494721999980186,-122.57034557773572,NPT_LNODEXF2
IPCO,43.607098,-116.56847666,NRCO_LNODE131
AVA,47.73419999998049,-117.36783298935192,NRTHEAST_1_1LNODE
AVA,47.73419999998049,-117.36796701064807,NRTHEAST_1_2LNODE
NV,36.20304672122442,-115.116966,NRTHLV_LNODE-1
NV,36.202966139373956,-115.1168423444905,NRTHLV_LNODE-3
NV,36.202966139373956,-115.11695765550952,NRTHLV_LNODE-4
CA,38.066061192073654,-122.19567466,NRTHTWR_1_N001
CA,38.06597990394814,-122.19561438913057,NRTHTWR_1_N002
CA,38.06597990394814,-122.19573361086951,NRTHTWR_1_N004
AVA,47.71579999998043,-117.47623300144755,NRTHWEST_1_1LNODE
AVA,47.71579999998043,-117.47636699855245,NRTHWEST_1_2LNODE
NV,36.335144,-115.33021366,NRTHWS_N_LNODE06
NV,36.33514399994845,-115.33010181281135,NRTHWS_N_LNODE07
NV,36.33505443144055,-115.33010181293919,NRTHWS_N_LNODE08
NV,36.33499109698828,-115.33018043409035,NRTHWS_N_LNODE16
NV,36.33497595075609,-115.33029001979328,NRTHWS_N_LNODE18
NV,36.335006972935794,-115.33039432482914,NRTHWS_N_LNODE44
NV,36.33507229692591,-115.33047039612167,NRTHWS_S_LNODE-1
NV,36.33515694692065,-115.33050673431262,NRTHWS_S_LNODE-2
PSE,47.631389,-122.16722266,NRU_LNODEXF2
APS,33.92156899998811,-112.12990569984508,NR_LNODE10A
APS,33.92156899998811,-112.13001430015494,NR_LNODE12A
LADWP,34.22909034238915,-118.54339073176757,NR_SUB_LNODEONA
LADWP,34.228909657513995,-118.54339073200198,NR_SUB_LNODEONB
LADWP,34.228909657513995,-118.54360926799802,NR_SUB_LNODEONC
LADWP,34.22909034238915,-118.54360926823244,NR_SUB_LNODEOND
CA,32.68156911637799,-117.12014232212668,NSCOGEN_7_B1
NV,36.11473099998726,-114.86983558637645,NTLPRKS_LNODE-1
NV,36.11473099998726,-114.86994641362355,NTLPRKS_LNODEMP
IPCO,42.608333,-114.73388566,NTVW_LNODE131
PSE,48.854444,-122.28722266,NUG_LNODEXF2
CA,37.5,-122.0466,NUMITAP_1_N003
NV,35.796849,-114.98190366,NV SOLR1_GNODEIT
NV,40.87840956427829,-117.1522093919541,NVALMY_LNODE01
NV,40.8783456166663,-117.15229396764829,NVALMY_LNODE02
NV,40.8783303237929,-117.15241185303303,NVALMY_LNODE03
NV,40.878361646290614,-117.15252405782277,NVALMY_LNODE04
NV,40.87842760268461,-117.15260589056832,NVALMY_LNODE7E
NV,40.87851307219727,-117.15264498097471,NVALMY_LNODESS
NV,39.620392999985455,-119.26197981575207,NVCEMNT_LNODEC1
NV,39.620392999985455,-119.26209618424792,NVCEMNT_LNODEC2
NV,39.004130999985755,-118.32274835444727,NVSCHLT_LNODET1
NV,39.004130999985755,-118.32286364555287,NVSCHLT_LNODET2
CA,36.59909,-121.87708266,NVYSCHL_6_N001
BPAT,45.931,-122.761766,NWDLN_BP_LNODEFMR
CA,37.47999999998637,-121.97994304564625,NWKDIST_2_N001
CA,37.47999999998637,-121.98005695435374,NWKDIST_2_N004
NV,39.24568699994282,-120.02731860719437,NWM GEN_1_PV_UNITGNODE
NV,40.74769799998461,-116.53033568200433,NWM GEN_GNODEIT
NWMT,45.429204,-109.77851266,NYE_REA_LNODEOAD
APS,33.679794,-112.08655766,NY_LNODE12A
APS,33.679793999953006,-112.08644896650179,NY_LNODE14A
APS,33.67970409990525,-112.08644896661475,NY_LNODE15A
APS,33.67964053101481,-112.08652535777746,NY_LNODE16A
APS,33.67962532872036,-112.0866318352344,NY_LNODER1A
APS,33.67965646573949,-112.08673318179724,NY_LNODER2A
APS,33.67972203154048,-112.08680709541207,NY_LNODER4A
APS,33.67980699487667,-112.08684240288896,NY_LNODER9A
AVA,47.7353,-117.370566,N_EASTCT_1_A_BGNODE
AVA,46.7476,-117.013666,N_MOSCOW_1_1LNODE
BPAT,48.261819,-121.59817966,N_MT_SPD_2_HLMGNODE
CA,37.797435,-122.28102266,OAKC12_7_N002
BANC,37.66746999998627,-120.95814287556453,OAKDAL_LNODEMTS
BANC,37.66746999998627,-120.95825712443549,OAKDAL_LNODENDN
SRP,33.306149999988456,-111.06794638362463,OAKFL_SR_LNODELD1
SRP,33.306149999988456,-111.06805361637538,OAKFL_SR_LNODELD2
CA,37.32379499998641,-119.63394921398017,OAKHURST_1_N001
CA,37.32379499998641,-119.63406278601984,OAKHURST_1_N002
CA,37.79743499994459,-122.28090756034669,OAKLAND_1_N001
CA,37.797356686862834,-122.28096478023465,OAKLAND_1_N006
CA,37.797356686862834,-122.281079219766,OAKLAND_1_N033
CA,37.79743499994459,-122.28113643965332,OAKLND12_7_N001
CA,37.79751331310943,-122.28107921988733,OAKLND12_7_N101
CA,37.79751331310943,-122.28096478011268,OAKLND3_7_N001
BPAT,45.58228999998211,-122.38021503862346,OAKPA_BP_LNODERK1
BPAT,45.58228999998211,-122.38034296137657,OAKPA_BP_LNODERK2
BPAT,43.75106199998295,-122.4847674339871,OAKRI_BP_LNODEDR2
BPAT,43.75106199998295,-122.48489256601293,OAKRI_BP_LNODELEC
BPAT,44.06715413,-123.073778466,OAKWA_BP_LNODE2KV
PSE,48.878611,-122.72555666,OAR_LNODEXF1
NV,35.67815782106825,-115.37403266,OASIS_LNODE-1
NV,35.67807708945223,-115.37397461969064,OASIS_LNODE-2
NV,35.67807708945223,-115.37408938030937,OASIS_LNODE-3
PSE,48.455277999980225,-122.39021046333377,OAV_LNODEXF1
PSE,48.455277999980225,-122.39034553666623,OAV_LNODEXF2
IPCO,44.97057777292458,-116.85003653124242,OBPR_GNODE011
IPCO,44.970499999929686,-116.84997306265694,OBPR_GNODE012
IPCO,44.97042222704028,-116.85003653141453,OBPR_GNODE013
IPCO,44.97042222704028,-116.85016346858546,OBPR_GNODE014
IPCO,44.970499999929686,-116.85022693734308,OBPR_LNODEA1
IPCO,44.97057777292458,-116.85016346875767,OBPR_LNODEA2
BPAT,43.2424,-120.691266,OBS_1_CHRST_VL_OBSGNODE
APS,33.738237,-112.58535166,OBT_LNODE12A
PSE,48.458611,-122.42777866,OBV_LNODE1
PSE,47.014119,-122.90243966,OBY_LNODEXF1
BPAT,46.14769099998168,-122.93954318023557,OCEANBCH_LNODEXF
CA,35.10177099998753,-120.5809958783299,OCEANO_1_N001
CA,35.10177099998753,-120.58110612167016,OCEANO_1_N004
CA,33.19681799998853,-117.38174348047966,OCEANSDE_6_N001
CA,33.19681799998853,-117.38185051952166,OCEANSDE_6_N002
BPAT,46.14769099998168,-122.93967281976444,OCEAN_BP_LNODEARK
APS,33.42619699998841,-111.91099926488924,OC_GNODEOCGT1
APS,33.42619699998841,-111.91110673511079,OC_GNODEOCGT2
AVA,48.3296,-116.400266,ODEN_1_20_1LNODE
AVA,47.33899999998064,-118.68793330307366,ODESSA_1_1LNODE
AVA,47.33899999998064,-118.68806669692701,ODESSA_B_1_LINCLNODE
BPAT,47.338364,-118.6881566,ODESS_BP_LNODESON
AVA,47.4005,-116.668266,OGARA_1_XFMR1LNODE
PGE,45.12291699998239,-122.07017944466223,OGP1_1_GNODE1
PGE,45.12291699998239,-122.07030655533778,OGP1_1_GNODE2
PGE,45.126427,-122.07569166,OGP1_LNODEWR9
LADWP,37.43792099998635,-118.55693108879879,OG_PP_GNODECG
LADWP,37.51,-118.56916766,OG_PP_GNODEMG
LADWP,37.546036,-118.59000166,OG_PP_GNODEUG
PGE,45.53314199998218,-122.8484850948368,OHLS_LNODEWR1
PGE,45.53314199998218,-122.84861290516322,OHLS_LNODEWR2
BPAT,46.94640999998096,-122.36845378422413,OHOPB_BP_LNODEOP1
BPAT,46.94640999998096,-122.36858621577589,OHOPB_BP_LNODEOP2
CA,37.75,-121.3166,OIGLASS_1_N001
CA,35.42,-118.9866,OILDALE_1_N001
CA,35.418611,-119.01138966,OILDALE_1_N101
CA,35.95646873409211,-120.8512166,OILFLDS_6_N001
CA,35.95638813294024,-120.85115251124287,OILFLDS_6_N007
CA,35.95638813294024,-120.85126748875727,OILFLDS_6_N009
APS,34.77638223650204,-111.76187766,OK_LNODE10A
APS,34.77630088173557,-111.76181981588165,OK_LNODER2A
APS,34.77630088173557,-111.76193418411836,OK_LNODER6A
NWMT,44.97875576704952,-110.7049325269859,OLDFAITH_LNODEK1L
CA,35.208403999987524,-119.10019686100044,OLDRIVR_6_N001
CA,35.208403999987524,-119.10030713899955,OLDRIVR_6_N006
CA,35.169243,-119.10988566,OLDRIVR_6_N007
AVA,48.183399999980345,-117.02573269791668,OLDTOWN_1_1LNODE
AVA,48.183399999980345,-117.02586730208331,OLDTOWN_1_2LNODE
CA,32.766092,-117.19252966,OLDTOWN_6_N001
PSE,48.754167,-122.48833366,OLD_LNODEXF2
TPWR,47.274550416446495,-122.46628673782686,OLD_TOWN_FDR1LNODE
TPWR,47.274369583399064,-122.46628673828222,OLD_TOWN_FDR2LNODE
TPWR,47.274369583399064,-122.46655326171779,OLD_TOWN_FDR3LNODE
TPWR,47.274550416446495,-122.46655326217315,OLD_TOWN_FDR4LNODE
CA,38.042497,-122.78654166,OLEMA_6_N001
CA,38.48064499998599,-120.84462852385394,OLETA_6_N001
CA,38.48064499998599,-120.84474347614606,OLETA_6_N003
CA,33.94616008273055,-117.92224466,OLINDA_6_N001
CA,33.94607895862177,-117.92218754016207,OLINDA_6_N004
CA,33.94607895862177,-117.92230045983794,OLINDA_6_N007
BPAT,46.15016299998172,-122.9763671758227,OLIVE_BP_LNODEXF1
BPAT,46.15016299998172,-122.97649682417733,OLIVE_BP_LNODEXF2
NV,36.155692,-115.10788666,OLIVE_LNODE-1
SRP,33.56661399998836,-112.20774111286806,OLIVE_SR_LNODELD2
SRP,33.56661399998836,-112.20784888713193,OLIVE_SR_LNODELD3
CA,39.0918869999858,-121.54288430472884,OLIVHRST_1_N001
CA,39.0918869999858,-121.54299969527116,OLIVHRST_1_N002
CA,37.430833,-121.94722266,OLS-AGNE_7_N001
BPAT,47.00100999998085,-122.95330270583561,OLYMA_BP_LNODESS1
BPAT,47.00100999998085,-122.9534352941644,OLYMA_BP_LNODEXF2
BPAT,47.001,-122.95566,OLYMP_BP_LNODEPIC
LADWP,34.03409021003063,-118.45989114327804,OLY_SUB_LNODEONA
LADWP,34.03390978987338,-118.45989114350952,OLY_SUB_LNODEONB
LADWP,34.03390978987338,-118.46010885649046,OLY_SUB_LNODEONC
LADWP,34.03409021003063,-118.46010885672197,OLY_SUB_LNODEOND
CA,35.475894,-118.98698466,OMAR1G_7_B1
CA,35.47589399994985,-118.98687365055424,OMAR2G_7_B1
CA,35.475804135851355,-118.98698466,OMAR3G_7_B1
CA,35.47589399994985,-118.98709434944575,OMAR4G_7_B1
CA,35.475983864148716,-118.98698399999999,OMAR_2_N001
SRP,33.35458199998846,-111.89631833716345,OMEGA_SR_LNODELD2
SRP,33.35458199998846,-111.89642566283656,OMEGA_SR_LNODELD3
PSE,48.826508,-122.70192166,OMO_LNODEXF1
CA,33.068479,-117.14140466,OMWD_6_N001
APS,34.404644,-112.07952266,OM_LNODEFMR
CA,37.098611,-121.047566,ONEILPMP_7_LN001
SRP,33.39999999998842,-112.2799462917945,OPPOR_SR_LNODELD1
SRP,33.39999999998842,-112.28005370820551,OPPOR_SR_LNODELD2
AVA,47.66579999998056,-117.23683303514862,OPRTUNTY_1_13_1LNODE
AVA,47.66579999998056,-117.23696696485139,OPRTUNTY_1_13_2LNODE
NV,36.08226571935499,-115.18287866,OQUENDO_LNODE-1
NV,36.082185140308695,-115.1828204351919,OQUENDO_LNODE-2
NV,36.082185140308695,-115.18293556480816,OQUENDO_LNODE-3
TPWR,47.21069043006877,-122.50441687831399,ORCHARD_FDR1LNODE
TPWR,47.210509569777145,-122.50441687876794,ORCHARD_FDR2LNODE
TPWR,47.210509569777145,-122.50468312123206,ORCHARD_FDR3LNODE
TPWR,47.21069043006877,-122.50468312168601,ORCHARD_FDR4LNODE
PSE,47.383056,-122.20333366,ORC_LNODEXF1
BPAT,45.33288,-122.77958166,ORECI_BP_LNODEAWA
BPAT,45.33287999992917,-122.77945358147535,ORECI_BP_LNODELSDB252
BPAT,45.33280242703309,-122.77951729082494,ORECI_BP_LNODELSDB258
BPAT,45.33280242703309,-122.77964470917507,ORECI_BP_LNODEMBDB252
BPAT,45.33287999992917,-122.77970841852466,ORECI_BP_LNODEMBDB258
BPAT,45.332957572931484,-122.77964470934967,ORECI_BP_LNODESS
BPAT,45.332957572931484,-122.77951729065046,ORECI_BP_LNODETON
CA,40.61902099998471,-122.32226045686366,OREGNTRL_1_N001
CA,40.61902099998471,-122.32237954313635,OREGNTRL_6_N001
BANC,37.63168999998624,-120.97424290510756,OREGON_LNODENK1
BANC,37.63168999998624,-120.97435709489257,OREGON_LNODENK2
PSE,47.458333,-122.22388966,ORE_LNODEXF1
CA,41.294542,-124.05652266,ORICK_6_N001
AVA,48.519,-117.901166,ORIN_1_1LNODE
PSE,47.438611,-122.24222266,ORI_LNODEXF1
CA,39.725068,-122.17887366,ORLANDB_6_N001
CA,34.12971799998795,-119.16888546748744,ORMOND1G_7_B1
CA,34.12971799998795,-119.16899453251257,ORMOND2G_7_B1
PGE,45.52341071868153,-122.89967366,ORNC_LNODEWR3
PGE,45.523330140639914,-122.89960659906373,ORNC_LNODEWR4
PGE,45.523330140639914,-122.89973940093628,ORNC_LNODEWR5
CA,39.50542357952801,-121.55937589875259,OROENGY_7_B1
AVA,46.49059999998138,-116.24953455152766,OROFINO_1_1LNODE
AVA,46.49059999998138,-116.24966544847247,OROFINO_1_2LNODE
CA,36.886866,-120.65592866,OROLOMA_6_N001
CA,36.544759,-119.25177666,OROSI_6_N006
CA,39.50524442035656,-121.55937589905197,OROVILLE_6_N001
CA,39.50524442035656,-121.55960810094817,OROVILLE_6_N005
CA,39.50542357952801,-121.55960810124742,OROVILLE_6_N102
IPCO,43.459773,-116.29413266,ORSP_GNODERSP
IPCO,43.797006,-117.06101366,ORSR_GNODERSR
PSE,47.0925,-122.21222266,ORT_LNODEXF2
APS,33.535093,-112.06248766,OR_LNODE12A
APS,33.53509299995331,-112.06237929600313,OR_LNODE13A
APS,33.535003223544116,-112.06237929611498,OR_LNODE14A
APS,33.53493974207896,-112.06245545428567,OR_LNODE17A
APS,33.53492456069214,-112.06256160698857,OR_LNODE19A
APS,33.53495565488961,-112.06266264444602,OR_LNODE22A
APS,33.53502113051959,-112.06273633262438,OR_LNODE23A
APS,33.53510597700722,-112.06277153241201,OR_LNODE27A
APS,33.53519561933707,-112.06276564824837,OR_LNODE28A
APS,33.53527773796697,-112.0627221217823,OR_LNODE29A
APS,33.535343066344964,-112.06264824546663,OR_LNODE32A
APS,33.535385569146264,-112.06255337607321,OR_LNODE33A
APS,33.5354022510055,-112.06244754741297,OR_LNODER8A
APS,33.535392757701594,-112.06234044689195,OR_LNODER9A
SRP,33.489831627211615,-111.95007453866819,OSBOR_SR_LNODELD2
SRP,33.489862709129675,-111.95017548360192,OSBOR_SR_LNODELD3
AVA,47.496,-115.981266,OSBURN_1_XF1LNODE
PSE,47.221389,-122.03694466,OSC_LNODEXF1
CA,34.810278,-118.7266,OSO_6_N008
PGE,45.612473,-122.76775466,OSTL_LNODEELF
PGE,45.42064699998229,-122.65910021129987,OSWG_LNODEWR1
PGE,45.42064699998229,-122.65922778870022,OSWG_LNODEWR3
CA,32.595376662064226,-117.0575205756097,OTAYLAKE_6_N001
CA,32.59519733784581,-117.05752057582266,OTAY_6_N001
CA,32.59519733784581,-117.05773342417734,OTAY_6_N014
AVA,46.840899999981026,-119.17573394543112,OTHELLO_1_1LNODE
AVA,46.840899999981026,-119.17586605456897,OTHELLO_1_2LNODE
CA,36.47781599998705,-121.72700373804477,OTTER_6_N001
NWMT,46.931759,-113.09916666,OVANDO_LNODEOAD
PSE,46.873056,-122.69566,OVA_LNODEXF1
NV,39.127927548425376,-119.75463756363136,OVERLAND_LNODE50
NV,39.1277484514607,-119.75463756392487,OVERLAND_LNODE60
NV,39.1277484514607,-119.75486843607514,OVERLAND_LNODE65
NV,39.127927548425376,-119.75486843636865,OVERLAND_LNODE70
LADWP,37.43792099998635,-118.55704491120123,OVES_SUB_LNODEBKB
LADWP,36.443,-118.043866,OVES_SUB_LNODEBKC
LADWP,37.342,-118.44166,OVES_SUB_LNODEBKD
PSE,47.619167,-122.23277866,OVE_LNODEXF1
SRP,33.35360696314034,-111.94241256556526,OWENS_SR_LNODELD2
SRP,33.353591803651504,-111.94251834380736,OWENS_SR_LNODELD3
SRP,33.35362285299915,-111.94261902484865,OWENS_SR_LNODELD4
CA,37.72,-122.2266,OWNBRKWY_1_N001
CA,39.2677459999428,-120.77625364289393,OXBOWF_7_B1
PGE,44.92080299998249,-123.01799555645957,OXFD_LNODEWR1
PGE,44.92080299998249,-123.01812244354052,OXFD_LNODEWR2
CA,36.7,-120.6866,OXFORD_1_N001
CA,34.300976378405124,-119.18541359473312,OXGEN_7_B1
CA,37.490797,-122.38896766,OXMOUNTN_6_N001
BPAT,48.82771472774786,-122.68884766,P66REFIN_LNODEBP1
BPAT,48.82763413610439,-122.68877632140004,P66REFIN_LNODEBP2
BPAT,48.82763413610439,-122.68891767859996,P66REFIN_LNODEBP3
NV,36.220927999987175,-114.88956750654864,PABCO_LNODE-2
SRP,33.24547699998848,-111.83304943880884,PACE_SR_LNODELD2
SRP,33.24547699998848,-111.83315656119116,PACE_SR_LNODELD3
CA,32.799218999988646,-117.24014772581533,PACFCBCH_6_N001
CA,32.799218999988646,-117.2402542741847,PACFCBCH_6_N004
CA,37.59458399998625,-122.48892793722666,PACIFICA_6_N001
CA,37.59458399998625,-122.48904206277335,PACIFICA_6_N003
BPAT,46.178775,-123.00481766,PACIF_BP_LNODEWAY
BPAT,46.60369,-121.6586866,PACKWDHY_6_G01GNODE
CA,40.481389,-124.10444466,PACLUMB_7_N002
CA,34.120216,-117.63907666,PADUA_6_N001
CA,34.120215999951775,-117.63896695516098,PADUA_6_N004
CA,34.12012572587024,-117.63907666,PADUA_6_N006
CA,34.120215999951775,-117.63918504483902,PADUA_6_N007
CA,34.12030627412968,-117.63907666,PADUA_6_N008
PSE,48.478056,-122.54888966,PAD_LNODEXF1
CA,33.35594,-117.11209666,PALA_6_N001
CA,34.825223,-120.29895366,PALMR_1_N001
CA,33.12281772819047,-117.28792566,PALOMAR_1_N001
CA,33.1227371358924,-117.28786944194597,PALOMAR_1_N004
CA,33.1227371358924,-117.28798055805403,PALOMAR_1_N013
AVA,46.8951,-117.074966,PALOUSE_1_1_2LNODE
SRP,33.384633,-112.85893566,PALVE_SR_LNODENK5
AVA,46.895101,-117.0749666,PAL_WIND_2_WINDGNODE
CA,33.97,-116.6766,PANAERO_1_N001
CA,35.295514,-119.02152566,PANAMA_6_N001
CA,40.434409,-122.267966,PANRAMA_1_N001
PSE,47.43,-122.18194466,PAN_LNODEXF1
CA,39.761503999985415,-121.61857563489417,PARADISE_1_N001
CA,39.761503999985415,-121.61869236510597,PARADISX_6_N001
CA,32.70445,-117.04981466,PARADISX_6_N004
BPAT,44.121992,-123.1907566,PARKE_BP_LNODEANE
SRP,33.403158,-111.99637266,PARKE_SR_LNODELD4
CA,38.17,-122.2566,PARKWAY_2_N001
NWMT,45.632247,-108.92235366,PARK_CTY_LNODEOAD
NV,39.55683799998551,-119.54003989129185,PATRICK_LNODE25
NV,39.55683799998551,-119.54015610870816,PATRICK_LNODEET
NV,39.621437637560526,-119.20868237097724,PATUA_GNODEIT
BPAT,45.606396,-120.61728766,PATUWIND_1_G01GNODE
PSE,47.003552,-122.75490466,PAT_LNODEXF1
CA,36.99234705413821,-121.98202825128298,PAULSWT_1_N001
CA,36.9921669457552,-121.98202825154999,PAULSWT_1_N004
CA,36.9921669457552,-121.98225374845002,PAULSWT_1_N013
CA,36.99234705413821,-121.98225374871704,PAULSWT_1_N101
NV,36.12943699998724,-115.12760757609824,PAWNEE_LNODE-1
NV,36.12943699998724,-115.12771842390178,PAWNEE_LNODE-2
APS,33.59516779171067,-112.23292908066966,PA_LNODE10A
APS,33.59508999995319,-112.23287516143667,PA_LNODE12A
APS,33.595012208265835,-112.23292908076692,PA_LNODE13A
APS,33.595012208265835,-112.23303691923307,PA_LNODER2A
APS,33.59508999995319,-112.23309083856341,PA_LNODER4A
APS,33.59516779171067,-112.23303691933033,PA_LNODER6A
PGE,45.61247299992857,-122.7676260049653,PBTR_LNODESHF
APS,33.48378584170607,-111.94109266,PB_LNODER1A
APS,33.4837050791344,-111.94103609365142,PB_LNODER2A
APS,33.4837050791344,-111.94114790634866,PB_LNODER9A
IPCO,42.945838,-114.63035666,PCKT_LNODE131
APS,33.47867199998836,-112.39174020951185,PCK_LNODER5A
APS,33.47867199998836,-112.39184779048814,PCK_LNODER6A
PSE,47.495555999980624,-122.19465516246883,PCR_LNODEXF1
PSE,47.495555999980624,-122.19478883753116,PCR_LNODEXF2
PNM,32.71,-108.3166,PDTYRONE_LNODERONE
APS,33.625227,-112.00890466,PD_LNODE10A
APS,33.62522699995316,-112.00879609264409,PD_LNODE14A
APS,33.62513714792529,-112.00879609275664,PD_LNODE17A
APS,33.62507361298993,-112.00887239472348,PD_LNODE19A
APS,33.625058418815726,-112.0089787478555,PD_LNODER1A
APS,33.62508953920344,-112.00907997608418,PD_LNODER2A
APS,33.62515506998295,-112.00915380339563,PD_LNODER6A
APS,33.62523998793636,-112.00918906964617,PD_LNODER9A
CA,38.28558699998594,-121.97025256896056,PEABODY_2_N002
CA,38.28558699998594,-121.97036743103946,PEABODY_2_N006
CA,38.317439,-121.83412266,PEABODY_2_N024
NV,36.11018571838103,-115.31437366,PEACE_LNODE-1
NV,36.11010514079566,-115.31431541577997,PEACE_LNODE-2
NV,36.11010514079566,-115.31443058422003,PEACE_LNODE-3
CA,39.3784769999856,-121.68494608007006,PEACHTON_6_N001
CA,39.3784769999856,-121.68506191992995,PEACHTON_6_N004
CA,34.508884,-117.91840866,PEARBLSM_2_N020
CA,34.508883999950896,-117.91829825412502,PEARBMAP_7_B1
CA,34.50879356514072,-117.91829825424412,PEARBMAP_7_B3
CA,34.50872961811796,-117.91837585623696,PEARBMAP_7_B4
CA,34.50871432539329,-117.91848402139898,PEARBMBP_7_B1
CA,34.50874564762435,-117.91858697434263,PEARBMBP_7_B3
CA,34.5088116034329,-117.91866205952239,PEARBMBP_7_B4
CA,34.50889707216307,-117.91869792664748,PEARBMCP_7_B1
CA,34.50898737191128,-117.91869193094362,PEARBMCP_7_B3
CA,34.50907009278566,-117.91864757930027,PEARBMDP_7_B1
NV,36.11669171827562,-115.09854966,PEARLN_LNODE-1
NV,36.11661114084844,-115.09849141112238,PEARLN_LNODE-2
NV,36.11661114084844,-115.09860658887763,PEARLN_LNODE-3
BPAT,45.32933999998226,-122.77685329374064,PEARL_LNODEERV
BPAT,45.32933999998226,-122.77698070625938,PEARL_LNODERV2
CA,39.17010299998576,-121.66113925312504,PEASE_1_N001
CA,39.17010299998576,-121.66125474687496,PEASE_1_N009
PSE,47.294722,-122.24027866,PEA_LNODEXF1
NV,36.027082723753814,-115.11922466,PEBBLE_LNODE-1
NV,36.02700213810934,-115.1191664708292,PEBBLE_LNODE-2
NV,36.02700213810934,-115.11928152917082,PEBBLE_LNODE-3
NV,36.275599,-115.09574966,PECOS_LNODE-6
TPWR,46.3291,-119.118566,PECTP_7_GENGNODE
SCL,46.378,-119.25566,PEC_1_GEN166GNODE
CA,33.30925299998849,-117.33497838071027,PENDLETN_6_N001
CA,33.30925299998849,-117.33508561928987,PENDLETN_6_N004
BPAT,45.677397,-118.75700466,PENDL_BP_LNODELLA
SRP,33.466336,-112.31357666,PENDRGST_LNODELD2
CA,38.315547,-122.68111966,PENNGRVE_1_N001
CA,38.8444299999859,-121.16613942513399,PENRYN_6_N001
CA,38.8444299999859,-121.16625457486603,PENRYN_6_N004
CA,37.890419,-120.5291266,PEORIA_7_N003
SRP,33.463219,-111.93947766,PERA_LNODELD2
CA,34.355793,-116.85594766,PERMNNTE_6_N002
CA,35.570805,-121.05586866,PERRY_6_N001
PNM,35.027677,-106.64224766,PERSON_1_RIOBRAVOGNODE
NWMT,45.137869,-112.68257166,PETERSEN_LNODEOAD
CA,38.234002,-122.63628566,PETLMAA_6_N001
CA,38.2390641182539,-122.63680466,PETLMAC_6_N002
CA,38.23898294085798,-122.63674432895719,PETLMAC_6_N003
CA,38.23898294085798,-122.63686367104286,PETLMAC_6_N004
PSE,48.421667,-122.47055666,PET_LNODEXF1
BPAT,46.559852,-123.30047166,PE_ELL_LNODE115
TEPC,32.07056740995586,-110.81323977353547,PFS_7_PRAIRE_FIREGNODE
APS,34.749614,-112.45270966,PF_LNODEMR4
PSE,47.854722,-122.60666766,PGA_LNODEXF1
BPAT,46.57039,-117.82872266,PHALGLCH_2_Z1GNODE
PSE,47.595833,-122.13222266,PHA_LNODEXF1
CA,37.34,-122.0366,PHILLIPS_1_N001
CA,39.063719,-123.43752466,PHILO_6_N001
CA,38.444858011537114,-120.51686166,PHOENIX_7_N001
NV,40.513111,-117.13763466,PHOENIX_LNODE52
PGE,45.449074,-122.15125666,PHP1_7_GNODE1
PGE,45.481761,-122.08319366,PHP2_7_GNODE2
SRP,33.294013,-111.12250666,PICKET_LNODELD3
SRP,33.400607806038295,-111.96033266,PICKR_SR_LNODELD2
SRP,33.400527096968396,-111.96027618422718,PICKR_SR_LNODELD3
SRP,33.400527096968396,-111.96038781577283,PICKR_SR_LNODELD4
CA,33.45676299998844,-117.58919323286268,PICO_1_N001
CA,33.45676299998844,-117.58930076713733,PICO_1_N004
SRP,33.48992815890253,-111.95024910430092,PICO_SR_LNODELD1
SRP,33.49001297188313,-111.95028427185417,PICO_SR_LNODELD2
CA,37.28,-121.8366,PIERCY_1_N201
CA,39.438734,-120.99784766,PIKECTY_6_N001
PSE,47.548056,-122.04305666,PIK_LNODEXF2
SRP,33.47965499998835,-112.42642220845678,PIMA_SR_LNODELD2
SRP,33.47965499998835,-112.42652979154323,PIMA_SR_LNODELD3
SRP,33.40423899998841,-110.82172528747624,PINALAPS_LNODED21
SRP,33.40423899998841,-110.82183271252377,PINALAPS_LNODEDHG
SRP,33.37902499998846,-110.90689831295437,PINAL_SR_LNODELD2
SRP,33.37902499998846,-110.90700568704571,PINAL_SR_LNODELD3
TEPC,32.99858611,-111.805463966,PINAL_WE_LNODE14T1
AVA,47.5396,-116.230266,PINECRK_1_13_1LNODE
NWMT,45.51119,-110.61473366,PINECR_R_LNODEOAD
CA,36.8300539446402,-119.3166,PINEFLT_7_B1
CA,36.829973027665574,-119.30994163370272,PINEFLT_7_B3
CA,36.829973027665574,-119.31005836629737,PINEFLT_7_B4
NV,38.896337,-119.69609766,PINENUT_LNODE27
BPAT,45.445785,-121.12813266,PINEO_BP_LNODEFMR
AVA,48.18133280267,-117.0401450070512,PINE_ST_1_XF1LNODE
SRP,33.62521504437511,-111.71737107030722,PINKRTON_LNODELD2
SRP,33.3945238036178,-110.96466,PINTO_SR_LNODELD1
SRP,33.39444309817868,-110.96394419064545,PINTO_SR_LNODELD2
SRP,33.39444309817868,-110.96405580935456,PINTO_SR_LNODELD3
PSE,47.583056,-122.03611166,PIN_LNODEXF2
TIDC,37.39756017328021,-120.72706416089727,PIONEER_LNODEBUS
TIDC,37.39756017322573,-120.72695042442129,PIONEER_LNODEDR1
TIDC,37.3974698163648,-120.72695042455847,PIONEER_LNODEDR2
TIDC,37.3974059244655,-120.72703084832322,PIONEER_LNODEDR3
TIDC,37.39739064492007,-120.72714294658331,PIONEER_LNODEDR4
TIDC,37.39742194014138,-120.72724964310565,PIONEER_LNODEDR5
TIDC,37.397487839085414,-120.72732745855616,PIONEER_LNODEDR6
TIDC,37.39757323413797,-120.72736462991926,PIONEER_LNODEDR7
TIDC,37.397663456054794,-120.72735841623377,PIONEER_LNODEDR8
TIDC,37.39774610563929,-120.72731245188832,PIONEER_LNODEDR9
TIDC,37.397811856418734,-120.72723443776907,PIONEER_LNODER15
TPWR,47.08925,-122.370266,PIPELINE_BKLNODE
PSE,47.358611,-122.07027866,PIP_LNODEXF2
CA,38.030761,-121.86920166,PIT1U1_7_B1
CA,38.030760999944285,-121.86908630788744,PIT1U1_7_B2
CA,38.030670659249246,-121.86908630802888,PIT1_6_N001
CA,41.0299999999845,-121.42605992105177,PIT1_6_N012
CA,38.030606778782065,-121.86916740752872,PIT3_7_N001
CA,38.030591501969816,-121.8692804476551,PIT5_7_B1
CA,38.03062279158937,-121.86938804065916,PIT5_7_N001
CA,38.030688678739935,-121.86946650993269,PIT6U1_7_B1
CA,38.03077405851228,-121.86950399362412,PIT6U2_7_B1
CA,38.03086426428773,-121.86949772773815,PIT7U1_7_B1
CA,38.03094689908763,-121.86945137719594,PIT7U2_7_B1
CA,34.42221,-118.57227666,PITCHGEN_7_B1
CA,38.03101263810665,-121.86937270758541,PITSBURG_1_N001
CA,38.031055408073875,-121.86927168277056,PITTSBRG_6_N101
APS,35.26707,-111.95197666,PK_LNODE14A
CA,38.73027886166341,-120.78804766,PLACERVL_1_N001
CA,38.901310999985846,-121.08802340262967,PLACER_1_N001
CA,38.901310999985846,-121.08813859737036,PLACER_7_N009
CA,38.61887,-121.79397666,PLAINFLD_6_N001
NWMT,47.509959,-114.93029866,PLAINS_LNODEMPC
TPWR,47.1682,-122.5163666,PLAZA_FDR1LNODE
PSE,47.616944,-122.032566,PLA_LNODEXF2
CA,38.73019806915308,-120.78798720571302,PLCRVLB2_7_N001
CA,38.73019806915308,-120.78810679428697,PLCRVLB2_7_N002
AVA,47.7313,-117.001166,PLESNTVW_1_1LNODE
PSE,47.069898,-122.83152466,PLG_LNODEXF1
APS,32.940643999988644,-112.87335565836946,PLM_LNODER1A
APS,32.940643999988644,-112.87346234163054,PLM_LNODER3A
CA,33.35593999995379,-117.11198867166294,PLOALTO_1_N001
CA,33.35585035175989,-117.11209666,PLOALTO_1_N007
CA,33.35593999995379,-117.11220332833706,PLOALTO_1_N013
CA,33.35602964824011,-117.11209666,PLOALTO_1_N019
CA,39.026121,-121.5430866,PLUMAS_6_N001
AVA,47.33755423768896,-116.888766,PLUMMER_1_1GNODE
AVA,47.33747288113464,-116.8886306880908,PLUMMER_7_KEC_LDLNODE
AVA,47.33747288113464,-116.88876931190921,PLUMMER_7_PLUMMER_LDLNODE
PSE,47.043889,-122.89361166,PLU_LNODEXF2
BPAT,45.933433,-119.40804466,PLYMB_BP_LNODEUTH
PSE,48.768333,-122.4766,PLY_LNODEXF1
APS,33.38472179977626,-112.85916366,PL_GNODEPLST1
APS,33.38464110009937,-112.85910720092247,PL_GNODEPLST2
APS,33.38464110009937,-112.85921879907767,PL_GNODEPLST3
PSE,47.679722,-122.54055666,PMA_LNODEXF1
NV,36.022008,-114.81276366,PMPPLTP_LNODE-1
NV,36.02200799994914,-114.81265229091852,PMPPLTP_LNODE-2
PGE,45.594425,-122.7203666,PMTH_LNODEWR1
CA,36.829999999986725,-119.82994383698444,PNEDLE_1_N001
CA,36.829999999986725,-119.83005616301557,PNEDLE_1_N002
CA,38.41271199998601,-120.66022453876782,PNEGRVE_6_N001
CA,38.41271199998601,-120.66033946123227,PNEGRVE_6_N002
IPCO,43.11056899998347,-112.57343842401684,PNGE_LNODE132
IPCO,43.11056899998347,-112.57356157598319,PNGE_LNODE133
PGE,44.69475702952913,-121.23078266,PNP1_2_GNODE1
PGE,44.69467598521653,-121.23071617743747,PNP1_2_GNODE2
PGE,44.69467598521653,-121.23084782256255,PNP1_2_GNODE3
APS,33.7977599478436,-112.12779484491142,PNR_LNODE10A
APS,33.79768199995266,-112.12774068992145,PNR_LNODE12A
APS,33.7976040521327,-112.12779484501004,PNR_LNODE17A
APS,33.7976040521327,-112.12790315498995,PNR_LNODE20A
APS,33.79768199995266,-112.12795731007854,PNR_LNODE21A
APS,33.7977599478436,-112.1279031550886,PNR_LNODE22A
CA,38.912571,-123.67949566,PNTARNA_6_N001
IPCO,42.79874399998378,-112.36483090283943,PNUF_LNODE41A
IPCO,42.79874399998378,-112.36495309716058,PNUF_LNODE42A
CA,39.716095318382706,-121.52100969484766,POE1_7_B1
CA,39.716095318382706,-121.52112630515235,POE2_7_B1
CA,32.741557583654846,-117.23325749458253,POINTLMA_6_N001
CA,32.74137841625509,-117.2332574947967,POINTLMA_6_N013
CA,32.74137841625509,-117.23347050520337,POINTLMA_6_N014
CA,32.741557583654846,-117.23347050541747,POINTLMA_6_N021
NV,36.108880718407704,-115.1847666,POLARIS_LNODE-1
NV,36.108800140782286,-115.18470241670809,POLARIS_LNODE-2
NV,36.108800140782286,-115.18481758329193,POLARIS_LNODE-3
TPWR,47.16895043504436,-122.39771697564485,POLK_FDR1LNODE
TPWR,47.16876956480166,-122.39771697609784,POLK_FDR2LNODE
TPWR,47.16876956480166,-122.39798302390217,POLK_FDR3LNODE
TPWR,47.16895043504436,-122.39798302435517,POLK_FDR4LNODE
CA,38.57552299994369,-121.49770299452835,POLPASPP_6_N002
CA,32.941482719314884,-117.03288266,POMERADO_6_N001
CA,32.9414021403303,-117.03282656531631,POMERADO_6_N004
CA,32.9414021403303,-117.0329374346837,POMERADO_6_N008
BPAT,46.368608,-117.57842566,POMEY_BP_LNODEINL
NWMT,48.09447,-112.11277366,PONDERA_LNODEOAD
BPAT,48.101053,-123.41817566,PORTA_BP_LNODESS
BPAT,48.10105299992149,-123.41804051190006,PORTA_BP_LNODETY1
BPAT,48.10096318622976,-123.41804051213502,PORTA_BP_LNODETY2
BPAT,48.100899678431006,-123.41813560946566,PORTA_BP_LNODEUM2
BPAT,48.100884490727104,-123.41826816031974,PORTA_BP_LNODEUSP
BPAT,48.100915597768044,-123.41839432391451,PORTA_BP_LNODEUST
BPAT,48.10098110050294,-123.41848633711717,PORTA_BP_LNODEUSU
BPAT,48.101065982174255,-123.41853029069024,PORTA_BP_LNODEUSW
BPAT,48.10115566174005,-123.41852294348328,PORTA_BP_LNODEUSY
BPAT,46.0307,-122.867766,PORTK_BP_LNODEFMR
TPWR,47.229480426809225,-122.40753683592717,PORTLND_FDR1LNODE
TPWR,47.229299573036485,-122.40753683638158,PORTLND_FDR2LNODE
TPWR,47.229299573036485,-122.40780316361845,PORTLND_FDR3LNODE
TPWR,47.229480426809225,-122.40780316407283,PORTLND_FDR4LNODE
NV,39.803943999985336,-120.46453157749829,PORTOLA_LNODE31
NV,39.803943999985336,-120.46464842250171,PORTOLA_LNODE32
BPAT,42.769079,-124.46594766,PORTO_BP_LNODEOOS
BPAT,48.101237814533654,-123.41846859289151,PORT_ANG_6_G01GNODE
CA,35.559194,-118.95750166,POSOMT_1_N001
AVA,47.709078080910096,-116.96093300585599,POSTFALL_1_1GNODE
AVA,47.70899999992203,-116.96086601191274,POSTFALL_1_1LNODE
AVA,47.70892191905096,-116.96093300605673,POSTFALL_1_2GNODE
AVA,47.70892191905096,-116.96106699394329,POSTFALL_1_3GNODE
AVA,47.70899999992203,-116.96113398808728,POSTFALL_1_4GNODE
AVA,47.709078080910096,-116.96106699414466,POSTFALL_1_5GNODE
CA,39.11,-121.6466,POST_1_N001
AVA,47.66139019899997,-117.42376607626586,POST_ST_7_BUSA_LDLNODE
AVA,47.661209800844176,-117.42376607672864,POST_ST_7_BUSB_LDLNODE
AVA,47.661209800844176,-117.42403392327138,POST_ST_7_BUSC_LDLNODE
AVA,47.66139019899997,-117.42403392373414,POST_ST_7_BUSD_LDLNODE
AVA,46.9263,-116.905166,POTLATCH_1_POTLATCHLNODE
BPAT,47.3833869999806,-123.1864062605311,POTLA_BP_LNODEN31
BPAT,47.3833869999806,-123.18653973946891,POTLA_BP_LNODESN1
CA,37.46005423161257,-122.466,POTRERO_1_N001
CA,37.45997288417899,-122.39994083241325,POTRERO_1_N013
CA,37.45997288417899,-122.40005916758676,POTRERO_1_N016
SRP,33.35855599998845,-111.64697633326122,POTTE_SR_LNODELD1
SRP,33.35855599998845,-111.64708366673878,POTTE_SR_LNODELD2
CA,39.361768,-123.1280666,POTTRVLY_7_N002
PSE,48.335833,-122.66416766,POT_LNODEXF1
AVA,46.39669999998148,-117.06553472453008,POUNDLN_1_1LNODE
AVA,46.39669999998148,-117.06566527546991,POUNDLN_1_2LNODE
PSE,47.741944,-122.65638966,POU_LNODEXF1
CA,32.978722999988655,-117.03130363648789,POWAY_6_N001
CA,32.978722999988655,-117.03141036351212,POWAY_6_N010
NWMT,47.719635,-111.66728766,POWER_LNODEOAD
LADWP,34.59026131985074,-118.45462107265756,PP1_LNODEOAD
LADWP,34.590182999950734,-118.45456614541855,PP1_PP2_GNODE1A
LADWP,34.590104680124576,-118.45462107276107,PP1_PP2_GNODE3
LADWP,34.590104680124576,-118.45473092723894,PP1_PP2_GNODE4
LADWP,34.590182999950734,-118.45478585458144,PP1_PP2_GNODE5A
LADWP,34.59026131985074,-118.45473092734257,PP1_PP2_LNODELMW
LADWP,34.534337,-118.52511366,PP2_GNODE1
LADWP,34.53433699995089,-118.52500321857235,PP2_GNODE2
LADWP,34.534246563531276,-118.52511366,PP2_GNODE3
LADWP,34.53433699995089,-118.52522278142764,PP2_LNODEAUX
LADWP,34.534427436468654,-118.52511366,PP2_LNODEOAD
PGE,45.570942,-122.68189266,PPRK_LNODEWR1
CA,38.01999999998606,-122.36994265860079,PPSTLTAP_1_N001
CA,38.01999999998606,-122.37005734139926,PPSTLTAP_1_N104
BPAT,44.1037067,-123.157896266,PRAIE_BP_LNODEFMR
AVA,47.729999999980535,-116.89503299209994,PRAIRIE_1_1LNODE
AVA,47.729999999980535,-116.89516700790007,PRAIRIE_1_2LNODE
BPAT,47.73,-116.89566,PRAIR_BP_LNODERIE
TPWR,46.64449,-119.9095966,PRAPTP_7_GENGNODE
PGE,46.64499999998114,-119.90806572615419,PRAP_2_GNODE1
CA,37.99999999998611,-121.80994266753221,PRAXAIR_1_B1
NWMT,46.028684,-112.5097366,PRCPTATA_LNODEOAD
CA,32.665044,-116.98680166,PRCTRVLY_1_N001
NWMT,45.701714,-109.40846366,PRC_GDRD_LNODEOAD
NWMT,45.691754,-109.36859966,PRC_PUMP_LNODEOAD
PSE,47.490278000000004,-122.16566,PRE_LNODEXF1
PGE,45.44742599998226,-122.78436018509791,PRGS_LNODEWR1
PGE,45.44742599998226,-122.78448781490209,PRGS_LNODEWR2
AVA,48.1794,-116.913466,PRIESTRV_1_BPAT_PRIESTRVLNODE
BPAT,48.216315,-116.86508466,PRIES_BP_LNODE115
NV,36.1592609999872,-115.08422355448667,PRINCE_LNODE-1
NV,36.1592609999872,-115.08433444551339,PRINCE_LNODE-2
SRP,33.57125619380391,-112.10927721521456,PRING_SR_LNODELD2
SRP,33.57119269130943,-112.10935343059047,PRING_SR_LNODELD3
SRP,33.57117750489341,-112.1094596630285,PRING_SR_LNODELD4
PSE,46.98435999998097,-122.93505572936074,PRI_LNODEXF1
PSE,46.98435999998097,-122.93518827063927,PRI_LNODEXF2
APS,35.41368,-112.21300966,PRNX_GNODERANCH
CA,34.3007956214976,-119.18541359496858,PROCGEN_7_B1
NV,36.087355,-115.18725966,PROCYON_LNODE-2
PNM,35.28228,-106.80821966,PROGRESS_1_SANDOVALPVGNODE
BPAT,46.21155786928862,-119.76646613052243,PROSS_BP_LNODEREA
BPAT,46.21137813056434,-119.76646613094745,PROSS_BP_LNODERFR
BPAT,46.21137813056434,-119.76672586905256,PROSS_BP_LNODEUD1
BPAT,46.21155786928862,-119.76672586947758,PROSS_BP_LNODEUD2
TEPC,32.40145635618884,-111.12626703740406,PRS_7_PICTURE_ROCKSGNODE
CA,36.785518920972784,-121.67105166,PRUNEDLE_1_N001
CA,36.785438039499425,-121.6709926932338,PRUNEDLE_1_N002
CA,36.785438039499425,-121.67110930676621,PRUNEDLE_1_N004
NWMT,45.771429,-108.29039866,PRYOR_CR_LNODEOAD
NWMT,45.767871,-108.37930466,PRYOR_LNODEOAD
APS,34.26199399998784,-111.18187333393375,PR_LNODER2A
APS,34.26199399998784,-111.18198266606626,PR_LNODER6A
CA,35.61564884893555,-120.6798966,PSARBLS_6_N001
CA,35.61556807551859,-120.67983263488163,PSARBLS_6_N005
CA,35.61556807551859,-120.67994736511838,PSARBLS_6_N007
CA,35.41916699998742,-118.92577783331387,PSE-BEAR_7_B1
CA,35.41916699998742,-118.92588816668615,PSE-LVOK_7_B1
CA,35.319444,-119.66222266,PSEMCKIT_7_B1
IPCO,43.792039,-116.9417666,PSWP_GNODESWP
CA,37.030856,-122.18763966,PTMRTTI_6_N001
NWMT,44.987942,-112.97662866,PTRSN_SA_LNODEOAD
LADWP,35.248006,-118.17535666,PTR_PP_GNODEA
LADWP,35.24800599995,-118.17524571097996,PTR_PP_GNODEB
LADWP,35.24791593113799,-118.17524571110249,PTR_PP_GNODEC
LADWP,35.24785224291597,-118.17532369715519,PTR_PP_GNODED
LADWP,35.24793389642246,-118.17561131688711,PTR_PP_GNODEF
LADWP,35.24801901925079,-118.17564736152917,PTR_PP_LNODEROM
CA,38.0310721947884,-121.86915898759821,PTS7SWNG_7_B2
CA,38.03106264179966,-121.8690449380433,PTSB5_7_B2
CA,38.03102854796462,-121.86893872657579,PTSB6_7_B2
APS,33.20287099998852,-112.66701947542523,PTS_LNODE12A
APS,33.20287099998852,-112.66712652457475,PTS_LNODE14A
APS,33.660221,-112.23721566,PT_LNODEM11
NWMT,45.39278,-112.42846166,PT_ROCKS_LNODEOAD
CA,38.345348999986,-122.29956355419145,PUEBLOPG_1_N001
CA,38.345348999986,-122.29967844580855,PUEBLOPG_1_N010
NV,36.02191845947365,-114.81276366,PUMPPLT3_LNODE-1
NV,36.02200799994914,-114.8128737090815,PUMPPLT5_LNODE-1
NV,36.02209754052638,-114.81276366,PUMPPLT6_LNODE-1
NV,40.57955799998474,-119.34085750295266,PURGATRY_LNODE1I
CA,34.700622,-120.43526166,PURISIMA_1_N001
APS,34.887950999987545,-112.47049893207439,PU_LNODER2A
APS,34.887950999987545,-112.47060906792562,PU_LNODER4A
PGE,45.46007499998221,-122.48624117239406,PVLY_LNODEWR1
PGE,45.46007499998221,-122.48636882760594,PVLY_LNODEWR2
APS,33.505401,-112.42566166,PV_LNODE10A
APS,33.50540099995349,-112.42555336121461,PV_LNODE13A
APS,33.50531124714363,-112.42566166,PV_LNODER1A
APS,33.50540099995349,-112.4257686387854,PV_LNODER2A
APS,33.505490752856396,-112.42566166,PV_LNODER9A
PGE,46.17816,-123.17328366,PWP1_2_GNODECTG
PGE,46.178159999926606,-123.17315325122098,PWP1_2_GNODESTG
PGE,46.178088079131804,-123.17358336571625,PWP2_2_GNODE2
PGE,46.17817298607348,-123.1736257703456,PWP2_2_GNODE3
PGE,46.178262692327884,-123.17361868201422,PWP2_2_GNODE4
PGE,46.17834486956163,-123.17356624669877,PWP2_2_GNODE5
PGE,46.178410244587724,-123.17347724940322,PWP2_2_GNODE6
PGE,46.178452777744155,-123.17336296203872,PWP2_2_GNODE7
PGE,46.17846947150453,-123.17323547218632,PWP2_2_GNODE8
PGE,46.178459971385806,-123.17310645014868,PWP2_2_GNODE9
PGE,46.1787,-123.172366,PWP2_LNODE116
PGE,46.17869999992662,-123.17217024927596,PWP2_LNODE120
PGE,46.17862219549193,-123.17223512472978,PWP2_LNODE216
PGE,46.17862219549193,-123.17236487527023,PWP2_LNODE316
PGE,46.17869999992662,-123.17242975072405,PWP2_LNODE320
PGE,46.17877780447138,-123.17236487545382,PWP2_LNODE416
PGE,46.17877780447138,-123.17223512454619,PWP2_LNODE602
PNM,32.23751495052223,-108.54844365585339,PYGS_1_PYRAMID A1GNODE
PNM,32.2373350493886,-108.54844365606395,PYGS_1_PYRAMID A2GNODE
PNM,32.2373350493886,-108.54865634393607,PYGS_1_PYRAMID A3GNODE
PNM,32.23751495052223,-108.54865634414665,PYGS_1_PYRAMID A4GNODE
APS,33.741395973227874,-112.19410766,PYR_LNODER1A
APS,33.74131501337331,-112.19405078934297,PYR_LNODER2A
APS,33.74131501337331,-112.1941632106571,PYR_LNODER4A
NWMT,46.32939,-113.29327466,P_BURG_LNODEK1L
BPAT,48.09443999998036,-122.79623276042827,P_TN_MIL_6_G01GNODE
BPAT,48.09443999998036,-122.79636723957182,P_TN_MIL_6_G02GNODE
CA,39.67345,-121.7273666,Q477_7_B1
CA,32.6645,-115.673966,Q510_7_N005
CA,36.136583,-120.34401266,Q633C1_7_N001
PSE,47.121667,-122.637566,QRY_LNODE1
SRP,33.16245699998852,-111.49278650845184,QS_CPXG1GNODE
SRP,33.16245699998852,-111.49289349154817,QS_CPXG2GNODE
APS,34.68937342123181,-111.99230303183451,QS_LNODE10A
APS,34.68919257866933,-111.99230303207474,QS_LNODE14A
APS,34.68919257866933,-111.99252296792525,QS_LNODER2A
APS,34.68937342123181,-111.9925229681655,QS_LNODER6A
NV,36.08401871926896,-115.24182866,QUAIL_LNODE-1
NV,36.0839381403517,-115.24177043400051,QUAIL_LNODE-2
NV,36.0839381403517,-115.24188556599948,QUAIL_LNODE-3
SRP,33.16245899998852,-111.49282750845026,QUAIL_SR_LNODELD1
SRP,33.16245899998852,-111.49293449154976,QUAIL_SR_LNODELD2
BPAT,45.9057,-119.316966,QUARR_BP_LNODERRY
CA,36.07,-119.5666,QUEBEC_1_N001
SRP,33.26671899998845,-111.61339441988542,QUEENCRK_LNODELD3
SRP,33.26671899998845,-111.6135015801146,QUEENCRK_LNODELD4
BPAT,45.63702953661254,-121.20473194436536,QUENETT_LNODEGE1
BPAT,45.63685046324432,-121.2047319447746,QUENETT_LNODEGE2
BPAT,45.63685046324432,-121.20498805522541,QUENETT_LNODELK1
BPAT,45.63702953661254,-121.20498805563463,QUENETT_LNODELK2
BPAT,47.828923,-122.86789566,QUILC_BP_LNODEFMR
APS,32.702562,-114.62081366,QU_LNODE18A
APS,32.70256199995519,-114.62070652001455,QU_LNODE21A
APS,32.702472398516484,-114.62081366,QU_LNODE22A
APS,32.70256199995519,-114.62091947998546,QU_LNODE26A
APS,32.70265160148328,-114.62081366,QU_LNODE30A
NWMT,47.144483,-109.43292666,RADAR_BS_LNODEOAD
CA,37.67264599998626,-121.85946487140775,RADUM_6_N001
CA,37.67264599998626,-121.85957912859227,RADUM_6_N004
IPCO,42.94363,-115.98173166,RAFT_LNODEAFT
NV,39.512512,-118.93154666,RAGTOWN_GNODETS
NV,36.0564499999873,-115.21096162465983,RAILROD_LNODE-1
NV,36.0564499999873,-115.21107237534018,RAILROD_LNODE-2
NWMT,45.675688,-108.73211666,RAILWELD_LNODEOAD
CA,36.709983,-119.53815766,RAINBOW_1_N001
NV,36.1742857193457,-115.23800166,RAINBOW_LNODE-1
NV,36.17420514031338,-115.23794336767538,RAINBOW_LNODE-2
NV,36.17420514031338,-115.23805863232462,RAINBOW_LNODE-3
BPAT,46.07718099998175,-122.93019530449375,RAINR_BP_LNODEPGE
BPAT,46.07718099998175,-122.93032469550627,RAINR_BP_LNODEPUD
PSE,46.891111,-122.69138966,RAI_LNODEXF1
AVA,46.9129,-118.314366,RALSTON_1_BIG_BENDLNODE
CA,39,-120.7166,RALSTON_7_B1
CA,32.595376662064226,-117.05773342439032,RAMCOOY_7_B1
CA,33.014809,-116.8754366,RAMNGEN_7_N003
PGE,45.482452,-122.531866,RAMP_LNODEWR1
BPAT,44.00212199998278,-123.24124913691756,RANBW_BP_LNODEEC2
BPAT,44.00212199998278,-123.24137486308257,RANBW_BP_LNODEXF1
CA,36.700797999986875,-119.75437400116115,RANCHRS_1_N001
CA,35.375699,-117.65586866,RANDSBRG_1_N001
TEPC,32.42516187229403,-110.96981766,RAN_VIST_LNODEDIST1
TEPC,32.42508106384093,-110.96976172793985,RAN_VIST_LNODEDIST2
TEPC,32.42508106384093,-110.96987227206017,RAN_VIST_LNODEDIST4
AVA,47.80389999998049,-116.87043294467406,RATHDRUM_1_13_1LNODE
AVA,47.80389999998049,-116.87056705532595,RATHDRUM_1_13_2LNODE
AVA,47.80379999998049,-116.86673294473715,RATHDRUM_1_1GNODE
AVA,47.80379999998049,-116.86686705526287,RATHDRUM_1_2GNODE
CA,40.145295999985066,-122.21242808907787,RAWSON_6_N001
CA,40.145295999985066,-122.21254591092213,RAWSON_6_N002
SRP,33.17031956043024,-111.00805900435347,RAY_SR_LNODELD1
SRP,33.170140439478224,-111.00805900457203,RAY_SR_LNODELD2
SRP,33.170140439478224,-111.00827299542797,RAY_SR_LNODELD3
SRP,33.17031956043024,-111.00827299564662,RAY_SR_LNODELD4
NWMT,47.539609,-111.19502666,RBOW_GEN_1_RBOWGNODE
PGE,44.60264507817233,-121.2680166,RBP1_2_GNODE1
PGE,44.602563960894926,-121.26794422271817,RBP1_2_GNODE2
PGE,44.602563960894926,-121.26807577728182,RBP1_2_GNODE3
PGE,45.6027,-122.268266,RBSS_LNODEAR4
NWMT,47.070485,-109.34622866,RBYGULCH_LNODEOAD
APS,33.21751199998855,-112.42708546304736,RB_LNODER1A
APS,33.21751199998855,-112.42719253695266,RB_LNODER5A
CA,32.99378371822819,-117.07774566,RCARMEL_6_N001
CA,32.9937031408736,-117.07768953360795,RCARMEL_6_N004
CA,32.9937031408736,-117.07780046639206,RCARMEL_6_N011
IPCO,42.505704,-114.61866466,RCDD_GNODE011
IPCO,42.52685145759147,-114.03726550220672,RCK1_7_WINDGNODE
LADWP,35.236729,-118.05514166,RCW_GNODE1
LADWP,35.236728999949975,-118.05503071404662,RCW_GNODE2
NV,36.657114,-114.63543266,RDGDNR_LNODE_6
BANC,40.508785,-122.4247966,RDGPOWER_1_UNIT6GNODE
PGE,45.330936,-122.509466,RDLD_LNODEWR1
PSE,47.368333,-122.30638966,RDO_LNODEXF1
SCL,46.739,-119.11266,RDSMITH_1_GEN164GNODE
PGE,45.49219172021678,-122.889766,RDVL_LNODEWR1
PGE,45.49211113987233,-122.88963363398403,RDVL_LNODEWR2
PGE,45.49211113987233,-122.88976636601596,RDVL_LNODEWR3
AVA,47.6459,-117.938266,REARDAN_1_XFMRLNODE
BPAT,46.201042,-119.31375966,REATA_LNODEPUD
CA,36.29851,-119.24233666,RECTOR_6_N001
CA,36.2985099999486,-119.24222488019764,RECTOR_6_N004
CA,36.298420443697815,-119.24233666,RECTOR_6_N007
CA,36.2985099999486,-119.24244711980239,RECTOR_6_N008
CA,36.29859955630218,-119.24233666,RECTOR_6_N009
LADWP,35.236638921166886,-118.05514166,REC_LA_GNODEF1
LADWP,35.236728999949975,-118.0552512859534,REC_LA_GNODEF2
LADWP,35.23681907883309,-118.05514166,REC_LA_GNODEF3
CA,40.1825869024183,-122.24461007009666,REDBLFF_6_N001
CA,40.1825869024183,-122.244845929904,REDBLFF_6_N004
CA,40.18276709746204,-122.24484593021722,REDBLFF_6_N005
CA,40.182082,-122.33313466,REDBLFF_6_N008
CA,39.02788699998577,-122.66224734180835,REDBUD_1_N001
CA,39.02788699998577,-122.66236265819168,REDBUD_1_N004
PNM,35.272229,-107.35679366,REDMESA_1_REDMESAWFGNODE
BPAT,44.270279,-121.21102166,REDMO_BP_LNODE2KV
BPAT,44.270278999930504,-121.21089480338159,REDMO_BP_LNODE9KV
BPAT,44.27018863622026,-121.21089480357561,REDMO_BP_LNODEALT
BPAT,44.27012473949151,-121.21098403796324,REDMO_BP_LNODEEC1
BPAT,44.27010945878188,-121.21110841681941,REDMO_BP_LNODEEC2
BPAT,44.27014075634287,-121.21122680218798,REDMO_BP_LNODEERS
BPAT,44.27020666024167,-121.21131314256111,REDMO_BP_LNODEPRI
BPAT,44.27029206174309,-121.21135438624249,REDMO_BP_LNODETTE
CA,33.85261603353437,-118.39378666,REDON5G_7_B1
CA,33.85253498321991,-118.39372965337051,REDON6G_7_B1
CA,33.85253498321991,-118.39384234662948,REDON8G_7_B1
NV,36.13159399998727,-115.33705457456969,REDROCK_LNODE-1
NV,36.13159399998727,-115.33716542543034,REDROCK_LNODE-2
CA,37.490252,-122.21302166,REDWOOD_6_N001
CA,37.49025199994532,-122.21290707079136,REDWOOD_6_N002
CA,37.49016160208324,-122.21302166,REDWOOD_6_N005
CA,37.49025199994532,-122.21313492920869,REDWOOD_6_N006
CA,37.49034239791678,-122.21302166,REDWOOD_6_N007
PSE,47.674721999980505,-122.11548902903695,RED_LNODEXF1
PSE,47.674721999980505,-122.11562297096307,RED_LNODEXF2
CA,36.605116999986976,-119.37580711743972,REEDLEY_1_N001
CA,36.605116999986976,-119.37591888256037,REEDLEY_6_N001
BPAT,43.69571821862541,-124.12470666,REEDP_BP_LNODELIN
BPAT,43.695636890668844,-124.12464105750476,REEDP_BP_LNODEOOP
BPAT,43.695636890668844,-124.12477094249526,REEDP_BP_LNODERV3
NWMT,45.70391173045242,-109.54578166,REED_PNT_LNODEMPC
NWMT,45.70383113475436,-109.54571437040809,REED_PNT_LNODEREA
SRP,33.407849999988436,-111.77500428378681,REED_SR_LNODELD2
SRP,33.407849999988436,-111.7751117162132,REED_SR_LNODELD3
NV,40.581043,-116.87951966,REESERV_LNODE23
PNM,35.171460864300876,-106.60192473314224,REEVES_1_REEVES1GNODE
PNM,35.171460864300876,-106.60214526685779,REEVES_1_REEVES2GNODE
PNM,35.171641135599224,-106.60214526710224,REEVES_1_REEVES3GNODE
PNM,35.168006,-106.60018766,REEVES_1_REEVESPVGNODE
SRP,33.42041,-110.86366,REFIN_SR_LNODEDD1
NV,36.275359,-115.254966,REGENA_LNODE-2
CA,35.409999999987434,-119.16994483454441,RENFRO_1_N001
CA,35.409999999987434,-119.1700551654556,RENFRO_1_N010
NWMT,45.814611,-112.11141266,RENOVA_LNODEOAD
NV,39.51958499998554,-119.82750593364318,RENO_LNODE03
NV,39.51958499998554,-119.82762206635682,RENO_LNODE04
CA,33.91,-116.6766,RENWIND_1_N001
BPAT,48.65003371928608,-118.68500266,REPUB_BP_LNODEPUD
BPAT,48.64995314033535,-118.68493158188289,REPUB_BP_LNODERG1
BPAT,48.64995314033535,-118.68507241811713,REPUB_BP_LNODERG2
BANC,38.79255383289316,-121.38194466,REP_6_CTG1GNODE
BANC,38.7924730835382,-121.38188418547567,REP_6_CTG2GNODE
BANC,38.7924730835382,-121.38200381452447,REP_6_STGGNODE
CA,34.022072120359844,-117.33190966,RERCU1_7_B1
CA,34.021990939807104,-117.33185245039536,RERCU2_7_B1
NWMT,46.877152,-114.0525266,RESV_ST_LNODEK2L
APS,32.68525276610348,-114.49510566,RE_LNODER2A
APS,32.685172116936094,-114.49504967678946,RE_LNODER4A
APS,32.685172116936094,-114.49516032321057,RE_LNODER5A
BPAT,43.32589999998336,-121.13266192685654,RGS_1_ROCKGRDN_G02GNODE
PGE,45.48409,-122.74885666,RHLS_LNODEWR1
PSE,47.150833,-122.16861166,RHO_LNODEXF1
TEPC,32.19205261503205,-110.2042366,RH_3_RED_HORSE_EXPGNODE
APS,33.684654,-111.9209166,RH_LNODE10A
APS,33.68465399995301,-111.920801955186,RH_LNODE12A
APS,33.684576140509904,-111.92085597764192,RH_LNODE13A
APS,33.684576140509904,-111.92096402235809,RH_LNODER1A
APS,33.68465399995301,-111.92101804481403,RH_LNODER2A
APS,33.68473185946659,-111.92096402245596,RH_LNODER4A
APS,33.68473185946659,-111.92085597754406,RH_LNODER6A
CA,39.402805999985674,-122.01287205646443,RICE_6_N002
CA,39.402805999985674,-122.01298794353559,RICE_6_N101
SRP,33.39197980261379,-111.80597566,RICE_SR_LNODELD1
SRP,33.391899098680625,-111.80591919332029,RICE_SR_LNODELD2
SRP,33.391899098680625,-111.80603080667977,RICE_SR_LNODELD3
BPAT,46.261968,-119.28958566,RICHL_BP_LNODECHL
CA,37.92597623462323,-122.36962966,RICHMOND_1_B1
CA,37.92589488267337,-122.36956945615904,RICHMOND_1_N001
CA,37.92589488267337,-122.36968854384095,RICHMOND_1_N004
NV,36.026945,-115.28282666,RILEY_LNODE-2
TEPC,32.29463193953338,-110.98784466,RILLITO_LNODEDIST1
TEPC,32.29455103022138,-110.9877887387822,RILLITO_LNODEDIST2
TEPC,32.29455103022138,-110.98789926121783,RILLITO_LNODEDIST3
NWMT,45.799768,-108.49635966,RIMROCK_LNODEK6H
CA,33.285967608914305,-116.95852280478567,RINCON_1_N001
CA,33.28578839099371,-116.95852280500574,RINCON_1_N003
CA,33.28578839099371,-116.95873719499427,RINCON_6_N001
CA,33.285967608914305,-116.95873719521447,RINCON_6_N008
BPAT,46.505325,-119.13132566,RINGO_BP_LNODENDC
LADWP,34.28105422156671,-118.47966,RIN_SUB_LNODEONA
LADWP,34.28097288920359,-118.47894317065888,RIN_SUB_LNODEONB
LADWP,34.28097288920359,-118.47905682934116,RIN_SUB_LNODEONC
CA,35.44252289360183,-119.26010566010629,RIOBRVO_1_N001
CA,35.44234310629778,-119.26010566035275,RIOBRVO_1_N006
CA,35.44234310629778,-119.26032633964726,RIOBRVQF_6_N001
CA,35.44252289360183,-119.26032633989372,RIOBRVTM_1_N001
CA,40.495382,-124.09927666,RIODELL_6_N001
CA,34.106051999987955,-117.97941549273571,RIOHONDO_6_N001
CA,34.106051999987955,-117.9795245072643,RIOHONDO_6_N004
CA,38.936443,-121.46646966,RIOOSO_1_N033
PNM,35.361472,-106.85593466,RIOPUERC_3_ENCINOPVGNODE
SRP,33.726844,-111.6830266,RIOVE_SR_LNODELD2
APS,33.42842869567606,-111.91098952522226,RIO_LNODE18A
APS,33.42824930423119,-111.91098952544436,RIO_LNODE20A
APS,33.42824930423119,-111.91120447455563,RIO_LNODE26A
APS,33.42842869567606,-111.91120447477776,RIO_LNODE28A
CA,37.72,-121.1366,RIPON_1_N001
BANC,37.731585073986224,-121.12521980016899,RIPON_6_RGSUNIT1GNODE
BANC,37.731585073986224,-121.12533414783167,RIPON_6_RGSUNIT2GNODE
SRP,33.24893899998848,-111.63831243575454,RITTENHS_LNODELD3
SRP,33.24893899998848,-111.63841956424545,RITTENHS_LNODELD4
AVA,47.13239999998077,-118.38593353224715,RITZVILL_1_1LNODE
AVA,47.13239999998077,-118.38606646775288,RITZVILL_1_BBELNODE
PSE,48.504722,-122.24166766,RIT_LNODEXF1
BPAT,44.07561897,-123.116915566,RIVED_BP_LNODEFMR
NV,35.12676599998748,-114.63617787385608,RIVERRD_LNODE-1
NV,35.12676599998748,-114.63628812614391,RIVERRD_LNODE-2
CA,36.902618,-119.77176866,RIVERROC_6_N001
BPAT,45.614053720213604,-122.76866,RIVERTRL_LNODEEMP
BPAT,45.61397313987391,-122.76793348992679,RIVERTRL_LNODEMR1
BPAT,45.61397313987391,-122.76806651007321,RIVERTRL_LNODEMR2
CA,38.01479,-121.79053666,RIVERVG1_7_B1
SRP,33.395614,-112.09011866,RIVER_SR_LNODELD4
PSE,48.442778,-122.33916766,RIVPSE_LNODEXF1
CA,37.76895425952452,-120.90816366,RIVRBANK_1_N001
BPAT,45.161706,-123.25218266,RIVRBEND_1_G01GNODE
CA,34.021990939807104,-117.33196554960466,RIVRSIDE_6_N001
APS,33.65203283435738,-112.30317301549259,RIV_LNODE12A
APS,33.6519549999531,-112.3031190310828,RIV_LNODE13A
APS,33.65187716561918,-112.30317301559026,RIV_LNODE14A
APS,33.65187716561918,-112.30328098440987,RIV_LNODER1A
APS,33.6519549999531,-112.30333496891721,RIV_LNODER2A
APS,33.65203283435738,-112.30328098450742,RIV_LNODER6A
PSE,47.45611099998058,-122.24298919549075,RJN_LNODEXF1
PSE,47.45611099998058,-122.24312280450924,RJN_LNODEXF2
PGE,45.535175718376884,-122.47723466,RKWD_LNODEWR1
PGE,45.535095140792315,-122.47716758555012,RKWD_LNODEWR2
PGE,45.535095140792315,-122.4773004144499,RKWD_LNODEWR3
IPCO,42.700556,-112.89416766,RKWP_GNODEKWP
NWMT,45.190672,-109.24247266,RLODGENS_LNODEK1H
NWMT,45.182304,-109.23567166,RLODGE_R_LNODEOAD
BPAT,43.57079999998312,-119.5445376888807,RLS_1_BESTLANE_G02GNODE
PGE,45.30048,-122.35050266,RMP1_7_GNODE1
PGE,45.30047999992924,-122.35037463532232,RMP1_7_GNODE2
PGE,45.300390413118826,-122.35050266,RMP1_7_GNODE3
PGE,45.30047999992924,-122.35062936467767,RMP1_7_GNODE4
PGE,45.30056958688117,-122.35050266,RMP1_7_GNODE5
NWMT,46.008636,-112.67603866,RMSY_PMP_LNODEOAD
NV,38.980433762472465,-119.92974266,RNDHILL_LNODE02
NV,38.98035311874846,-119.92968210553101,RNDHILL_LNODE11
NV,38.98035311874846,-119.92980189446966,RNDHILL_LNODE31
NWMT,46.440302999981355,-108.5629346439958,RNDUP_LNODENDU
NWMT,46.440302999981355,-108.56306535600423,RNDUP_LNODEOAD
CA,34.590373,-117.43175266,ROADWAY_1_N001
TEPC,32.09933371,-110.858491566,ROBBILLS_LNODEDIST
TEPC,32.254032999988866,-110.75147982712086,ROBERTS_LNODEDIST1
TEPC,32.254032999988866,-110.75158617287914,ROBERTS_LNODEDIST2
NWMT,45.348351,-109.15515966,ROBERT_R_LNODEOAD
NV,36.05127072142317,-115.24242866,ROBINDAL_LNODE-1
NV,36.05119013927465,-115.24237045565239,ROBINDAL_LNODE-2
NV,36.05119013927465,-115.24248554434767,ROBINDAL_LNODE-3
CA,36.979885,-121.86745766,ROBROY_1_N001
BANC,38.896627,-120.3782866,ROB_GNODET
NV,36.110021,-115.0425766,ROCHELLE_LNODE-1
CA,39.71617299994167,-121.52118461043602,ROCKCK1_7_B1
CA,39.716250681588065,-121.52112630528367,ROCKCK2_7_B1
CA,34.933939,-117.69221766,ROCKET_1_N001
AVA,47.46359999998059,-117.15273318910428,ROCKFORD_1_ROCKFORDLNODE
AVA,47.46359999998059,-117.15286681089573,ROCKFORD_1_SETTERSLNODE
CA,38.788043999985874,-121.23171544490323,ROCKLIN_6_N001
CA,38.788043999985874,-121.23183055509676,ROCKLIN_6_N003
NWMT,45.490919,-108.86240866,ROCKVALE_LNODEOAD
PSE,46.82161499998104,-123.03855997619567,ROC_LNODEXF1
PSE,46.82161499998104,-123.0386920238044,ROC_LNODEXF2
TIDC,37.587341764588,-120.93590162612666,ROEDING_LNODEDR1
TIDC,37.5872777703549,-120.93597614342767,ROEDING_LNODEDR2
TIDC,37.5871231822836,-120.93561240966,ROEDING_LNODEDR3
TIDC,37.5870085148256,-120.93598102858566,ROEDING_LNODEDR5
TIDC,37.5871259671814,-120.93579241129267,ROEDING_LNODEDR6
TIDC,37.5871257817397,-120.93569248601867,ROEDING_LNODEDR7
PSE,48.761389,-122.50805666,ROEPSE_LNODEXF1
SRP,33.30635377181019,-111.99507366,ROE_SR_LNODELD1
SRP,33.30627311408246,-111.99501728009923,ROE_SR_LNODELD2
SRP,33.30627311408246,-111.99512871990079,ROE_SR_LNODELD3
TIDC,37.4749114287345,-121.17821832862666,ROGERS_LNODEDR1
TIDC,37.4751811958932,-121.17820680928266,ROGERS_LNODEDR2
TIDC,37.4750639771164,-121.1782170013866,ROGERS_LNODEDR3
TIDC,37.4748414013345,-121.17822506556166,ROGERS_LNODEDR5
TIDC,37.4749721097043,-121.17822042816866,ROGERS_LNODEDR7
CA,37.95526599998612,-121.33253531114549,ROGH-RDY_6_N001
BPAT,42.483781,-124.40705866,ROGUE_LNODECC1
BPAT,42.48378099993598,-124.40693659135647,ROGUE_LNODECC2
BPAT,42.483703460350746,-124.40699729575347,ROGUE_LNODECC3
BPAT,42.483703460350746,-124.40711870424654,ROGUE_LNODECC4
BPAT,42.48378099993598,-124.40717940864354,ROGUE_LNODECC5
BPAT,42.4838585396173,-124.40711870439766,ROGUE_LNODER1
BPAT,42.4838585396173,-124.40699729560299,ROGUE_LNODER2
SRP,33.271087,-111.66866366000001,ROHRI_SR_LNODELD2
CA,39.267835530340065,-120.77613866,ROLLINSF_7_B1
PSE,47.451389,-122.18777866,ROL_LNODEXF1
TPWR,47.199330431733244,-122.40977690436901,ROOSEVLT_FDR1LNODE
TPWR,47.19914956811256,-122.40977690482272,ROOSEVLT_FDR2LNODE
TPWR,47.19914956811256,-122.4100430951773,ROOSEVLT_FDR3LNODE
TPWR,47.199330431733244,-122.41004309563098,ROOSEVLT_FDR4LNODE
SRP,33.66985799998825,-111.16068999479988,ROOSV_SR_LNODEDAU
SRP,33.66985799998825,-111.16079800520015,ROOSV_SR_LNODENSE
AVA,47.2296,-117.430666,ROSALIA_1_XFMRLNODE
NV,36.14316071832029,-115.24565566,ROSANNA_LNODE-1
NV,36.14308014082602,-115.24559739164961,ROSANNA_LNODE-2
NV,36.14308014082602,-115.2457126083504,ROSANNA_LNODE-3
CA,32.84459772910598,-117.23698866,ROSECYN_6_N001
CA,32.84451713543481,-117.23693261581597,ROSECYN_6_N017
CA,35.37703397144563,-119.07797166,ROSEDAL_1_N001
BANC,37.68013999998623,-120.94014286544197,ROSELE_LNODEHMV
BANC,37.68013999998623,-120.94025713455805,ROSELE_LNODERLV
BANC,37.64253,-121.042366,ROSEMR_LNODEAEI
CA,32.84451713543481,-117.23704338418403,ROSE_6_N001
NWMT,47.084446,-109.6508566,ROSSFORK_LNODEOAD
CA,37.86470199998613,-122.08030973806707,ROSSMOOR_2_N001
CA,37.86470199998613,-122.08042426193293,ROSSMOOR_2_N101
AVA,47.677799999980536,-117.38653302693892,ROSSPARK_1_13_1LNODE
AVA,47.677799999980536,-117.38666697306108,ROSSPARK_1_13_2LNODE
SCL,48.730001536498285,-121.07122813284812,ROSSSCL_LNODE345
SCL,48.72992399992033,-121.07116026590556,ROSSSCL_LNODE346
BPAT,45.661477,-122.65934166,ROSS_BP_LNODEA29
BPAT,45.66147699992844,-122.65921288239032,ROSS_BP_LNODEEST
BPAT,45.66138745907331,-122.65934166,ROSS_BP_LNODEFMR
BPAT,45.66147699992844,-122.65946911760976,ROSS_BP_LNODEITE
BPAT,45.661566540926685,-122.65934166,ROSS_BP_LNODESS
SCL,48.7298464634619,-121.07122813305743,ROSS_SCL_2_GEN41GNODE
SCL,48.7298464634619,-121.07136386694259,ROSS_SCL_2_GEN42GNODE
SCL,48.72992399992033,-121.07143173409446,ROSS_SCL_2_GEN43GNODE
SCL,48.730001536498285,-121.07136386715187,ROSS_SCL_2_GEN44GNODE
PSE,47.674167,-122.15777866,ROS_LNODEXF1
SRP,33.246675754069244,-111.88513966,ROTH_SR_LNODELD1
SRP,33.24659512295294,-111.88508333654603,ROTH_SR_LNODELD2
SRP,33.24659512295294,-111.88519466345397,ROTH_SR_LNODELD3
BPAT,45.638202999982134,-118.74622597070434,ROUND_BP_LNODE4GND
BPAT,45.638202999982134,-118.74635402929567,ROUND_BP_LNODEAGND
SRP,33.53067599998835,-112.26070815288335,ROVEY_SR_LNODELD1
SRP,33.53067599998835,-112.26081584711666,ROVEY_SR_LNODELD2
AVA,46.9552,-118.832766,ROXBORO_1_ROXBOROLNODE
BPAT,46.618321,-120.47831766,ROZA_1_PH1GNODE
BANC,38.81055599998587,-121.32355343729283,RPP2_6_CTG1GNODE
BANC,38.81055599998587,-121.32366856270718,RPP2_6_CTG2GNODE
PSE,47.56944399998059,-122.66048910444296,RPT_LNODEXF1
PSE,47.56944399998059,-122.66062289555705,RPT_LNODEXF2
IPCO,43.999006,-117.10201366,RRSR_GNODERSR
TEPC,31.508430889989263,-111.00211273372257,RRS_7_RIO_RICOGNODE
APS,33.581071,-112.01460166,RR_LNODE13A
APS,33.5810709999532,-112.01449319318304,RR_LNODE14A
APS,33.580981185660555,-112.01449319329525,RR_LNODE17A
APS,33.58091767740784,-112.01456942417047,RR_LNODE18A
APS,33.580902489614836,-112.01467567821207,RR_LNODE22A
APS,33.580933596933036,-112.01477681212513,RR_LNODER5A
APS,33.580999100191846,-112.01485057065047,RR_LNODER6A
APS,33.581083982482525,-112.01488580404222,RR_LNODER9A
BANC,38.761389,-121.26472266,RSC_LNODE8LD
IPCO,42.553003,-114.48485266,RSET_LNODE131
APS,33.677056,-112.11517466,RSG_LNODE10A
APS,33.677055999952984,-112.11506597287176,RSG_LNODE13A
APS,33.676966102390374,-112.11517466,RSG_LNODER1A
APS,33.677055999952984,-112.11528202712827,RSG_LNODER2A
APS,33.67714589760961,-112.11517466,RSG_LNODER4A
PGE,45.39254,-122.68816466,RSMT_LNODEWR1
LADWP,34.244054210355124,-118.39266,RSM_SUB_LNODEONB
LADWP,34.24397289480934,-118.39194320739797,RSM_SUB_LNODEONC
LADWP,34.24397289480934,-118.39205679260202,RSM_SUB_LNODEOND
AVA,46.94186389,-118.5669444466,RSNKFLAT_1_WINDGNODE
CA,33.014314718613214,-117.19855766,RSNTAFE_6_N001
CA,33.01423414068109,-117.19850152029953,RSNTAFE_6_N008
CA,33.01423414068109,-117.19861247970047,RSNTAFE_6_N009
CA,36.624374,-121.6883566,RSVTNRD_6_N001
PGE,45.498188,-122.92565266,RSWY_LNODEWR1
APS,34.052137,-112.14851966,RS_LNODER3A
BPAT,45.685295000000004,-120.24078466,RTLSNKRD_2_Z1GNODE
CA,37.979737,-120.41451566,RTRACK_1_N001
IPCO,42.09951561560953,-113.38224222115076,RTRR_LNODE02L
IPCO,42.0993363842639,-113.38224222149212,RTRR_LNODE02M
IPCO,42.0993363842639,-113.38248377850789,RTRR_LNODELAR
IPCO,42.09951561560953,-113.38248377884926,RTRR_LNODEREC
APS,33.620184,-111.88770366,RT_LNODE10A
APS,33.620183999953106,-111.88759510420415,RT_LNODE12A
APS,33.620094152292545,-111.88759510431663,RT_LNODE13A
APS,33.62003062044526,-111.88767139810936,RT_LNODER1A
APS,33.620015427009655,-111.88777773984783,RT_LNODER2A
APS,33.6200465458847,-111.88787895723206,RT_LNODER4A
APS,33.62011207347915,-111.88795277663442,RT_LNODER5A
APS,33.620196987305135,-111.88798803910677,RT_LNODER9A
BPAT,46.24189299998158,-119.13113900993224,RUBYS_BP_LNODEXF1
BPAT,46.24189299998158,-119.13126899006778,RUBYS_BP_LNODEXF2
PGE,45.516644,-122.45515466,RUBY_LNODEWR1
NWMT,46.455328,-108.75986966,RUNDUP_P_LNODEOAD
BPAT,45.59872,-122.45956666,RUNYAN_LNODEXF1
SRP,33.2932699999885,-112.06575139562867,RUPPE_SR_LNODELD3
SRP,33.2932699999885,-112.06585860437266,RUPPE_SR_LNODELD4
NV,36.085253719210456,-115.08605366,RUSSELL_LNODE-1
NV,36.08517314038102,-115.08599543315897,RUSSELL_LNODE-2
NV,36.08517314038102,-115.08611056684104,RUSSELL_LNODE-3
CA,38.126388999986105,-121.77494261681363,RUSSEL_7_N007
CA,40.819848,-123.82663866,RUSSRCH_6_N001
NV,39.5295507539856,-119.80648966,RUSTYSP_LNODE21
NV,39.529470122991576,-119.80642864413434,RUSTYSP_LNODE54
NV,39.529470122991576,-119.80654935586567,RUSTYSP_LNODE60
PGE,45.61238346647657,-122.76775466,RVGS_LNODEWK2
PGE,45.61247299992857,-122.76788199503471,RVGS_LNODEWR3
CA,37.76887287022286,-120.90810355553742,RVRBANK_1_N001
CA,37.76887287022286,-120.90822244446258,RVRBANK_1_N005
NWMT,45.70383113475436,-109.54584762959193,RVR_BEND_7_RBSLGNODE
BPAT,45.649,-122.72666,RVR_RD_C_1_G01GNODE
APS,32.726428,-114.65301566,RVS_LNODE12A
PGE,45.469246,-122.67184466,RVVW_LNODEWR1
SRP,33.670929,-111.16180366,RV_1_HYDRO1GNODE
APS,33.334728626670724,-112.84011635648403,RWP_GNODERHCC1CTA
APS,33.33465099995391,-112.84006271306367,RWP_GNODERHCC1CTB
APS,33.33457337330625,-112.84011635657964,RWP_GNODERHCC1ST
APS,33.33457337330625,-112.84022364342037,RWP_GNODERHCC2CTA
APS,33.33465099995391,-112.84027728693634,RWP_GNODERHCC2CTB
APS,33.334728626670724,-112.84022364351598,RWP_GNODERHCC2ST
NWMT,47.5697737318743,-111.12178220848315,RYAN_1_RYN1GNODE
NWMT,47.5697737318743,-111.12204979151684,RYAN_1_RYN2GNODE
NWMT,47.56995426797013,-111.12204979197804,RYAN_1_RYN3GNODE
NWMT,47.569605160961295,-111.12191666,RYAN_1_RYN4GNODE
NWMT,47.569523919498266,-111.12184648004992,RYAN_1_RYN5GNODE
NWMT,47.569523919498266,-111.12198551995007,RYAN_1_RYN6GNODE
NV,39.48649474327007,-118.87604466,RYCOUCH_LNODE06
NV,39.48641412834934,-118.87598369354562,RYCOUCH_LNODE07
NV,39.48641412834934,-118.87610430645438,RYCOUCH_LNODE08
NWMT,46.300715,-109.25284866,RYEGATE_LNODEOAD
NWMT,46.301809,-109.25934366,RYGATE_R_LNODEOAD
NWMT,47.273645,-110.7246566,RYNSFD_LNODENWE
NWMT,47.257804,-110.64448666,RYNSFD_P_LNODEOAD
NWMT,47.27944,-110.679666,S-PEAKD_2_SOPKGNODE
CA,34.1798,-119.083166,S.CLARA_6_N021
CA,35.880348,-119.46984866,S0479_7_N003
CA,36.1957859999872,-119.43908452662076,S473_7_N005
CA,35.107488,-118.92282766,S622B_7_N003
BPAT,48.175903,-117.27724566,SACHE_BP_LNODERV3
CA,37.71,-121.466,SAFEWAY_1_N001
BPAT,46.656014,-119.29980166,SAGEH_BP_LNODEPUD
SRP,33.39474280370444,-111.66805466,SAGE_SR_LNODELD2
SRP,33.39466209813536,-111.66799819041493,SAGE_SR_LNODELD3
SRP,33.39466209813536,-111.66810980958509,SAGE_SR_LNODELD4
AVA,48.2089,-116.56366,SAGLE_1_BPAT_SAGLELNODE
NV,36.042313,-115.01095266,SAGUARO_GNODEIT
NV,36.14396353050383,-115.08390913140346,SAHARA_LNODE-1
NV,36.143784469393935,-115.08390913165648,SAHARA_LNODE-2
NV,36.143784469393935,-115.08413086834352,SAHARA_LNODE-3
NV,36.14396353050383,-115.08413086859666,SAHARA_LNODE-4
PSE,47.641944,-122.05416766,SAH_LNODEXF1
BPAT,44.97230999998245,-123.01613953038958,SALEM_BP_LNODEXF1
BPAT,44.97230999998245,-123.01626646961041,SALEM_BP_LNODEXF2
BPAT,44.931741,-123.08901866,SALEM_LNODEMR3
CA,36.683239999986945,-121.65120502290527,SALINAS_1_N001
CA,36.683239999986945,-121.65131697709472,SALINAS_1_N024
PGE,44.946559999982426,-123.04009754358428,SALM_LNODEBR1
PGE,44.946559999982426,-123.04022445641574,SALM_LNODEBR2
CA,35.951389,-120.86777866,SALNRGN_7_B1
NWMT,47.407647,-115.50949666,SALTESE_LNODEOAD
PSE,47.685278,-122.14972266,SAMDIST_LNODEXF1
IPCO,45.183441,-113.88528266,SAMN_LNODET62
CA,32.694367,-117.1424566,SAMPSON_6_N010
BPAT,48.42903475565165,-116.47179666,SAMUE_BP_LNODE601
BPAT,48.42895412215293,-116.47172584118168,SAMUE_BP_LNODE602
BPAT,48.42895412215293,-116.47186615881834,SAMUE_BP_LNODE603
CA,36.073766,-120.93680466,SANARDO_6_N001
CA,34.07740799998797,-117.20173852376878,SANBRDNO_6_GN002
CA,34.07740799998797,-117.20184747623122,SANBRDNO_6_GN003
CA,34.055569,-117.18253866,SANBRDNO_6_GN005
CA,34.075894,-117.24140466,SANBRDNO_6_N014
SRP,33.22224099998851,-111.80589845900316,SANCRLOS_LNODELD2
SRP,33.22224099998851,-111.80600554099685,SANCRLOS_LNODELD3
CA,37.49972924078839,-122.24397466,SANCRLS_6_N001
CA,37.499647879591045,-122.24391479097326,SANCRLS_6_N002
CA,37.499647879591045,-122.24403320902675,SANCRLS_6_N004
CA,38.186111,-120.1566,SANDBAR_7_B1
CA,36.64502999998689,-119.15920293037858,SANDCRK_6_N001
BPAT,48.339551,-116.54556566,SANDC_BP_LNODESS
BPAT,48.25259599998035,-116.6250696452337,SANDO_BP_LNODELTS
BPAT,48.25259599998035,-116.62520435476637,SANDO_BP_LNODEORT
AVA,48.273353809081925,-116.574966,SANDPNT_1_1LNODE
AVA,48.27327309543776,-116.57482998567846,SANDPNT_1_2LNODE
AVA,48.27327309543776,-116.57497001432155,SANDPNT_1_3LNODE
SRP,33.625521,-112.21327166,SANDRSON_LNODELD4
NV,36.14494553053233,-115.12808012998016,SANFRAN_LNODE-1
NV,36.14476646936537,-115.12808013023324,SANFRAN_LNODE-2
NV,36.14476646936537,-115.12830186976674,SANFRAN_LNODE-3
NV,36.14494553053233,-115.12830187001984,SANFRAN_LNODE-4
CA,36.70707499998684,-119.61075799334833,SANGERCO_7_B1
CA,36.70707499998684,-119.6108700066517,SANGER_1_N001
CA,36.62106483974649,-120.1781166,SANJOQN_6_N001
CA,36.620984080112606,-120.17805190550352,SANJOQN_6_N006
PNM,36.80191599998678,-108.44229487317608,SANJUAN_3_SANJUAN1GNODE
PNM,36.80191599998678,-108.44240712682395,SANJUAN_3_SANJUAN4GNODE
CA,37.069167,-121.07694466,SANLUIS2_7_B1
CA,37.06916699994648,-121.07683105222753,SANLUIS2_7_B3
CA,37.06907687796754,-121.07683105236174,SANLUIS4_7_B1
CA,37.06901315215404,-121.07691091843047,SANLUIS4_7_B3
CA,37.068997912327994,-121.07702223935081,SANLUIS6_7_B1
CA,37.06902912619938,-121.07712819599048,SANLUIS6_7_B3
CA,37.069094853841584,-121.07720547182997,SANLUIS8_7_B1
CA,37.06918002691161,-121.07724238542458,SANLUIS8_7_B3
CA,36.77962699998679,-120.7299549017318,SANLUSRY_6_N013
CA,36.77962699998679,-120.73006709826822,SANLUSRY_6_N014
CA,33.211532999988535,-117.33442746812835,SANLUSRY_6_N101
CA,33.211532999988535,-117.33453453187165,SANLUSRY_6_N201
CA,33.409472,-117.59064166,SANMATEO_1_N009
CA,37.58325387253711,-122.31909429087602,SANMATO_6_N001
CA,35.75192,-120.68416366,SANMIGL_6_N001
CA,33.12885155124498,-117.19722253462302,SANMRCOS_6_N001
CA,33.12877399995433,-117.19716906934049,SANMRCOS_6_N007
CA,33.12869644873215,-117.19722253471748,SANMRCOS_6_N011
CA,33.12869644873215,-117.19732946528255,SANMRCOS_6_N012
NWMT,45.5648,-108.81356666,SANNES_LNODEOAD
CA,37.984803,-122.33661866,SANPBLO_1_N001
CA,37.970858222937125,-122.52706566,SANRAFL_1_N001
CA,37.97077688851645,-122.52700543261207,SANRAFL_1_N006
CA,37.97077688851645,-122.52712456738793,SANRAFL_1_N007
CA,37.745125434987564,-121.93600563263105,SANRAMON_2_N001
CA,37.74494456490202,-121.93600563291055,SANRAMON_2_N004
CA,37.74494456490202,-121.93623436708945,SANRAMON_2_N023
CA,37.745125434987564,-121.93623436736895,SANRAMON_2_N024
CA,33.78461699446498,-116.41025972078829,SANTARO_1_N001
CA,33.78443700544048,-116.41025972101586,SANTARO_1_N014
CA,33.78443700544048,-116.41047627898416,SANTARO_1_N017
CA,33.78461699446498,-116.41047627921172,SANTARO_1_N021
SRP,33.329847,-111.74833666,SANTA_SR_LNODED5A
SRP,33.32984699995384,-111.74822872229778,SANTA_SR_LNODED5B
SRP,33.3297693757071,-111.7482823611967,SANTA_SR_LNODED5S
SRP,33.3297693757071,-111.74838963880333,SANTA_SR_LNODED6A
SRP,33.32984699995384,-111.74844327770222,SANTA_SR_LNODED6S
SRP,33.32992462426979,-111.74838963889897,SANTA_SR_LNODELD1
SRP,33.32992462426979,-111.74828236110116,SANTA_SR_LNODELD2
CA,32.85458372763656,-116.96834466,SANTEE_1_N001
CA,32.85450313616951,-116.96828861109786,SANTEE_1_N003
CA,32.85450313616951,-116.96839938890227,SANTEE_1_N004
CA,33.665063,-117.76805166,SANTIAGO_6_N026
BPAT,44.772538,-122.67475366,SANTI_BP_LNODEMER
CA,33.110493,-116.67110466,SANTYSBL_6_N001
CA,33.91,-116.6366,SANWIND_1_N001
CA,32.562237999988916,-117.02641779453799,SANYSDRO_6_N001
CA,32.562237999988916,-117.02652420546201,SANYSDRO_6_N004
CA,32.545004,-117.06958366,SANYSDRO_6_N013
TEPC,32.21466399998873,-110.98070482911461,SAN_CRUZ_LNODEDIST1
TEPC,32.21466399998873,-110.98081117088537,SAN_CRUZ_LNODEDIST2
BPAT,48.071923,-124.26952566,SAPPH_BP_LNODEAY1
BPAT,48.071922999921604,-124.26939055100729,SAPPH_BP_LNODEDUC
BPAT,48.071845197607026,-124.26945777560529,SAPPH_BP_LNODEILL
BPAT,48.071845197607026,-124.26959222439471,SAPPH_BP_LNODEKIU
BPAT,48.071922999921604,-124.26965944899271,SAPPH_BP_LNODEKS2
BPAT,48.072000802353806,-124.26959222459865,SAPPH_BP_LNODESHT
BPAT,48.072000802353806,-124.26945777540266,SAPPH_BP_LNODEYEE
CA,37.281032287183876,-122.0147695273561,SARATOGA_2_N001
CA,37.280851712707836,-122.01476952762836,SARATOGA_2_N006
CA,37.280851712707836,-122.01499647237166,SARATOGA_2_N011
BPAT,45.7536,-122.713366,SARA_BP_LNODEARA
APS,33.41066866816459,-112.40854928093167,SAR_LNODE12A
APS,33.41059099995371,-112.40849556195927,SAR_LNODE13A
APS,33.41051333181227,-112.40854928102767,SAR_LNODE14A
APS,33.41051333181227,-112.40865671897232,SAR_LNODER2A
APS,33.41059099995371,-112.40871043804074,SAR_LNODER4A
APS,33.41066866816459,-112.40865671906846,SAR_LNODER6A
BPAT,46.96901099998089,-123.46211575134387,SATSO_BP_LNODE125
BPAT,46.96901099998089,-123.46224824865615,SATSO_BP_LNODEPPK
CA,34.4222099999511,-118.57216638545077,SAUGUS_6_N001
CA,34.4221195795684,-118.57227666,SAUGUS_6_N008
CA,34.4222099999511,-118.57238561454929,SAUGUS_6_N009
CA,34.42230042043155,-118.57227666,SAUGUS_6_N010
CA,34.42,-118.5766,SAUGUS_6_N012
CA,37.86340599998612,-122.49836873883265,SAUSALTO_6_N001
CA,37.86340599998612,-122.49848326116738,SAUSALTO_6_N002
PSE,48.448055999980284,-122.43798847063664,SAW_GNODEGEN1
PSE,48.448055999980284,-122.43812352936335,SAW_LNODEILL
SRP,33.35604978896453,-111.96488666,SAYLO_SR_LNODELD1
SRP,33.35596910550522,-111.96483023052026,SAYLO_SR_LNODELD2
SRP,33.35596910550522,-111.96494176947975,SAYLO_SR_LNODELD3
PSE,47.593611,-122.19611166,SBE_LNODEXF2
AVA,47.8683162856896,-116.8299830446986,SCARCELO_1_1LNODE
LADWP,33.918151,-118.42764866,SCA_GS_GNODE1
LADWP,33.91815099995231,-118.42753940762094,SCA_GS_GNODE2
LADWP,33.918060886135436,-118.4275394077358,SCA_GS_GNODE4
LADWP,33.917997166088014,-118.427616194086,SCA_GS_GNODE5
LADWP,33.917981927644455,-118.42772322237177,SCA_GS_GNODE6
LADWP,33.9180131387017,-118.42782509322086,SCA_GS_GNODE7
LADWP,33.91807886040714,-118.42789938920775,SCA_GS_LNODE1AUX
LADWP,33.91816402577284,-118.42793487934085,SCA_GS_LNODE2AUX
LADWP,33.91825400500674,-118.42792894664778,SCA_GS_LNODE4AUX
LADWP,33.91833643226557,-118.42788506116258,SCA_GS_LNODE5AUX
LADWP,33.91840200617013,-118.42781057548724,SCA_GS_LNODE6AUX
LADWP,33.91844466871178,-118.42771492357167,SCA_GS_LNODE7AUX
LADWP,33.91846141326686,-118.42760822199088,SCA_LA_LNODE3SS
LADWP,33.918451884282646,-118.42750023805854,SCA_SUB_LNODEONA
LADWP,33.91841787609632,-118.42739967533626,SCA_SUB_LNODEONB
PNM,35.183051,-106.81092266,SCENIC_1_RIORANCHOPVGNODE
PSE,47.711667,-121.15027866,SCEPSE_LNODEXF1
PGE,45.46209299998226,-123.15735317034773,SCGN_LNODEBR1
PGE,45.46209299998226,-123.15748082965227,SCGN_LNODEBR2
NWMT,45.772175,-108.14006866,SCHAAKS_LNODEOAD
CA,36.402237,-120.13827266,SCHINDLR_1_N005
CA,36.400234999987035,-120.10310434302707,SCHLNDLR_7_N002
CA,36.400234999987035,-120.10321565697292,SCHLNDLR_7_N003
CA,38.3,-121.8766,SCHMLBCH_1_N001
TPWR,47.25979,-122.3637666,SCHNITZR_BKLNODE
PGE,45.61256253352346,-122.76775466,SCHN_LNODE5LD
BPAT,47.121383,-120.51021766,SCHUL_BP_LNODETSS
PSE,48.964444,-122.28666766,SCH_LNODEXF1
CA,34.3007956214976,-119.18563240503144,SCLARA_6_N001
CA,34.300976378405124,-119.1856324052669,SCLARA_6_N008
BPAT,46.663611154673745,-119.00542766,SCOOT_BP_LNODEBID
BPAT,46.66352992264269,-119.00535866167804,SCOOT_BP_LNODEND1
BPAT,46.66352992264269,-119.00549533832195,SCOOT_BP_LNODEND2
SRP,33.51626999995347,-111.90657866253994,SCOTSDLE_LNODELD2
SRP,33.51635976138801,-111.90647166,SCOTSDLE_LNODELD3
PGE,45.0806099999824,-121.88674647044911,SCP1_7_GNODE1
PGE,45.0806099999824,-121.88687352955097,SCP1_LNODE1LD
PGE,45.75779999998198,-122.87433581149061,SCPS_LNODEWR1
PGE,45.75779999998198,-122.87446418850939,SCPS_LNODEWR2
CA,32.91119872129761,-117.11258966,SCRIPPS_6_N001
CA,32.91111813933897,-117.11253358224198,SCRIPPS_6_N008
CA,32.91111813933897,-117.11264441775866,SCRIPPS_6_N013
BANC,40.62823999998475,-122.467630446325,SCR_7_UNIT1GNODE
BANC,40.62823999998475,-122.46774955367502,SCR_7_UNIT2GNODE
IPCO,43.327385,-115.95470466,SCSR_GNODECSR
CA,36.700797999986875,-119.75448599883886,SCWAX_1_N001
APS,33.635506,-112.3436366,SC_LNODE10A
APS,33.635505999953075,-112.34352206902548,SC_LNODE12A
APS,33.63541613898242,-112.34352206913816,SC_LNODE16A
APS,33.63535259772355,-112.34359838780577,SC_LNODE18A
APS,33.635337402037145,-112.34370476421614,SC_LNODE21A
APS,33.635368525522146,-112.34380601460144,SC_LNODER1A
APS,33.63543406282376,-112.34387985807214,SC_LNODER2A
APS,33.63551898922886,-112.34391513204177,SC_LNODER4A
APS,33.6356087159939,-112.34390923547906,SC_LNODER9A
APS,34.56810843680737,-112.42713617353472,SDG_LNODE12A
APS,34.567927563094266,-112.42713617377366,SDG_LNODER1A
APS,34.567927563094266,-112.42735582622646,SDG_LNODER5A
APS,34.56810843680737,-112.4273558264653,SDG_LNODER9A
APS,32.929834466702,-111.59022432858934,SDP_GNODESDCT2
APS,32.92977115717328,-111.59029975668953,SDP_GNODESDCT3
APS,32.92975601690524,-111.59040489179037,SDP_GNODESDCT4
APS,32.929787026887645,-111.59050496068016,SDP_GNODESDCT5
APS,32.929852325182146,-111.59057794246287,SDP_GNODESDCT6
APS,32.929936941867695,-111.59061280481002,SDP_GNODESDCT7
APS,32.93002634140381,-111.59060697704622,SDP_GNODESDCT8
APS,32.93010823761568,-111.59056386783173,SDP_GNODESDCT9
NV,35.459735878365805,-114.93537165520706,SEARCHLT_LNODE-1
NV,35.459556121533716,-114.93537165545365,SEARCHLT_LNODEKV
NV,35.459556121533716,-114.93559234454636,SEARCHLT_LNODEVG
SRP,33.427092999988425,-112.22045226395994,SEARGENT_LNODELD2
SRP,33.427092999988425,-112.22055973604007,SEARGENT_LNODELD3
CA,35.75666699998737,-117.38050076336168,SEARLES_7_N001
CA,35.75666699998737,-117.38061123663833,SEARLES_7_N004
SRP,33.39277699998844,-111.60595529912038,SEATO_SR_LNODELD1
SRP,33.39277699998844,-111.60606270087963,SEATO_SR_LNODELD2
CA,37.744657,-121.60285966,SEAWEST_6_N001
CA,33.94,-116.7366,SEAWIND_1_B1
CA,34.85946599998758,-116.86546905816138,SEGS1G_7_B1
CA,34.858327,-116.84351466,SEGS2G_7_B1
PSE,48.742778,-122.48583366,SEH_LNODEXF1
BPAT,48.356514,-116.5339566,SELLE_BP_LNODELLE
NWMT,45.79392,-108.47938566,SEMINO_L_LNODEOAD
CA,35.600398,-119.43749866,SEMITRPC_1_N001
PSE,48.936339,-122.71985966,SEM_LNODEXF1
BPAT,44.05842179,-123.14008766,SENECA_LNODE2KV
TPWR,47.1134,-122.5942266,SEQUALIT_BKLNODE
PSE,47.354722,-122.17666766,SEQ_LNODEXF1
CA,33.81887301302021,-118.22276026528898,SERRFGEN_7_B1
CA,37.69171986891291,-122.45576338542767,SERRMNTE_1_N011
PSE,47.43416699998062,-122.30104421453062,SET_LNODEXF1
PSE,47.43416699998062,-122.30117778546939,SET_LNODEXF2
APS,34.881607206946065,-111.77028366,SE_LNODE14A
APS,34.88152589651352,-111.77022577396765,SE_LNODER2A
APS,34.88152589651352,-111.77034022603236,SE_LNODER6A
CA,37.63904926020716,-122.38589666,SFIA-MA_1_N001
CA,37.63896786988162,-122.38583665888167,SFIA_1_N001
CA,37.63896786988162,-122.38595534111833,SFIA_1_N007
IPCO,42.597347,-114.40438266,SFPR_GNODE003
PGE,45.4251,-122.852366,SFRY_LNODEWR1
IPCO,42.597877,-114.40451966,SFWP_GNODEFWP
APS,34.5124552610656,-110.1312966,SF_LNODE10A
APS,34.512373869453995,-110.13123297179382,SF_LNODE14A
APS,34.512373869453995,-110.13134702820619,SF_LNODER2A
PSE,47.540833,-121.83722266,SG1_GNODEGEN1
PSE,47.540832999922216,-121.83708825270627,SG1_GNODEGEN2
PSE,47.54074271193648,-121.83722266,SG1_GNODEGEN3
PSE,47.540832999922216,-121.83735574729387,SG1_GNODEGEN4
PSE,47.54092328806339,-121.83722266,SG1_GNODEGEN5
PSE,47.54444399998057,-121.84132212355037,SG2_GNODEGEN6
PSE,47.54444399998057,-121.84145587644977,SG2_GNODEGEN7
APS,32.55145469132008,-111.29962159301,SG_GNODESGCT3
APS,32.551275308590064,-111.29962159322265,SG_GNODESGGT1
APS,32.551275308590064,-111.29983440677736,SG_GNODESGGT2
APS,32.55145469132008,-111.29983440699003,SG_LNODE13A
CA,33.141540731105856,-117.23879366,SHADOWR_1_N001
CA,33.141460134434745,-117.23873742707974,SHADOWR_1_N006
CA,33.141460134434745,-117.23884857292029,SHADOWR_1_N008
NV,36.1703607191585,-115.16549366,SHADOW_LNODE-3
NV,36.17028014040693,-115.16543537076268,SHADOW_LNODE-4
NV,36.17028014040693,-115.16555062923733,SHADOW_LNODE-5
CA,39.115058,-120.9533166,SHADYGLN_6_N001
CA,35.51372,-119.31757166,SHAFTER_1_N001
SRP,33.4269826946653,-111.67501747177624,SHANNON_LNODELD2
PSE,47.154167,-122.25972266,SHAPSE_LNODEXF1
CA,37.097275,-120.15645466,SHARON_1_N001
BANC,40.71759,-122.4224766,SHASTRD_7_UNIT1GNODE
BANC,40.717589999938575,-122.42235069772684,SHASTRD_7_UNIT2GNODE
BANC,40.71749957673847,-122.4224766,SHASTRD_7_UNIT3GNODE
BANC,40.717589999938575,-122.42258930227318,SHASTRD_7_UNIT4GNODE
BANC,40.71768042326152,-122.4224766,SHASTRD_7_UNIT5GNODE
NWMT,46.344455,-109.51975266,SHAWMUT_LNODEOAD
BPAT,46.1637,-122.911866,SHAWN_BP_LNODENEE
CA,37.55,-122.4266,SHAWROAD_1_N001
SRP,33.5861529999883,-112.09726809084728,SHAW_LNODELD1
SRP,33.5861529999883,-112.09737590915273,SHAW_LNODELD2
APS,33.58115181423843,-111.79865019309116,SHA_LNODE10A
APS,33.58097218566815,-111.79865019331558,SHA_LNODE13A
APS,33.58097218566815,-111.79886580668443,SHA_LNODER2A
APS,33.58115181423843,-111.79886580690885,SHA_LNODER6A
PSE,46.953224,-120.16066366,SHB_GNODETTL
PGE,45.095684,-123.40222966,SHDN_LNODEBR1
PSE,47.288889,-122.17861166,SHD_LNODEXF1
SRP,33.488958844070574,-112.21248366,SHEEL_SR_LNODELD1
SRP,33.48887807795219,-112.21242708785685,SHEEL_SR_LNODELD2
SRP,33.48887807795219,-112.21253891214316,SHEEL_SR_LNODELD3
BPAT,45.58543999998218,-120.00788903490927,SHEPDSCC_2_Z1GNODE
BPAT,45.58543999998218,-120.00801696509086,SHEPDSCC_2_Z2GNODE
BPAT,45.73150199998195,-120.08324384809455,SHEPDSNC_2_Z1GNODE
BPAT,45.73150199998195,-120.08337215190545,SHEPDSNC_2_Z2GNODE
BPAT,45.70590899998206,-120.07967988286482,SHEPDSSC_7_Z1GNODE
BPAT,45.70590899998206,-120.0798081171352,SHEPDSSC_7_Z2GNODE
NWMT,45.455899,-112.20538866,SHERIDA_LNODEOAD
PSE,47.595833,-122.62638966,SHE_LNODEXF1
CA,38.183541,-121.80601366,SHILOH3B_7_N001
CA,38.133,-121.87166,SHILOH3_7_N002
CA,38.125383,-121.8478766,SHILOH_7_B1
NWMT,45.752,-108.62695666,SHILOH_LNODEK1H
CA,38.180241,-121.87826666,SHILO_7_N002
CA,35.372222,-119.017566,SHL-KRVD_1_N001
CA,38.031607,-121.94572866,SHLLCHM_6_N001
APS,34.3594809999878,-110.05120324506332,SHM_LNODER2A
APS,34.3594809999878,-110.05131275493667,SHM_LNODER6A
CA,38.65969989665331,-120.94693866,SHNGLESR_1_N001
CA,38.659619051658225,-120.94687822587785,SHNGLESR_1_N004
CA,38.659619051658225,-120.94699777412218,SHNGLESR_1_N103
CA,37.511676999986356,-122.20767698568532,SHREDDER_1_N001
NV,36.265794,-115.05926166,SHREDDER_LNODEER
SCL,47.747707,-122.33373166,SHRLN_SC_LNODE701
SCL,47.747706999922,-122.33359696112636,SHRLN_SC_LNODE702
SCL,47.74761687266176,-122.33359696135841,SHRLN_SC_LNODE703
SCL,47.74755314313619,-122.33369174103889,SHRLN_SC_LNODE704
SCL,47.74753790240739,-122.33382384914205,SHRLN_SC_LNODE705
SCL,47.7475691180546,-122.33394959131917,SHRLN_SC_LNODE706
SCL,47.7476348494825,-122.33404129717162,SHRLN_SC_LNODE707
SCL,47.747720027504144,-122.33408510392347,SHRLN_SC_LNODE708
SCL,47.747810020169894,-122.33407778125273,SHRLN_SC_LNODE709
SCL,47.74789245978399,-122.33402361220331,SHRLN_SC_LNODE710
SCL,47.747958043547605,-122.33393167224146,SHRLN_SC_LNODE711
SCL,47.74800071251033,-122.33381360597981,SHRLN_SC_LNODE712
PGE,45.55800999998223,-122.93732906680219,SHTE_LNODEWJ1
PGE,45.55800999998223,-122.93745693319782,SHTE_LNODEWJ2
SRP,33.29958899998847,-111.80949238975809,SHULTZ_LNODELD1
SRP,33.29958899998847,-111.80959961024193,SHULTZ_LNODELD2
APS,33.586213,-112.09733466,SH_LNODE14A
NV,39.646142,-120.21794366,SIERABRK_LNODE19
BPAT,46.972776,-123.773766,SIERRA_G_1_G01GNODE
SRP,33.42273199998845,-111.61040726847743,SIGNALBT_LNODELD3
SRP,33.42273199998845,-111.61051473152257,SIGNALBT_LNODELD4
BPAT,45.6515669999821,-122.54967395384857,SILIC_BP_LNODEXF1
BPAT,45.6515669999821,-122.54980204615157,SILIC_BP_LNODEXF2
CA,38.49950299998593,-122.45908751973128,SILVERDO_1_N001
CA,38.49950299998593,-122.45920248026871,SILVERDO_1_N002
AVA,47.5845,-117.655566,SILVERLK_1_1LNODE
BPAT,48.130945,-123.76762866,SILVR_BP_LNODEPUD
PSE,47.657778,-122.71666766,SIL_LNODEXF1
NV,36.10239853089685,-115.17954118960138,SINATRA_LNODE-1
NV,36.102219469001085,-115.17954118985392,SINATRA_LNODE-2
NV,36.102219469001085,-115.17976281014607,SINATRA_LNODE-3
NV,36.10239853089685,-115.17976281039864,SINATRA_LNODE-4
SRP,33.363677,-112.12894966,SINNO_SR_LNODELD2
PSE,47.523333,-122.71111166,SIN_LNODEXF2
IPCO,42.93527299998364,-112.48955570103983,SIPN_LNODE131
IPCO,42.93527299998364,-112.4896782989602,SIPN_LNODE132
CA,34.87826099998756,-120.33120693531724,SISQUOC_1_N001
CA,34.87826099998756,-120.33131706468279,SISQUOC_1_N020
CA,36.620984080112606,-120.17816809449648,SJCOGEN_7_N001
APS,33.666862,-112.17894266,SKC_LNODE10A
APS,33.666861999953056,-112.17883399655433,SKC_LNODE12A
APS,33.66678415421567,-112.17888799832603,SKC_LNODE13A
APS,33.66678415421567,-112.17899600167398,SKC_LNODE14A
APS,33.666861999953056,-112.17905000344568,SKC_LNODER2A
APS,33.666939845760915,-112.17899600177172,SKC_LNODER4A
APS,33.666939845760915,-112.17888799822829,SKC_LNODER6A
BPAT,46.123408999981756,-122.89435422339069,SKELS_BP_LNODEFMR
BPAT,46.123408999981756,-122.89448377660932,SKELS_BP_LNODEXF
NV,36.27083099998719,-115.22398946457997,SKELTON_LNODE-1
NV,36.27083099998719,-115.22410053542005,SKELTON_LNODE-2
PSE,47.698123,-122.63081166,SKE_LNODEXF2
PSE,47.667778,-122.19583366,SKI_LNODEXF1
IPCO,42.94510685873504,-115.97780166,SKPR_GNODE011
IPCO,42.94502607061478,-115.97773728068246,SKPR_GNODE012
IPCO,42.94502607061478,-115.9778647193176,SKPR_GNODE013
PSE,47.707778,-121.35222266,SKY_LNODEXF2
NWMT,45.5922,-108.81423266,SLAURL_R_LNODEOAD
PSE,48.819722,-122.6766,SLA_LNODEXF1
AVA,46.39379999998141,-117.038134729893,SLEWISTN_1_1LNODE
AVA,46.39379999998141,-117.03826527010703,SLEWISTN_1_2LNODE
CA,38.343592,-123.04480966,SLMNCRK_6_N001
APS,32.92167653412525,-112.97796433733083,SLNX_GNODEST1
APS,32.92149746578422,-112.97796433754668,SLNX_GNODEST2
APS,32.92149746578422,-112.97817766245333,SLNX_LNODEUX1
APS,32.92167653412525,-112.97817766266918,SLNX_LNODEUX2
NV,36.169211999987255,-115.04346054704713,SLOAN_LNODE-1
NV,36.169211999987255,-115.04357145295289,SLOAN_LNODE-2
NV,39.294787,-118.57120466,SLT WELS_GNODEIT
PGE,45.35551373913944,-122.619266,SLVN_LNODEWR8
PGE,45.35543313041112,-122.61913377114355,SLVN_LNODEWR9
NV,36.42655539140854,-114.90794863228919,SLVRHWK_GNODEA
NV,36.4264920286497,-114.90802738117932,SLVRHWK_GNODEB
NV,36.42647687564795,-114.90813714493005,SLVRHWK_GNODEST
NV,36.42650791169226,-114.90824161943432,SLVRHWK_LNODEET
NV,36.42657326487784,-114.90831781432342,SLVRHWK_LNODES1
NV,36.426657952705845,-114.90835421155576,SLVRHWK_LNODES2
NV,37.754373,-117.63236366,SLVRPK_LNODE12
NWMT,45.686605,-112.28763466,SLVRSTAR_LNODEOAD
NV,35.61509272462021,-115.35614780044082,SLVSTSLR_GNODEIT
PGE,45.45828,-122.65250466,SLWD_LNODEWR2
PGE,45.529,-122.69366,SLZR_LNODEERF
APS,34.26079821558205,-110.018466,SL_LNODE13A
APS,34.2607168921958,-110.01834319061838,SL_LNODE19A
APS,34.2607168921958,-110.01845680938163,SL_LNODER9A
NWMT,45.631983,-109.23594366,SMELTER_LNODEOAD
PSE,47.541667,-122.22361166,SME_LNODEXF1
BPAT,48.96015,-116.5577166,SMITHFLS_1_G01GNODE
PGE,45.054314,-122.70968666,SMLL_LNODEBR1
PGE,45.301616999982336,-121.7451363167375,SMMT_LNODEBR1
PGE,45.301616999982336,-121.74526368326252,SMMT_LNODEFR2
CA,40.436389,-122.26861166,SMPSN-AN_7_B1
IPCO,43.66619799998298,-116.73253255019088,SMPT_LNODE131
IPCO,43.66619799998298,-116.73265744980915,SMPT_LNODE132
CA,39.207939,-121.30147666,SMRTVLTP_6_N101
PSE,47.206667,-122.23777866,SMR_LNODEXF2
PSE,48.99249999997983,-122.27437571743468,SMS_GNODEGEN1
PSE,48.99249999997983,-122.27451228256531,SMS_GNODEGEN2
CA,35.59,-119.4466,SMTRPCWS_1_N001
CA,38.777699,-122.74089566,SMUDGEO1_7_B1
SRP,33.566183,-111.53645166,SM_1_HYDRO1GNODE
APS,32.61858,-110.62584266,SM_LNODE11A
APS,32.61857999995519,-110.62573556527833,SM_LNODE19A
APS,32.61850236290198,-110.62578878268532,SM_LNODE23A
APS,32.61850236290198,-110.62589521731469,SM_LNODE27A
APS,32.61857999995519,-110.62594843472169,SM_LNODE29A
APS,32.618657637076005,-110.62589521740699,SM_LNODE33A
APS,32.618657637076005,-110.62578878259366,SM_LNODER1A
CA,37.603294,-122.42042466,SNANDRES_6_N001
CA,35.092421,-118.87824166,SNBRNRD_6_N001
PGE,45.4041,-122.273366,SNDY_LNODEBR1
BPAT,46.302928,-119.66131466,SNIPE_BP_LNODENRE
CA,37.34102432531631,-121.90094938880982,SNJOSEB_1_N001
CA,37.34084367457506,-121.90094938908317,SNJOSEB_1_N005
CA,37.34084367457506,-121.90117661091692,SNJOSEB_1_N009
CA,37.34102432531631,-121.9011766111902,SNJOSEB_1_N013
CA,37.328246190599145,-121.90253166,SNJSEA_1_N001
CA,37.32816490468582,-121.90247198103432,SNJSEA_1_N005
CA,37.32816490468582,-121.90259001896568,SNJSEA_1_N101
CA,37.711237436769906,-122.14880668270004,SNLNDRO_1_N001
CA,37.71105656311971,-122.14880668297907,SNLNDRO_1_N014
CA,37.71105656311971,-122.14903531702093,SNLNDRO_1_N017
CA,37.711237436769906,-122.14903531729996,SNLNDRO_1_N027
APS,32.497442,-114.76040966,SNL_LNODER1A
PSE,48.649999999980146,-121.69382124007349,SNN_GNODEGEN
PSE,48.649999999980146,-121.69395675992652,SNN_LNODE1
BPAT,47.923792,-122.10387266,SNOHO_BP_LNODEERV
PGE,45.048,-122.96366,SNP1_7_GNODE
PSE,47.538889,-121.83388966,SNQ_LNODEXF1
PGE,45.55126,-122.92047966,SNST_LNODEJ10
PGE,45.551259999928696,-122.92035114898874,SNST_LNODEJ11
PGE,45.551170469589756,-122.92035114919247,SNST_LNODEWJ9
PGE,45.55110716214517,-122.92044155340761,SNST_LNODEWR1
PGE,45.55109202235962,-122.92056756281364,SNST_LNODEWR2
PGE,45.551123031276205,-122.9206875001639,SNST_LNODEWR3
PGE,45.55118832737542,-122.9207749724332,SNST_LNODEWR4
PGE,45.551272941265054,-122.92081675682044,SNST_LNODEWR5
PGE,45.5513623378992,-122.92080977215292,SNST_LNODEWR6
PGE,45.551444231495914,-122.9207581037734,SNST_LNODEWR7
PGE,45.551509380876446,-122.92067040819664,SNST_LNODEWR8
CA,33.12877399995433,-117.19738293065951,SNTAMRA_1_N001
CA,33.12885155124498,-117.19732946537698,SNTAMRA_1_N005
CA,37.085979,-121.01327366,SNTANLA_6_N001
CA,38.43691201584367,-122.7133166,SNTARSA_1_N001
CA,38.43683099206306,-122.71325027901106,SNTARSA_1_N002
CA,38.43683099206306,-122.71336972098895,SNTARSA_1_N006
CA,37.055061,-120.63408666,SNTARTA_6_N001
CA,34.625273999987726,-120.11813905143147,SNTAYNZ_1_N001
CA,34.625273999987726,-120.11824894856855,SNTAYNZ_1_N002
CA,37.6223639999863,-122.44717791303894,SNTHLNE_6_N001
CA,37.6223639999863,-122.44729208696107,SNTHLNE_6_N002
NV,36.29274,-115.08217666,SNWALMB_LNODEKS
TEPC,32.296134938730816,-110.83635666,SNYDER_TEP_LNODEDIST1
TEPC,32.29605403062259,-110.83630073868855,SNYDER_TEP_LNODEDIST2
TEPC,32.29605403062259,-110.83641126131145,SNYDER_TEP_LNODEDIST3
CA,37.90594,-122.20814466,SOBRANTE_1_N001
CA,36.429513,-121.33190166,SOLEDAD_6_N001
PSE,47.555833,-122.16555666,SOM_LNODEXF1
CA,38.27659,-122.46201466,SONMALF_7_B1
CA,33.3697279999884,-117.5542763222204,SONOFR2_7_B1
CA,33.369323,-117.55350666,SONOFR3_7_B1
CA,33.3697279999884,-117.55438367777961,SONOFRE_2_N067
TEPC,31.467574299989113,-110.97470448631249,SONOITA_LNODESQ_T1
TEPC,31.467574299989113,-110.97481051368753,SONOITA_LNODESQ_T2
PSE,47.359167,-122.1466,SOO_LNODEXF2
NV,35.151822999987516,-114.57804886964837,SOPOINT_LNODE-1
NV,35.151822999987516,-114.57815913035165,SOPOINT_LNODE-2
AVA,46.8146,-119.196766,SOTHELLO_1_1LNODE
NWMT,45.663183,-111.03079166,SOURDGH_LNODEK1L
CA,34.881503,-117.89202366,SOUTHBAS_1_N001
CA,38.575612901218726,-121.49758866,SOUTHBY_6_N001
SRP,33.39257967134699,-112.15883959871041,SOUTHERN_LNODELD1
SRP,33.39240032856049,-112.15883959893203,SOUTHERN_LNODELD2
SRP,33.39240032856049,-112.15905440106799,SOUTHERN_LNODELD3
SRP,33.39257967134699,-112.15905440128958,SOUTHERN_LNODELD4
BPAT,47.568,-122.33166,SOUTH_BP_LNODE115
SCL,47.568228,-122.33028966,SOUTH_SC_LNODE628
SCL,47.56822799992222,-122.33015521072117,SOUTH_SC_LNODE629
SCL,47.568137730720224,-122.33015521095174,SOUTH_SC_LNODE630
SCL,47.568073900826484,-122.33024981414277,SOUTH_SC_LNODE631
SCL,47.56805863609516,-122.33038167624832,SOUTH_SC_LNODE632
SCL,47.568089900904674,-122.3305071842812,SOUTH_SC_LNODE633
SCL,47.56815573585437,-122.33059871936683,SOUTH_SC_LNODE634
SCL,47.56824104802371,-122.33064244454327,SOUTH_SC_LNODE635
SCL,47.56833118241922,-122.3306351355054,SOUTH_SC_LNODE636
SCL,47.56841375186704,-122.33058106732291,SOUTH_SC_LNODE637
SCL,47.568479438917876,-122.33048929856353,SOUTH_SC_LNODE638
SCL,47.56852217507938,-122.33037145215637,SOUTH_SC_LNODE639
SCL,47.56853894851486,-122.33023999211008,SOUTH_SC_LNODE640
SCL,47.568529403048025,-122.33010695216468,SOUTH_SC_LNODE641
SCL,47.56849533611914,-122.32998305548085,SOUTH_SC_LNODE642
SCL,47.568440166836965,-122.32987716024321,SOUTH_SC_LNODE643
SCL,47.56836842027352,-122.32979596824364,SOUTH_SC_LNODE644
SCL,47.56828525667873,-122.3297439388529,SOUTH_SC_LNODE645
SCL,47.56819606197554,-122.3297233575273,SOUTH_SC_LNODE646
SCL,47.56810610723552,-122.32973451514307,SOUTH_SC_LNODE647
SCL,47.56802027879574,-122.32977596145335,SOUTH_SC_LNODE648
SCL,47.567942876577945,-122.3298448025168,SOUTH_SC_LNODE649
SCL,47.56787747548862,-122.32993701789601,SOUTH_SC_LNODE650
SCL,47.56782684314965,-122.33004777870077,SOUTH_SC_LNODE651
SCL,47.56779290635038,-122.330171752146,SOUTH_SC_LNODEFSS
SCL,47.56777675831856,-122.33030338222785,SOUTH_SC_LNODEK91
SCL,47.56777869901249,-122.33043713943418,SOUTH_SC_LNODETSS
TEPC,31.997064036246623,-110.96828424237061,SOUTH_TEP_LNODE4C571
TEPC,31.997064036246623,-110.96839055762939,SOUTH_TEP_LNODEDIST1
TEPC,31.997142119955956,-110.96844371534937,SOUTH_TEP_LNODEDIST2
TEPC,31.99722020373175,-110.96839055771991,SOUTH_TEP_LNODEIST47
PSE,47.452778,-122.26305666,SOU_LNODEXF2
AVA,46.4268990118381,-116.92741247532837,SPALDING_1_1LNODE
AVA,47.4242,-117.438266,SPANGLE_1_1LNODE
CA,40.026139,-120.96174866,SPANSHCK_6_N001
NV,39.57154960468907,-119.73767687419267,SPANSPG_LNODE70
NV,39.57147199994209,-119.73761874851544,SPANSPG_LNODE71
NV,39.57139439528203,-119.7376768743228,SPANSPG_LNODE72
NV,39.57139439528203,-119.73779312567721,SPANSPG_LNODE73
NV,39.57147199994209,-119.73785125148457,SPANSPG_LNODE74
NV,39.57154960468907,-119.73779312580734,SPANSPG_LNODE75
NV,36.086172,-115.31291166,SPARTA_LNODEK2
SRP,33.50644785217883,-112.02198666,SPART_SR_LNODELD1
SRP,33.50636707389803,-112.02193006813917,SPART_SR_LNODELD2
SRP,33.50636707389803,-112.02204193186084,SPART_SR_LNODELD3
PSE,47.080278,-122.36472266,SPA_LNODEXF1
PGE,45.2914999999823,-122.94713632490327,SPBK_LNODEWR1
PGE,45.2914999999823,-122.94726367509682,SPBK_LNODEWR2
CA,37.731667,-121.11722266,SPCMPNY_7_B1
BPAT,45.62342499998211,-121.13595598906498,SPEAH_BP_LNODEITA
BPAT,45.62342499998211,-121.13608401093502,SPEARFSH_1_TDFGNODE
NV,36.220927999987175,-114.88967849345137,SPECTRUM_GNODEIT
NV,36.277216,-115.02751666,SPEEDWAY_LNODE-2
NV,36.116274718280934,-115.12977466,SPENCER_LNODE-3
NV,36.116194140845685,-115.12971641142242,SPENCER_LNODE-4
NV,36.116194140845685,-115.12983158857757,SPENCER_LNODE-5
CA,36.613591,-121.56677966,SPENCE_6_N001
CA,40.876389,-121.70111166,SPI-BURN_7_N003
CA,39.940833,-120.87555666,SPI-QUCY_7_N002
CA,38.73992576174639,-120.67723108004192,SPICAMIN_1_N001
CA,38.903333,-121.30888966,SPILINCF_7_N002
PNM,35.643336,-106.73199366,SPILLS_6_ELVADOHYDROGNODE
AVA,47.9658,-116.86166,SPIRITLK_1_XFMRLNODE
AVA,48.8144,-117.64666,SPIRIT_1_BPAT_SPIRITLNODE
PSE,47.665278,-122.13416766,SPI_LNODEXF1
NWMT,46.649915,-111.79822966,SPKN_BNC_LNODEOAD
NWMT,45.768,-110.24383366,SPNGDL_P_LNODEOAD
NWMT,47.33378,-110.64065866,SPNKPCOL_7_SPKGGNODE
NWMT,47.330372,-110.60175466,SPNKP_69_LNODEOAD
PGE,45.290455,-122.96114366,SPNS_LNODEPNP
AVA,47.69485410312886,-117.187466,SPOKINDP_1_1LNODE
AVA,47.69477294841457,-117.18733038764357,SPOKINDP_1_2LNODE
AVA,47.69477294841457,-117.18746961235652,SPOKINDP_1_3LNODE
LADWP,35.171153,-118.00165266,SPR3PP_2_SOLARGNODE
AVA,47.3323,-118.1466,SPRAGUE_1_SPRAGUEJLNODE
CA,36.10586253074472,-118.93516918490357,SPRINGVL_6_N001
CA,36.1056834691532,-118.93516918515617,SPRINGVL_6_N002
CA,36.1056834691532,-118.93539081484384,SPRINGVL_6_N004
CA,36.10586253074472,-118.93539081509644,SPRINGVL_6_N006
BPAT,44.11863962,-123.139374366,SPRIN_BP_LNODEXF1
NV,36.051194,-115.38507166,SPRMTN_LNODE-1
CA,38.44477699421626,-120.51680127719848,SPRNGGP_7_B1
TEPC,34.31289272,-109.164056366,SPRNGRVL_LNODE00022
TEPC,34.312892719951364,-109.16394687286417,SPRNGRVL_LNODEG3SST
TEPC,34.31280233625922,-109.16394687298191,SPRNGRVL_LNODEN1AUX
TEPC,34.31273842538207,-109.16402424959284,SPRNGRVL_LNODEN2AUX
TEPC,34.31272314130168,-109.16413210060837,SPRNGRVL_LNODEN3AUX
TEPC,34.3127544458288,-109.16423475454303,SPRNGRVL_LNODEN4AUX
TEPC,34.31282036435699,-109.16430962164945,SPRNGRVL_LNODENAVOSEC1
TEPC,34.312905784776795,-109.1643453846022,SPRNGRVL_LNODESUT1
TEPC,34.31299603348312,-109.16433940630948,SPRNGRVL_LNODESXAB
SRP,34.18437099998787,-109.09401041066394,SPRNGSRP_LNODEDU4
SRP,34.18437099998787,-109.09411958933607,SPRNGSRP_LNODESU
CA,32.73903399998875,-117.00264674817954,SPRNGVLY_6_N001
CA,32.73903399998875,-117.00275325182045,SPRNGVLY_6_N010
BPAT,44.04388199998274,-123.00089109476525,SPRNG_BP_LNODENO1
BPAT,44.04388199998274,-123.00101690523476,SPRNG_BP_LNODENO2
BPAT,47.74591799998051,-117.58265398172317,SPRNH_BP_LNODE125
BPAT,47.74591799998051,-117.58278801827697,SPRNH_BP_LNODEPAL
TEPC,34.31307870759898,-109.16429518347685,SPRS_7_SPV_AGG_SOLGNODE
NV,36.116061530422726,-115.23996017091113,SPRVAL_LNODE-1
NV,36.11588246947515,-115.23996017116387,SPRVAL_LNODE-2
NV,36.11588246947515,-115.24018182883614,SPRVAL_LNODE-3
NV,36.116061530422726,-115.24018182908888,SPRVAL_LNODEK4
PNM,34.317552,-109.16536266,SPRV_3_COAL_SPV3GNODE
LADWP,35.249167,-117.95527866,SPR_PP_GNODE1
LADWP,35.250031,-117.97684766,SPR_PP_GNODE2
AVA,46.71479999998113,-117.15973415307127,SPULLMAN_1_1LNODE
AVA,46.71479999998113,-117.15986584692887,SPULLMAN_1_2LNODE
SRP,33.353810999988454,-111.452912337919,SPURL_SR_LNODELD2
SRP,33.353810999988454,-111.45301966208103,SPURL_SR_LNODELD3
IPCO,43.77894,-116.267966,SPVY_LNODE131
SRP,34.319317,-109.16443766,SPV_3_UNIT4GNODE
TEPC,34.31314447788815,-109.1642201252245,SP_3_SPRINGERVIL_1GNODE
TEPC,34.3131872681983,-109.1641237380218,SP_3_SPRINGERVIL_2GNODE
APS,33.653565,-112.35206566,SP_LNODE10A
APS,33.6535649999531,-112.35195702735987,SP_LNODE12A
APS,33.65347512314749,-112.35195702747262,SP_LNODE13A
APS,33.653411570691716,-112.35203337560226,SP_LNODER1A
APS,33.65339637232753,-112.35213979307795,SP_LNODER2A
APS,33.653427501296825,-112.35224108254978,SP_LNODER4A
APS,33.65349305014709,-112.35231495452706,SP_LNODER5A
APS,33.653577991517565,-112.35235024211401,SP_LNODER6A
APS,33.65366773409394,-112.35234434327529,SP_LNODER9A
NV,39.20568653401713,-120.20123845453338,SQAWVLY_LNODE01
NV,39.20550746586879,-120.20123845482797,SQAWVLY_LNODE81
NV,39.20550746586879,-120.20146954517206,SQAWVLY_LNODE82
NV,39.20568653401713,-120.20146954546662,SQAWVLY_LNODE83
SRP,33.48393371387868,-111.93978879610746,SQUAWPK_LNODELD2
SRP,33.527792,-112.03427766,SQUAWPK_LNODELD3
APS,33.671834,-112.37159666,SQ_LNODE10A
APS,33.671833999953044,-112.37148798501023,SQ_LNODE12A
APS,33.67175615039535,-112.37154199255465,SQ_LNODE13A
APS,33.67175615039535,-112.37165000744666,SQ_LNODE14A
APS,33.671833999953044,-112.37170401498976,SQ_LNODER2A
APS,33.67191184958116,-112.37165000754376,SQ_LNODER4A
APS,33.67191184958116,-112.37154199245623,SQ_LNODER6A
APS,34.655269,-112.42541966,SRG_GNODEPAS
APS,34.65526899995067,-112.42530906856177,SRG_GNODEPCT
APS,34.65517857169296,-112.42541966,SRG_LNODE12A
SRP,33.048902,-111.45571766,SSLR_1_SOLARGNODE
PSE,48.751389,-122.47194466,SST_LNODEXF1
APS,33.574091,-112.05986466,SS_LNODE13A
APS,33.57409099995332,-112.05975620892424,SS_LNODE17A
APS,33.574001191558764,-112.05986466,SS_LNODE18A
APS,33.57409099995332,-112.05997179107575,SS_LNODE21A
APS,33.57418080844128,-112.05986466,SS_LNODER9A
TPWR,47.2624783056907,-122.45123338180882,STADIUM_FDR1LNODE
TPWR,47.26239999992275,-122.45116676381468,STADIUM_FDR2LNODE
TPWR,47.2623216942706,-122.45123338200588,STADIUM_FDR3LNODE
TPWR,47.2623216942706,-122.45136661799414,STADIUM_FDR4LNODE
TPWR,47.26239999992275,-122.45143323618532,STADIUM_FDR5LNODE
TPWR,47.2624783056907,-122.4513666181912,STADIUM_FDR6LNODE
SRP,33.4508289999884,-111.91832823913158,STADI_SR_LNODELD2
SRP,33.4508289999884,-111.91843576086842,STADI_SR_LNODELD3
CA,38.12003299998604,-122.6136286190588,STAFFORD_6_N002
CA,38.12003299998604,-122.61374338094127,STAFFORD_6_N101
CA,37.99164936143144,-121.34848834268169,STAGG_2_N001
CA,37.99146863845723,-121.34848834296416,STAGG_2_N014
CA,37.99146863845723,-121.34871765703586,STAGG_6_N001
CA,37.99164936143144,-121.34871765731833,STAGG_6_N003
NV,39.46748199998557,-120.10506699035086,STAMPEDE_GNODEIT
NV,39.46748199998557,-120.10518300964912,STAMPEDE_LNODE19
NWMT,47.152093,-110.21175466,STANFORD_LNODEOAD
SRP,33.433559819612405,-111.80489566,STAPL_SR_LNODELD1
SRP,33.433479090181244,-111.80483914895636,STAPL_SR_LNODELD2
SRP,33.433479090181244,-111.80495085104364,STAPL_SR_LNODELD3
NV,38.95238461856907,-119.9418167598891,STATELN_LNODE01
NV,38.952205381317675,-119.94181676018053,STATELN_LNODE22
NV,38.952205381317675,-119.94204723981947,STATELN_LNODE23
NV,38.95238461856907,-119.94204724011092,STATELN_LNODELY
PNM,35.565522,-106.0894466,STATEPEN_1_SANTAFEPVGNODE
BPAT,45.96207280408442,-118.57246466,STATE_BP_LNODELLA
BPAT,45.96199209793815,-118.57239696888078,STATE_BP_LNODEONS
BPAT,45.96199209793815,-118.57253103111924,STATE_BP_LNODEXF1
BPAT,47.56391316336139,-122.6352366,STATF_BP_LNODEMR1
BPAT,47.563831918298234,-122.63516048452385,STATF_BP_LNODEMR2
BPAT,47.563831918298234,-122.63529951547616,STATF_BP_LNODER1A
BPAT,47.5592,-122.65185466,STATH_BP_LNODEMR3
CA,37.81024899998616,-122.27138577177666,STATIN-L_7_N001
CA,37.837585251800924,-122.26350366,STATIND_1_N001
CA,37.83750387408463,-122.26344350874285,STATIND_1_N010
CA,37.83750387408463,-122.26356249125716,STATIND_1_N013
CA,37.76334825993251,-122.21444466,STATINJ_1_N001
CA,37.763266870018874,-122.21438455959634,STATINJ_1_N012
CA,37.763266870018874,-122.21450344040367,STATINJ_1_N027
CA,37.81024899998616,-122.27150022822465,STATINL_1_N001
CA,37.80554442667025,-122.23091354965457,STATINX_1_N001
CA,37.805363573219,-122.23091354993484,STATINX_1_N012
CA,37.805363573219,-122.23114245006515,STATINX_1_N014
CA,37.80554442667025,-122.23114245034543,STATINX_1_N024
BPAT,47.55565999998059,-122.65300511491452,STATX_BP_LNODE7KV
BPAT,47.55565999998059,-122.65313888508557,STATX_BP_LNODEAVY
CA,38.033308,-122.11579466,STAUFER_7_B1
CA,37.963279,-121.32347666,STCKTNAR_6_N001
BPAT,44.09823615,-123.121375366,STCLA_BP_LNODEARA
BANC,37.627559999986325,-120.9750429086082,STCRUZ_LNODECXA
BANC,37.627559999986325,-120.97515709139182,STCRUZ_LNODEWLS
BANC,37.704079999986206,-121.06864284680098,STDDRD_LNODECEA
BANC,37.704079999986206,-121.06875715319903,STDDRD_LNODEWZO
CA,37.94,-122.3866,STDOIL_1_N009
BANC,38.572008,-121.50051866,STD_GNODER
NV,39.65275079398081,-119.88584366,STEAD_LNODEIW
NV,39.65267010299386,-119.88578249172231,STEAD_LNODET1
NV,39.65267010299386,-119.88590350827769,STEAD_LNODET2
NV,39.395822,-119.75347766,STEAMBT_GNODE1A
NV,39.395821999942605,-119.75336112662477,STEAMBT_GNODE23
NV,39.395732455332315,-119.75336112677344,STEAMBT_GNODEG1
NV,39.39566913778368,-119.75344306154857,STEAMBT_LNODE10
NV,39.395653995590266,-119.75355726591263,STEAMBT_LNODE12
NV,39.395685009479905,-119.75366596705575,STEAMBT_LNODE13
NV,39.395750316024824,-119.75374524452138,STEAMBT_LNODE14
NV,39.395834943424575,-119.75378311428629,STEAMBT_LNODE68
BPAT,47.170078,-122.57893366,STEIL_BP_LNODEFMR
CA,37.3360521934471,-122.04280566,STELLING_1_N001
CA,37.33597090326187,-122.04274597179946,STELLING_1_N004
CA,37.33597090326187,-122.04286402820055,STELLING_1_N007
SRP,33.290053766644974,-111.96566,STELL_SR_LNODELD2
SRP,33.28997311666507,-111.96494429586144,STELL_SR_LNODELD3
SRP,33.28997311666507,-111.96505570413859,STELL_SR_LNODELD4
BPAT,45.707913,-121.89441866,STEVE_BP_LNODEXF2
NWMT,46.514875,-114.07949566,STEVIL_LNODEK4L
NWMT,46.559357,-114.06800966,STEVIL_R_LNODEOAD
BPAT,46.295449966547224,-119.28544366,STEVN_BP_LNODEND1
BPAT,46.295369016706424,-119.28537535831792,STEVN_BP_LNODEND2
BPAT,46.295369016706424,-119.2855106416821,STEVN_BP_LNODEND3
SRP,33.564882,-111.53675466,STEWM_SR_LNODEDMS
APS,33.813334,-111.87319466,STG_LNODE13A
APS,33.81333399995265,-111.87308565306567,STG_LNODE14A
APS,33.81324397940952,-111.87319466,STG_LNODER5A
APS,33.81333399995265,-111.8733023469344,STG_LNODER6A
APS,33.81342402059048,-111.87319466,STG_LNODER9A
PGE,45.847823999927755,-122.8208076405867,STHL_LNODEWR1
PGE,45.847913606718635,-122.82067966,STHL_LNODEWR3
NWMT,45.390078999982215,-109.87616924007227,STILLWT_LNODEOAD
BPAT,48.545874,-114.56650266,STILW_BP_LNODEMR1
BPAT,45.613915999982126,-122.76475600072402,STJOH_BP_LNODE5SS
BPAT,45.613915999982126,-122.76488399927598,STJOH_BP_LNODESS
LADWP,34.067054141297895,-118.22666,STJ_SUB_LNODEONB
LADWP,34.06697292933807,-118.22594339850212,STJ_SUB_LNODEONC
LADWP,34.06697292933807,-118.22605660149787,STJ_SUB_LNODEOND
CA,37.94722338217881,-121.28911838573319,STKTONA_1_N001
CA,37.947042617710025,-121.28911838601516,STKTONA_1_N003
CA,37.947042617710025,-121.28934761398483,STKTONA_6_N001
CA,37.94722338217881,-121.28934761426686,STKTONA_6_N004
CA,40.677845,-122.3497166,STLLWATR_6_N001
PGE,45.13908999998239,-122.91259543439686,STLS_LNODEBR1
PGE,45.13908999998239,-122.91272256560313,STLS_LNODEBR4
NWMT,45.390078999982215,-109.87629675992774,STLWTRWD_2_STLWGNODE
NWMT,45.386514,-109.86831966,STLWTR_E_LNODEOAD
CA,34.950628,-120.44425966,STMARIA_7_N101
AVA,47.33219999998073,-116.58003330978975,STMARIES_1_XF1LNODE
AVA,47.33219999998073,-116.58016669021026,STMARIES_1_XF2LNODE
PGE,45.54194753562614,-122.69518591499556,STME_LNODEWR7
PGE,45.54194753562614,-122.69505808500446,STME_LNODEWR8
PGE,45.507683,-122.84295766,STMS_LNODEBR5
NWMT,47.135091,-110.22171566,STNFRD_A_LNODEEST
NV,40.461243,-117.17389966,STNHOUSE_LNODE01
CA,37.385278,-121.14083366,STNSLSRP_7_B1
TPWR,47.23464831108762,-122.40129341221369,STOBEHLA_FDR1LNODE
TPWR,47.234569999922755,-122.40122682462416,STOBEHLA_FDR2LNODE
TPWR,47.23449168887368,-122.40129341241048,STOBEHLA_FDR3LNODE
TPWR,47.23449168887368,-122.40142658758951,STOBEHLA_FDR4LNODE
TPWR,47.234569999922755,-122.40149317537583,STOBEHLA_FDR5LNODE
TPWR,47.23464831108762,-122.40142658778633,STOBEHLA_FDR6LNODE
CA,35.316584007161445,-119.06818269302951,STOCKDLE_1_N001
CA,35.31640399273835,-119.06818269327503,STOCKDL_2_N001
CA,35.31640399273835,-119.06840330672496,STOCKDL_2_N002
CA,35.316584007161445,-119.06840330697057,STOCKDL_2_N101
NWMT,47.363072,-111.15520666,STOCKETT_LNODEOAD
SRP,33.469910274154664,-112.366,STOKE_SR_LNODELD1
SRP,33.469999999953515,-112.30010756241495,STOKE_SR_LNODELD2
NWMT,45.275998,-112.47810266,STONCK_L_LNODEOAD
CA,36.472251999987044,-119.18811326795894,STONCRRL_6_N001
CA,36.472251999987044,-119.18822473204106,STONCRRL_6_N003
CA,37.303708999986505,-121.86757223713448,STONE_1_N001
CA,37.303708999986505,-121.86768576286552,STONE_1_N005
CA,38.42,-122.7866,STONYPT_1_N001
CA,36.98288702744317,-120.03374666,STOREY1_2_N001
CA,36.98280598626407,-120.03368742689443,STOREY1_2_N003
CA,36.98280598626407,-120.03380457310557,STOREY2_2_N001
NWMT,46.881451999980925,-109.76510088201499,STRAW_LNODEMPC
NWMT,46.881451999980925,-109.76523311798566,STRAW_LNODEREA
NWMT,46.838003,-109.76802366,STRAW_PM_LNODEOAD
IPCO,43.586989,-116.40531266,STRD_LNODE131
CA,32.745604999988714,-117.07864474591278,STREAMVW_6_N001
CA,32.745604999988714,-117.07875125408722,STREAMVW_6_N007
NV,36.12285599998722,-115.16465458072868,STRIP_LNODE-1
NV,36.12285599998722,-115.16476541927133,STRIP_LNODE-2
CA,36.530868,-120.10438666,STROUD_6_N001
CA,36.531548,-120.10691666,STROUD_6_N003
PSE,47.69638899998053,-122.0338220143773,STRPSE_LNODEXF1
PSE,47.69638899998053,-122.03395598562271,STRPSE_LNODEXF3
APS,34.407155,-111.53262866,STR_LNODER2A
APS,33.707936,-112.10813266,STT_LNODE10A
APS,33.70793599995287,-112.10802390083192,STT_LNODE12A
APS,33.70785812244584,-112.10807795046497,STT_LNODER1A
APS,33.70785812244584,-112.10818604953505,STT_LNODER2A
APS,33.70793599995287,-112.1082400991681,STT_LNODER4A
APS,33.7080138775305,-112.10818604963306,STT_LNODER5A
APS,33.7080138775305,-112.10807795036696,STT_LNODER9A
CA,33.256701,-117.41654766,STUART_6_N001
PNM,35.002106,-106.63723466,STUDIO_1_PROSPERITYGNODE
TIDC,37.4835881458663,-120.84672767254166,STURLOCK_LNODEDR3
TIDC,37.4835360336794,-120.84679739338466,STURLOCK_LNODEDR4
TIDC,37.4834830942642,-120.84686745372666,STURLOCK_LNODEDR7
TIDC,37.483522165007,-120.84665705923166,STURLOCK_LNODER13
IPCO,42.972,-115.38366,STWP_GNODETWP
PSE,47.195,-122.30916766,STW_LNODEXF1
BPAT,43.57079999998312,-119.54466231111937,STX_1_BESTLANE_G01GNODE
SRP,33.329861,-111.748566,ST_2_UNIT1GNODE
SRP,33.32986099995388,-111.74839272227095,ST_2_UNIT3GNODE
SRP,33.32977136714642,-111.74839272238137,ST_2_UNIT5AGNODE
SRP,33.32970798722256,-111.74846857913586,ST_2_UNIT5BGNODE
SRP,33.32969283011924,-111.74857431171246,ST_2_UNIT5SGNODE
SRP,33.32972387458105,-111.74867494928803,ST_2_UNIT6AGNODE
SRP,33.329789245480704,-111.74874834582478,ST_2_UNIT6SGNODE
SRP,33.32987395625292,-111.74878340629736,ST_6_UNIT2GNODE
SRP,33.329963455195376,-111.74877754541927,ST_6_UNIT4GNODE
APS,33.440886,-112.0952366,ST_LNODE13A
APS,33.44088599995356,-112.0951224991619,ST_LNODE14A
APS,33.44080831353144,-112.09517624962909,ST_LNODE17A
APS,33.44080831353144,-112.09528375037092,ST_LNODE18A
APS,33.44088599995356,-112.09533750083811,ST_LNODE21A
APS,33.440963686445286,-112.0952837504672,ST_LNODE22A
APS,33.440963686445286,-112.09517624953281,ST_LNODER9A
NWMT,47.292503,-115.09336966,ST_REGIS_LNODEOAD
NV,39.68143480509682,-119.71426866,SUGARLF_LNODE01
NV,39.68135409743588,-119.71420745408885,SUGARLF_LNODE02
NV,39.68135409743588,-119.71432854591114,SUGARLF_LNODE03
IPCO,42.612039999983914,-113.752127149627,SUGR_LNODEGR1
IPCO,42.612039999983914,-113.75224885037302,SUGR_LNODEGR2
CA,38.24526219208727,-122.04122215940387,SUISUN_1_N001
CA,38.24508180780079,-122.04122215968884,SUISUN_1_N008
CA,38.24508180780079,-122.04145184031118,SUISUN_1_N009
CA,38.24526219208727,-122.04145184059615,SUISUN_1_N010
BPAT,47.661138,-117.19599966,SULLI_BP_LNODEVAN
BPAT,47.8,-121.7866,SULTAN_1_G1GNODE
NWMT,46.712956,-107.68202466,SUMATRA_LNODEOAD
TPWR,47.50409,-119.2908466,SUMFLTP_7_GENGNODE
SCL,47.50159799998065,-119.28963615754206,SUMMERFL_1_GEN161GNODE
SCL,47.50159799998065,-119.28976984245797,SUMMERFL_1_GEN162GNODE
NV,36.19138099998722,-115.31740353006289,SUMMERLN_LNODE-1
NV,36.19138099998722,-115.31751446993712,SUMMERLN_LNODE-2
CA,39.319203,-120.37889766,SUMMIT_6_N001
PSE,48.458333,-122.56083366,SUM_LNODEXF2
CA,34.99008799998758,-117.54270909751297,SUNGEN_1_B1
BPAT,46.24473085454074,-118.84722300479454,SUNHA_BP_LNODEAGE
BPAT,46.244652999926345,-118.84715800977355,SUNHA_BP_LNODEARB
BPAT,46.24457514542248,-118.84722300497901,SUNHA_BP_LNODEBIA
BPAT,46.24457514542248,-118.84735299502167,SUNHA_BP_LNODEEKA
BPAT,46.244652999926345,-118.84741799022646,SUNHA_BP_LNODEOK1
BPAT,46.24473085454074,-118.84735299520548,SUNHA_BP_LNODEOK2
SRP,33.221254999988545,-111.87522045984822,SUNLAKES_LNODELD2
SRP,33.221254999988545,-111.87532754015177,SUNLAKES_LNODELD3
CA,37.586891,-121.86937966,SUNOL_6_N001
NV,36.13975271827193,-115.03635566,SUNPEAK_GNODE 3
NV,36.13967214085025,-115.03629739420467,SUNPEAK_GNODE 4
NV,36.13967214085025,-115.03641260579666,SUNPEAK_GNODE 5
AVA,47.62739999998055,-117.43383306200256,SUNSET_1_1LNODE
AVA,47.62739999998055,-117.43396693799745,SUNSET_1_2LNODE
SRP,33.4900889999884,-112.25570619721988,SUNSE_SR_LNODELD2
SRP,33.4900889999884,-112.25581380278015,SUNSE_SR_LNODELD3
CA,35.227222,-119.62972266,SUNST_2_N006
PSE,47.095556,-122.29944466,SUN_LNODEXF1
TPWR,47.21326042966007,-122.55758687246441,SUN_SET_FDR1LNODE
TPWR,47.213079570185705,-122.55758687291842,SUN_SET_FDR2LNODE
TPWR,47.213079570185705,-122.55785312708157,SUN_SET_FDR3LNODE
TPWR,47.21326042966007,-122.5578531275356,SUN_SET_FDR4LNODE
NWMT,47.197368,-114.89194166,SUPERIO_LNODEOAD
SRP,33.41462099998841,-111.53352227684199,SUPERSTN_LNODELD2
SRP,33.41462099998841,-111.53362972315865,SUPERSTN_LNODELD3
SRP,33.31291999998851,-111.11094637725482,SUPER_SR_LNODELD1
SRP,33.31291999998851,-111.11105362274517,SUPER_SR_LNODELD2
CA,34.61,-120.2266,SURF_1_N009
NV,36.108104,-115.0341966,SURGPOND_LNODEAD
BPAT,47.244098,-122.32535766,SURLA_BP_LNODEAKE
NV,36.11489871830004,-115.16206666,SUZANNE_LNODE-1
NV,36.11481814083614,-115.16200841241104,SUZANNE_LNODE-2
NV,36.11481814083614,-115.16212358758898,SUZANNE_LNODE-3
NV,39.09777,-114.49998466,SV WIND_GNODEIT
BPAT,43.51719999998312,-119.13333777002488,SVS_1_STRVRIDG_G02GNODE
APS,35.22649705275898,-111.57080266,SV_LNODE10A
APS,35.22641597360699,-111.57074469523457,SV_LNODE14A
APS,35.22641597360699,-111.57085930476552,SV_LNODER6A
PSE,48.283889,-122.67222266,SWA_LNODEXF1
PSE,47.745556,-122.61805666,SWD_LNODEXF1
AVA,46.3661,-116.736266,SWEETWTR_1_1LNODE
CA,32.65811799998879,-117.09168677275396,SWEETWTR_6_N017
CA,32.65811799998879,-117.09179322724617,SWEETWTR_6_N018
NV,36.13015399998725,-115.14240157559072,SWENSON_LNODE-1
NV,36.13015399998725,-115.14251242440929,SWENSON_LNODE-2
PSE,47.423611,-122.29833366,SWE_LNODEXF2
CA,37.304753,-121.75353366,SWIFT_1_GN001
CA,37.3225281884819,-121.79672966,SWIFT_1_N001
CA,37.322446905744414,-121.79666998783091,SWIFT_1_N003
CA,37.322446905744414,-121.7967880121691,SWIFT_1_N006
NV,35.459735878365805,-114.93559234479295,SWIFT_GNODEIT
PSE,46.995835,-122.80675366,SWI_LNODEXF2
PGE,45.56270999998213,-122.70477806140974,SWNI_LNODEWR1
PGE,45.56270999998213,-122.70490593859027,SWNI_LNODEWR2
IPCO,43.24398301550681,-116.37820366,SWPO_GNODE011
IPCO,43.24390199222868,-116.37813878256105,SWPO_GNODE012
IPCO,43.24390199222868,-116.37826721743896,SWPO_LNODELS
APS,33.377154796860616,-113.16253866,SW_GNODESADDLEMT
APS,33.37707410155723,-113.16248220880156,SW_LNODER2A
APS,33.37707410155723,-113.16259379119843,SW_LNODER6A
PGE,45.36912499998226,-122.84562425910677,SXCR_LNODEWR1
PGE,45.36912499998226,-122.84575174089326,SXCR_LNODEWR2
CA,39.76991684305054,-121.82421866,SYCAMORE_1_N101
CA,39.76983607845885,-121.82415733357864,SYCAMORE_1_N201
CA,39.76983607845885,-121.82427866642136,SYCAMORE_1_N301
PGE,45.50957,-122.73980766,SYLV_LNODEWR1
SRP,33.2384225841279,-111.88528444501645,SYNER_SR_LNODELD1
SRP,33.238344999954116,-111.88523089012794,SYNER_SR_LNODELD2
SRP,33.23826741584909,-111.8852844451115,SYNER_SR_LNODELD3
SRP,33.23826741584909,-111.88539155488851,SYNER_SR_LNODELD4
SRP,33.238344999954116,-111.88544510987208,SYNER_SR_LNODELD5
SRP,33.2384225841279,-111.88539155498357,SYNER_SR_LNODELD6
APS,35.188287121295794,-111.63150772781513,SZ_LNODE13A
APS,35.18810687860425,-111.63150772805973,SZ_LNODE14A
APS,35.18810687860425,-111.63172827194029,SZ_LNODE18A
APS,35.188287121295794,-111.63172827218487,SZ_LNODE22A
PNM,34.987497,-106.73391166,S_COORS_1_SOUTHVALLEPVGNODE
AVA,47.60539999998059,-117.37073307782462,S_EAST_1_1LNODE
AVA,47.60539999998059,-117.37086692217538,S_EAST_1_2LNODE
NWMT,45.782611,-108.17565666,S_HUNTLY_LNODEOAD
NWMT,45.73651613184343,-107.60794767580448,S_MILLS_6_SMSLGNODE
SCL,47.699161,-121.78357266,S_TOLT_1_GEN81GNODE
CA,35.351417,-119.98571566,T0239_7_N002
CA,36.1957859999872,-119.43919547337924,T0304_7_N003
CA,38.01235335073215,-121.75817632388467,T320BS1_7_B1
CA,38.012172649156476,-121.75817632416728,T320BS2_7_B1
CA,38.012172649156476,-121.75840567583272,T320BS3_7_B1
CA,38.01235335073215,-121.75840567611547,T320BS4_7_B1
PNM,35.875305,-106.32072366,TA3_7_CGTGGNODE
PGE,45.520916,-122.60229566,TABR_LNODEWR6
BPAT,47.26639,-122.4290466,TACOBMAS_1_G01GNODE
CA,35.14999999998751,-119.47994486994581,TAFT1_1_N001
CA,35.14999999998751,-119.48005513005418,TAFT1_1_N004
NWMT,47.4184,-115.60135966,TAFT_A_LNODEOAD
NV,39.337309,-120.22127766,TAHDONR_LNODE07
NV,39.165971540038264,-120.14445351203683,TAHOCTY_LNODE01
NV,39.16579245984778,-120.14445351233087,TAHOCTY_LNODE71
NV,39.16579245984778,-120.14468448766915,TAHOCTY_LNODE72
NV,39.165971540038264,-120.14468448796319,TAHOCTY_LNODE73
PNM,34.65067831389528,-104.01445496316387,TAIBANM_3_LONEMESAWFGNODE
CA,39.313743,-120.49680466,TAMARACK_6_N001
CA,33.817316,-116.45489866,TAMARISK_1_N001
NV,36.14287771831583,-115.18632366,TAM_LNODE-1
NV,36.142797140828264,-115.18626539186225,TAM_LNODE-2
NV,36.142797140828264,-115.18638060813775,TAM_LNODE-3
IPCO,42.8644,-114.969266,TANA_GNODEANA
PSE,47.0425,-122.78055666,TAN_LNODEXF1
CA,34.109614,-116.41183766,TAP801_1_N001
CA,34,-116.566,TAP807_1_N001
SRP,33.51013,-111.9184666,TAP_BD_LNODE910
SRP,33.52745,-112.0345866,TAP_PB_LNODEDAP
NWMT,47.018358,-114.73795566,TARKIO_R_LNODEOAD
BPAT,46.371,-124.02666,TARLE_BP_LNODEXF1
LADWP,34.17905418777958,-118.54466,TAR_SUB_LNODEONA
LADWP,34.1789729060972,-118.54394327481864,TAR_SUB_LNODEONB
LADWP,34.1789729060972,-118.54405672518136,TAR_SUB_LNODEONC
CA,37.79959499998613,-121.90778877874537,TASSAJAR_2_N001
CA,37.79959499998613,-121.90790322125477,TASSAJAR_2_N002
SRP,33.48727699998835,-111.99057020025502,TAVAN_SR_LNODELD2
SRP,33.48727699998835,-111.990677799745,TAVAN_SR_LNODELD3
TPWR,47.27505999998077,-122.39832336839116,TAYLORTA_BK1LNODE
TPWR,47.27505999998077,-122.3984566316089,TAYLORTA_BK2LNODE
TIDC,37.5369331958297,-120.80939842631966,TAYLOR_LNODEDR1
TIDC,37.5369383829719,-120.80934819284866,TAYLOR_LNODEDR5
TIDC,37.536937531095,-120.80921726997666,TAYLOR_LNODEDR7
TIDC,37.5369366699963,-120.80928959143667,TAYLOR_LNODEDR8
BPAT,46.262,-119.21266,TAYLO_BP_LNODE401
BPAT,45.612111,-121.21549166,TDALESPH_1_F1GNODE
BPAT,45.612110999928525,-121.21536300584678,TDALESPH_1_F2GNODE
BPAT,45.61202146644376,-121.21536300605112,TDALESPH_1_G01GNODE
BPAT,45.61195815677489,-121.21545351148265,TDALESPH_1_G02GNODE
BPAT,45.61194301645729,-121.215579661968,TDALESPH_1_G03GNODE
BPAT,45.61197402646307,-121.21569973359952,TDALESPH_1_G04GNODE
BPAT,45.61203932485618,-121.21578730380304,TDALESPH_2_G05GNODE
BPAT,45.612123941718714,-121.21582913497306,TDALESPH_2_G06GNODE
BPAT,45.612213341493984,-121.21582214248663,TDALESPH_2_G07GNODE
BPAT,45.61229523796855,-121.2157704162599,TDALESPH_2_G08GNODE
BPAT,45.61236038963863,-121.21568262249906,TDALESPH_2_G09GNODE
BPAT,45.61240277747887,-121.21556988068205,TDALESPH_2_G10GNODE
BPAT,45.61241941420508,-121.2154441149231,TDALESPH_2_G11GNODE
BPAT,45.61240994654607,-121.21531683769909,TDALESPH_2_G12GNODE
BPAT,45.61237615729065,-121.21519830767616,TDALESPH_2_G13GNODE
BPAT,45.61232143767641,-121.21509699933236,TDALESPH_2_G14GNODE
BPAT,45.61225027588939,-121.21501932416585,TDALESPH_2_G15GNODE
BPAT,45.6121677901165,-121.21496954839368,TDALESPH_2_G16GNODE
BPAT,45.61207932238038,-121.21494985848845,TDALESPH_2_G17GNODE
BPAT,45.61199010079069,-121.21496053274184,TDALESPH_2_G18GNODE
BPAT,45.61190497186076,-121.21500018373936,TDALESPH_2_G19GNODE
BPAT,45.61182820047001,-121.21506604290299,TDALESPH_2_G20GNODE
BPAT,45.61176333239307,-121.21515426394785,TDALESPH_2_G21GNODE
BPAT,45.61171311269979,-121.21526022714856,TDALESPH_2_G22GNODE
BPAT,45.611679452480075,-121.21537883070577,TDALL_BP_LNODERV1
BPAT,45.61166343605454,-121.21550475926577,TDALL_BP_LNODESBR
BPAT,45.61166536093828,-121.2156327228166,TDALL_BP_LNODESCO
BPAT,45.61168480320676,-121.21575766181097,TDALL_BP_LNODEUD1
BPAT,45.61172070148121,-121.21587491650362,TDALL_BP_LNODEUD2
CA,35.018589,-118.97953666,TECUYA_6_N001
CA,37.79,-121.3666,TEICHERT_1_N001
CA,35.019534,-118.95477966,TEJON_6_N001
AVA,47.2283,-117.085966,TEKOA_1_TEKOALNODE
CA,32.6379177816674,-117.0160766,TELECYN_1_N001
CA,32.63783710915427,-117.0160146900743,TELECYN_1_N006
CA,32.63783710915427,-117.01612530992571,TELECYN_1_N014
CA,35.382795999987465,-119.69634883811834,TEMBLOR_1_N003
CA,35.382795999987465,-119.69645916188169,TEMBLOR_1_N004
SRP,33.42871699998846,-111.9449792622741,TEMPE_SR_LNODELD2
SRP,33.42871699998846,-111.94508673772593,TEMPE_SR_LNODELD3
CA,35.557,-120.682666,TEMPLE21_7_N002
CA,35.554496,-120.67999666,TEMPLETN_2_N008
NV,36.19952772094669,-115.25195466,TENAYA_LNODE-1
NV,36.19944713951282,-115.25189634738028,TENAYA_LNODE-2
NV,36.19944713951282,-115.25201165261974,TENAYA_LNODE-3
SRP,33.32064599998851,-111.77479636993517,TENNE_SR_LNODELD2
SRP,33.32064599998851,-111.77490363006481,TENNE_SR_LNODELD3
CA,34.03,-116.5366,TERAWND_1_N001
CA,38.116464,-121.42200766,TERMNOUS_6_N001
AVA,46.7416,-117.143666,TERRE_VW_1_1LNODE
IPCO,42.86782,-112.42027766,TERY_LNODE133
CA,37.714254,-121.56457166,TESLA_1_N027
IPCO,43.923161,-116.99545966,TESR_GNODEESR
CA,37.73,-121.9366,TESSUB_2_N001
CA,35.319191999987495,-119.12859784623319,TEVIS_1_N001
CA,35.319191999987495,-119.12870815376682,TEVIS_1_N003
CA,35.36999999998748,-119.4799448397684,TEXSUN1G_7_B2
CA,35.36999999998748,-119.48005516023167,TEXSUN1G_7_N001
CA,35.3599999999875,-119.47994484104835,TEXSUN2G_7_B2
CA,35.3599999999875,-119.48005515895167,TEXSUN2G_7_N001
APS,32.70909059833271,-114.63274851591441,TE_LNODER4A
APS,32.70891140157729,-114.6327485161283,TE_LNODER6A
APS,32.70891140157729,-114.63296148387171,TE_LNODER7A
APS,32.70909059833271,-114.63296148408558,TE_LNODER9A
NWMT,47.59748599998058,-115.35821408360013,TFALLS_C_LNODENWE
NWMT,47.59748599998058,-115.3583479163999,TFALLS_C_LNODEREA
IPCO,42.58925699998385,-114.35633217704574,TFPR_GNODE001
IPCO,42.58925699998385,-114.35645382295426,TFPR_GNODE012
IPCO,42.571113,-114.47080366,TFSN_LNODE133
PGE,45.43057999998226,-122.77704320169026,TGRD_LNODEWR1
PGE,45.43057999998226,-122.77717079830987,TGRD_LNODEWR2
BPAT,46.276857,-119.28904666,THAYE_BP_LNODE115
BPAT,45.530759,-123.12431466,THCHJ_BP_LNODEFMR
NV,38.62042799998592,-118.54602849212179,THORNE_LNODE51
NV,38.62042799998592,-118.54614350787821,THORNE_LNODE52
CA,33.833699,-116.52464266,THORNHIL_1_N001
NWMT,45.947223,-111.59429166,THREE_RV_LNODEALD
NWMT,45.878463000000004,-111.55425266,THRE_FKS_LNODEK1H
BPAT,44.06349723,-122.929093666,THURS_BP_LNODEXF1
PSE,47.047777999980866,-122.89910064157311,THU_LNODEXF1
PSE,47.047777999980866,-122.89923335842688,THU_LNODEXF2
APS,32.926865,-112.72515566,THY_LNODER4A
APS,32.668962,-114.63251166,TH_LNODE10A
APS,32.6689619999552,-114.63240453961491,TH_LNODE12A
APS,32.668872381249834,-114.63240453972169,TH_LNODE13A
APS,32.66880901129722,-114.63247981852852,TH_LNODE14A
APS,32.66879385657901,-114.63258474553858,TH_LNODER1A
APS,32.66882489615904,-114.6326846163645,TH_LNODER2A
APS,32.668890256776166,-114.63275745369468,TH_LNODER4A
APS,32.6689749542227,-114.63279224703706,TH_LNODER5A
APS,32.6690644390834,-114.63278643080558,TH_LNODER9A
NV,37.886097,-116.77918866,TIADS_LNODE01
TPWR,47.27572,-122.3958166,TIDEFLAT_MOBILELNODE
CA,38.01989465330933,-122.06150068264388,TIDEWATR_2_N001
CA,38.02007534657929,-122.06150068292666,TIDEWATR_2_N014
BPAT,45.458092,-123.82910266,TILLA_BP_LNODEIDE
PSE,47.126667,-122.54611166,TIL_LNODEXF2
BPAT,45.76032,-123.29603566,TIMBER_LNODE115
PGE,45.49407372009448,-122.8203266,TKTX_LNODEWR1
PGE,45.49399313993355,-122.82025363191742,TKTX_LNODEWR2
PGE,45.49399313993355,-122.82038636808258,TKTX_LNODEWR3
APS,33.63628,-111.86483266,TK_LNODE10A
APS,33.63627999995311,-111.86472406724408,TK_LNODE12A
APS,33.63620217751986,-111.86477803367086,TK_LNODE13A
APS,33.63620217751986,-111.86488596632927,TK_LNODE14A
APS,33.63627999995311,-111.86493993275593,TK_LNODER1A
APS,33.63635782245665,-111.86488596642674,TK_LNODER4A
APS,33.63635782245665,-111.86477803357327,TK_LNODER6A
NV,40.748758,-116.49769966,TLAZYS_LNODE43
CA,36.003703,-119.94880266,TLRELKE_6_N001
PGE,45.37130699998229,-122.78517625715048,TLTN_LNODEWR1
PGE,45.37130699998229,-122.78530374284955,TLTN_LNODEWR2
APS,32.762485,-111.62009466,TLT_LNODER1A
APS,32.762484999954935,-111.61998747979106,TLT_LNODER2A
APS,32.7623954249074,-111.62009466,TLT_LNODER4A
APS,32.762484999954935,-111.62020052020894,TLT_LNODER5A
APS,32.762574575092586,-111.62009466,TLT_LNODER6A
APS,32.625318,-111.79474666,TL_LNODELSX
IPCO,44.949547,-116.38246366,TMRK_LNODEMRK
IPCO,43.636782,-116.43424466,TNML_LNODE131
PSE,48.833172,-122.44287166,TNM_LNODEXF1
PSE,47.501111,-121.80194466,TNR_LNODE1
BANC,40.79747999998468,-122.76270026920838,TNY_7_UNIT1GNODE
BANC,40.79747999998468,-122.76281973079162,TNY_7_UNIT2GNODE
APS,33.49410299998834,-112.91551519287887,TN_LNODER1A
APS,33.49410299998834,-112.91562280712121,TN_LNODER3A
CA,38.05521,-122.76091466,TOCALOMA_6_N001
NWMT,46.292152,-109.15153466,TODD_LNODEOAD
SRP,33.49280999998842,-112.29485719427825,TOLBY_SR_LNODELD1
SRP,33.49280999998842,-112.29496480572176,TOLBY_SR_LNODELD2
BPAT,44.62114699998256,-123.92246069677935,TOLEDO_LNODEPWR
BPAT,44.62114699998256,-123.92258730322065,TOLEDO_LNODERV1
NV,36.0024229999873,-115.12894465668985,TOLSON_LNODE-3
NV,36.0024229999873,-115.12905534331017,TOLSON_LNODE-4
PSE,47.6475,-121.90694466,TOL_LNODEXF1
LADWP,34.175740310821865,-118.36069083905292,TOL_SUB_LNODEONA
LADWP,34.1755596890815,-118.36069083928659,TOL_SUB_LNODEONB
LADWP,34.1755596890815,-118.36090916071343,TOL_SUB_LNODEONC
LADWP,34.175740310821865,-118.36090916094707,TOL_SUB_LNODEOND
PNM,34.690969,-106.68512866,TOME_1_RIODELOROPVGNODE
PNM,34.611429,-106.73225966,TOME_1_VEFGTGNODE
NV,36.056295999987306,-115.27654062475582,TOMSIK_LNODE-2
NV,36.056295999987306,-115.27665137524417,TOMSIK_LNODE-3
NV,36.203322721246735,-115.19740366,TONOPAH_LNODE-1
NV,36.20324213936275,-115.19734534426321,TONOPAH_LNODE-2
NV,36.20324213936275,-115.19746065573679,TONOPAH_LNODE-3
CA,35.351278,-120.05071366,TOPAZC1_7_N021
CA,32.89877953728695,-117.23987836114814,TOREYPNS_6_N001
CA,32.89860046262259,-117.23987836136372,TOREYPNS_6_N007
CA,32.89860046262259,-117.24009163863627,TOREYPNS_6_N008
CA,32.89877953728695,-117.2400916388519,TOREYPNS_6_N009
CA,34.874546999987565,-117.06463593658151,TORTILLA_1_N001
CA,34.874546999987565,-117.06474606341848,TORTILLA_1_N007
NWMT,46.18083899998162,-111.43526912078438,TOSTON_LNODEMPC
NWMT,46.18083899998162,-111.43539887921564,TOSTON_LNODEREA
CA,34.921148,-118.41353766,TOT108_2_N006
CA,34.00672,-117.94319266,TOT135G1_7_N001
CA,34.00671999995209,-117.94308320462522,TOT135G2_7_N001
CA,34.00662981168256,-117.94319266,TOT135G3_7_N001
CA,34.00671999995209,-117.94330079537478,TOT135G4_7_N001
CA,34.00681018831736,-117.94319266,TOT135G5_7_N001
CA,34.891462,-118.43257966,TOT148A_7_N001
CA,35.00916299998758,-118.29223589781499,TOT162E3_7_N007
CA,35.00916299998758,-118.29234610218502,TOT162W4_7_N001
CA,35.558399,-118.23707966,TOT179A_7_N001
CA,35.555363,-115.4592166,TOT210S1_7_N002
CA,34.703767,-118.301866,TOT427A_7_N001
PSE,47.710556,-122.16361166,TOT_LNODEXF2
SRP,33.448563,-111.95965866,TOVRE_SR_LNODELD4
NWMT,46.328147,-111.51800366,TOWNSEND_LNODEK1L
APS,33.428716,-111.94504966,TP_LNODE10A
APS,33.42871599995365,-111.94494152455026,TP_LNODE12A
APS,33.42862630396723,-111.94494152466136,TP_LNODE13A
APS,33.42856287936939,-111.94501752122511,TP_LNODE14A
APS,33.428547711582354,-111.94512344867371,TP_LNODE18A
APS,33.4285787779257,-111.94522427173112,TP_LNODE20A
APS,33.42864419490245,-111.94529780354334,TP_LNODE21A
APS,33.428728965383854,-111.94533292863606,TP_LNODE22A
CA,33.5630767991568,-117.67324523376014,TRABUCO_1_N001
CA,33.562897200749894,-117.67324523398426,TRABUCO_1_N005
CA,33.562897200749894,-117.67346076601575,TRABUCO_1_N009
CA,33.5630767991568,-117.67346076623987,TRABUCO_1_N013
CA,37.748395999944734,-121.41564562794373,TRACY_1_N001
CA,37.748305565247314,-121.4157666,TRACY_1_N002
CA,37.748395999944734,-121.41587437205628,TRACY_1_N007
CA,37.74848643475262,-121.4157666,TRACY_1_N101
NV,39.563934,-119.52269666,TRACY_GNODE 3
NV,39.56393399994211,-119.5225797661191,TRACY_GNODE 4
NV,39.56385639859758,-119.5226378831246,TRACY_GNODE 5
NV,39.56385639859758,-119.52275411687543,TRACY_LNODE77
NV,39.56393399994211,-119.52281223388097,TRACY_LNODE78
NV,39.56401160137338,-119.52275411700549,TRACY_LNODEU2
NV,39.56401160137338,-119.52263788299453,TRACY_LNODEU3
BPAT,44.27254,-122.0502866,TRAILBRG_1_G01GNODE
CA,33.9,-116.766,TRANWND_1_N001
BPAT,45.415683,-123.79856366,TRASK_BP_LNODE115
SRP,33.18115,-111.06166,TRASK_SR_LNODELD2
PSE,47.613333,-122.65027866,TRA_LNODEXF2
NWMT,47.553917,-111.28257866,TREAS_ST_LNODEOAD
BPAT,48.70776671829366,-114.85830166,TREGO_BP_LNODEEKA
BPAT,48.707686140831655,-114.85823050243242,TREGO_BP_LNODELN1
BPAT,48.707686140831655,-114.85837149756766,TREGO_BP_LNODELN2
BPAT,47.68784199998052,-117.20468802013022,TRENI_BP_LNODEIPL
BPAT,47.68784199998052,-117.20482197986979,TRENT_BP_LNODERV3
SRP,33.419257326630934,-112.18848827203466,TRESR_SR_LNODELD2
SRP,33.419257326630934,-112.18859572796535,TRESR_SR_LNODELD3
CA,39.486707,-121.68799366,TRESVIS_6_N001
NV,39.55760460311376,-119.51520978086725,TRI CNTR_GNODE 3
NV,39.55742539677046,-119.51520978116751,TRI CNTR_GNODE 4
NV,39.55742539677046,-119.51544221883249,TRI CNTR_GNODE 5
NV,39.55760460311376,-119.51544221913275,TRI CNTR_GNODE 6
NWMT,45.946605,-111.47608766,TRID_PLT_LNODEOAD
CA,37.42009036798162,-121.7298862152428,TRIMBLE_1_N004
CA,37.41990963190925,-121.72988621551741,TRIMBLE_1_N010
CA,37.41990963190925,-121.73011378448267,TRIMBLE_1_N016
CA,37.42009036798162,-121.73011378475722,TRIMBLE_1_N020
CA,41.064242,-124.12836766,TRINIDAD_6_N001
SRP,33.292329,-111.58409666,TRI_GAS_LNODELD1
PGE,46.07956299998172,-122.91113530035126,TRJN_LNODEVR4
PGE,46.07956299998172,-122.91126469964874,TRJN_LNODEVR5
PGE,44.856163,-122.95497966,TRNR_LNODEWR1
BPAT,45.558874,-122.4042366,TRODL_BP_LNODESS2
NV,40.968911,-116.35567166,TROLLEY_LNODE53
NV,36.26843172878589,-115.13092466,TROPICAL_LNODE-1
NV,36.26835113559321,-115.13086628813039,TROPICAL_LNODE-2
NV,36.26835113559321,-115.13098171186962,TROPICAL_LNODE-3
BPAT,48.44194458689762,-115.87026395347081,TROY_1_G01GNODE
BPAT,48.441765412944484,-115.8702639539472,TROY_BP_LNODEITY
BPAT,48.441765412944484,-115.87053404605282,TROY_BP_LNODERCO
BPAT,48.44194458689762,-115.8705340465292,TROY_BP_LNODETS1
NV,39.330431720184855,-120.18119566,TRUCKEE_LNODE02
NV,39.33035113989209,-120.18113485420919,TRUCKEE_LNODE03
NV,39.33035113989209,-120.18125514579084,TRUCKEE_LNODE49
NV,36.160088999987224,-115.15203455387194,TRUMAN_LNODE-1
NV,36.160088999987224,-115.15214544612806,TRUMAN_LNODE-2
PGE,46.14962999998167,-118.02605517677446,TRW1_2_GNODE1
PGE,46.14962999998167,-118.02618482322553,TRW1_2_GNODE2
NV,39.464449,-119.56991166,TRWPLNT_LNODE08
SRP,33.39624899998843,-111.73912829560466,TRYON_SR_LNODELD2
SRP,33.39624899998843,-111.73923570439666,TRYON_SR_LNODELD3
BANC,37.79698,-121.5854266,TRY_LNODENE1
NV,41.465796,-116.15033566,TSCARORA_GNODEIT
IPCO,42.743873776009664,-114.84081766,TSPO_GNODE001
IPCO,42.74379311197768,-114.84075358545537,TSPO_GNODE002
IPCO,42.74379311197768,-114.84088041454464,TSPO_GNODE003
APS,33.467189999988356,-112.49838422178918,TTH_LNODER1A
APS,33.467189999988356,-112.49849177821082,TTH_LNODER4A
APS,34.23979834824366,-111.33466471078863,TT_LNODE12A
APS,34.23961765165942,-111.33466471102322,TT_LNODE14A
APS,34.23961765165942,-111.33488328897678,TT_LNODER1A
APS,34.23979834824366,-111.33488328921136,TT_LNODER4A
TEPC,32.23014297432158,-110.97591966,TUCSON_LNODEDIST1
TEPC,32.23006201282688,-110.97586374241628,TUCSON_LNODEDIST2
TEPC,32.23006201282688,-110.97597425758374,TUCSON_LNODEIST47
CA,38.982071,-121.63520566,TUDOR_6_N001
CA,38.247946,-122.26822866,TULUCAY_6_N001
BPAT,44.72577001276977,-122.18813366,TUMBC_BP_LNODEDGE
BPAT,44.7256889935962,-122.18806716258666,TUMBC_BP_LNODELEY
BPAT,44.7256889935962,-122.18819883741335,TUMBC_BP_LNODENHA
CA,35.354039,-119.27063866,TUPMAN_1_N101
CA,35.354634,-119.2943866,TUPMAN_1_N102
TIDC,37.61203989584062,-120.59457798638947,TURLLAKE_7_UNIT1GNODE
TIDC,37.61195850875332,-120.59451866918964,TURLLAKE_7_UNIT2GNODE
TIDC,37.61195850875332,-120.59463730358918,TURLLAKE_7_UNIT3GNODE
NWMT,47.605033,-112.09674466,TURNBULL_6_TRNBGNODE
AVA,46.741799999981104,-117.17163410738719,TURNER_1_1LNODE
AVA,46.741799999981104,-117.17176589261284,TURNER_1_2LNODE
SRP,33.24538595000206,-111.83294899541836,TURPE_SR_LNODELD2
APS,33.6278728160575,-112.10029304332647,TU_LNODE10A
APS,33.627794999953146,-112.10023908675042,TU_LNODE13A
APS,33.6277171839191,-112.10029304342396,TU_LNODE14A
APS,33.6277171839191,-112.10040095657605,TU_LNODER1A
APS,33.627794999953146,-112.10045491324959,TU_LNODER4A
APS,33.6278728160575,-112.10040095667352,TU_LNODER6A
CA,36.770622,-119.39323366,TVYVLLY_6_N001
SRP,33.276317,-111.83468666,TWEED_SR_LNODELD3
PSE,47.4425,-121.68888966,TWF_GNODEGEN
CA,34.90309999998757,-118.25145507283625,TWILGHTL_7_N001
CA,35.688585,-119.68995166,TWISSLMN_6_N005
PGE,45.26965776069402,-122.67640766,TWLT_LNODEBR1
PGE,45.26957711963386,-122.67634084487426,TWLT_LNODEBT1
PGE,45.26957711963386,-122.67647315512579,TWLT_LNODEBT2
PGE,45.4328879999822,-122.57701619943893,TWNC_LNODEWR1
PGE,45.4328879999822,-122.57714380056106,TWNC_LNODEWR2
NWMT,45.544243,-112.31506966,TWN_BDGS_LNODEOAD
NWMT,46.450328,-110.08866,TWODOTWD_1_TWDWGNODE
BPAT,43.057831,-124.40053166,TWOMI_BP_LNODEBAN
NWMT,46.426083,-110.07249466,TWO_DOT_LNODEOAD
APS,33.452642,-112.03219666,TW_LNODE10A
APS,33.452641999953585,-112.03208847443767,TW_LNODE12A
APS,33.45255228688855,-112.0320884745489,TW_LNODE13A
APS,33.45248885021431,-112.03216450654757,TW_LNODE14A
APS,33.45247367953922,-112.03227048338675,TW_LNODE17A
APS,33.452504751797726,-112.03237135345479,TW_LNODE18A
APS,33.452570181230065,-112.03244491955277,TW_LNODE20A
APS,33.452654967852204,-112.03248006102356,TW_LNODE21A
APS,33.45274454693239,-112.03247418660716,TW_LNODE22A
APS,33.45282660762084,-112.03243073225127,TW_LNODER9A
PSE,48.471388999980235,-122.54993244680247,TXE_LNODEXF1
PSE,48.471388999980235,-122.55006755319755,TXE_LNODEXF2
CA,35.194167,-119.57055666,TXMIDST_7_N001
CA,35.37695301426363,-119.07791367489159,TXROSDL_1_N001
CA,35.37695301426363,-119.07802832510842,TXROSDL_1_N002
PSE,48.47035557434388,-122.56298844784996,TXW_GNODEGEN1
PSE,48.470277999920974,-122.56292089590633,TXW_GNODEGEN2
PSE,48.470200425616675,-122.56298844805643,TXW_GNODEGEN3
PSE,48.470200425616675,-122.56312355194356,TXW_GNODEGEN4
PSE,48.470277999920974,-122.56319110409366,TXW_LNODEXF1
PSE,48.47035557434388,-122.56312355215016,TXW_LNODEXF2
BPAT,47.14946,-122.50601566,TYEEB_BP_LNODEYEE
BPAT,45.214976,-121.09066766,TYGHV_BP_LNODEFMR
CA,40.138392982499205,-122.20848578836896,TYLER_6_N001
CA,40.138392982499205,-122.20860821163107,TYLER_6_N002
NWMT,47.59375215053741,-115.36032866,T_FALLS_7_TMP1GNODE
NWMT,47.59367092471029,-115.36025846136307,T_FALLS_7_TMP2GNODE
NWMT,47.59367092471029,-115.36039753863693,T_FALLS_7_TMP3GNODE
NWMT,47.59351415064202,-115.35985866,T_FALLS_7_TMP4GNODE
NWMT,47.59343292465796,-115.35978846154566,T_FALLS_7_TMP5GNODE
NWMT,47.59343292465796,-115.35992753845566,T_FALLS_7_TMP6GNODE
NWMT,47.593186,-115.35817966,T_FALLS_7_TMP7GNODE
CA,37.66,-122.3866,UALCOGN_1_N001
TEPC,32.07047730946404,-110.81323977364016,UATP_7_UOFA_TECH_PKGNODE
BANC,38.550453,-121.44959166,UCD_GNODEPL
CA,32.88368472395273,-117.22242466,UCM_6_N001
CA,32.88360413801135,-117.22236859671558,UCM_6_N002
CA,32.88360413801135,-117.22247940328445,UCM_6_N006
CA,32.882113,-117.22301966,UCM_6_N110
PSE,47.678889,-122.06388966,UHL_LNODEXF2
APS,33.653268,-112.0888466,UH_LNODE10A
APS,33.65326799995306,-112.08873202804676,UH_LNODE14A
APS,33.65319016461795,-112.08878601407227,UH_LNODE17A
APS,33.65319016461795,-112.08889398592787,UH_LNODE20A
APS,33.65326799995306,-112.08894797195326,UH_LNODE21A
APS,33.653345835358586,-112.08889398602544,UH_LNODE22A
APS,33.653345835358586,-112.08878601397457,UH_LNODER9A
CA,39.142823455087914,-123.19204845611493,UKIAH_1_N001
CA,39.14300254479826,-123.19204845640867,UKIAH_1_N005
BPAT,45.133767,-118.93285366,UKIAH_CO_LNODEIAH
NWMT,47.433056,-111.51130966,ULM_L_LNODEOAD
CA,36.66,-119.6366,ULTPWRJ_1_N001
CA,35.741389,-119.05111166,ULTRAOGL_7_N001
CA,38.904167,-121.30972266,ULTRRCK_7_N001
IPCO,42.864523,-114.88487866,UMPR_GNODE001
BPAT,45.743111,-121.5434966,UNDER_BP_LNODE115
SRP,33.37658033879401,-112.08448736927309,UNIFI_SR_LNODELD3
SRP,33.376759661113525,-112.08448736949445,UNIFI_SR_LNODELD4
CA,38.019722,-122.23583366,UNIONCH_7_B1
BPAT,46.55899999998126,-120.48993442707787,UNIONRDG_LNODEDGE
TPWR,47.24501042364188,-122.48881680155827,UNIONTP_FDR1LNODE
TPWR,47.244829576203756,-122.48881680201293,UNIONTP_FDR2LNODE
TPWR,47.244829576203756,-122.48908319798707,UNIONTP_FDR3LNODE
TPWR,47.24501042364188,-122.48908319844186,UNIONTP_FDR4LNODE
BPAT,46.55899999998126,-120.49006557292216,UNION_BP_LNODEINS
SCL,47.607202,-122.3396866,UNION_SC_LNODE316
SCL,47.607201999922154,-122.33954615303176,UNION_SC_LNODE317
SCL,47.60711175901665,-122.3395461532627,UNION_SC_LNODE318
SCL,47.607047949131626,-122.33964079724616,UNION_SC_LNODE319
SCL,47.6070326891853,-122.33977271620965,UNION_SC_LNODE320
SCL,47.607063944194145,-122.33989827836076,UNION_SC_LNODE321
SCL,47.60712975850641,-122.33998985291616,UNION_SC_LNODE322
SCL,47.607215043933,-122.34003359694722,UNION_SC_LNODE323
SCL,47.6073051500743,-122.34002628475835,UNION_SC_LNODE324
SCL,47.607387693639325,-122.33997219326227,UNION_SC_LNODE325
SCL,47.607453360099605,-122.33988038493247,UNION_SC_LNODE326
SCL,47.60749608286479,-122.33976248770989,UNION_SC_LNODE327
SCL,47.607512851042294,-122.33963097097775,UNION_SC_LNODE328
SCL,47.60750330856761,-122.3394978736653,UNION_SC_LNODE329
SCL,47.607469252317344,-122.33937392355716,UNION_SC_LNODE330
SCL,47.607414100328526,-122.33926798265783,UNION_SC_LNODE331
SCL,47.60734237625517,-122.33918675564895,UNION_SC_LNODE332
SCL,47.60725923872926,-122.3391347038241,UNION_SC_LNODE333
SCL,47.607170071985614,-122.33911411362497,UNION_SC_LNODE334
SCL,47.607080145443604,-122.33912527605287,UNION_SC_LNODE335
SCL,47.606994343908546,-122.33916674023534,UNION_SC_LNODE336
SCL,47.606916965954184,-122.33923561098318,UNION_SC_LNODE337
SCL,47.60685158536633,-122.33932786612523,UNION_SC_LNODE338
SCL,47.606800968899265,-122.33943867468906,UNION_SC_LNODE339
TPWR,47.241310424435184,-122.53613680969228,UNIVER_FDR1LNODE
TPWR,47.241129575410426,-122.53613681014691,UNIVER_FDR2LNODE
TPWR,47.241129575410426,-122.53640318985309,UNIVER_FDR3LNODE
TPWR,47.241310424435184,-122.53640319030775,UNIVER_FDR4LNODE
BPAT,44.04888301,-123.073985866,UNIVE_BP_LNODEXF2
SRP,33.42163099998848,-111.86118326961572,UNIVRSTY_LNODELD1
SRP,33.42163099998848,-111.86129073038428,UNIVRSTY_LNODELD2
